=== Thu Jun 18 00:40:05 UTC 2026 | START model_5999.pt | 25000 steps ===
[INFO]: Parsing configuration from: Ankybot_v2.tasks.manager_based.ankybot_v2.ankybot_v2_env_cfg:AnkybotV2EnvCfg_PLAY
[INFO]: Parsing configuration from: Ankybot_v2.tasks.manager_based.ankybot_v2.agents.rsl_rl_ppo_cfg:PPORunnerCfg
[2026-06-18 00:40:12,783][isaaclab.app.app_launcher][INFO] - Using device: cuda:0
[2026-06-18 00:40:12,784][isaaclab.app.app_launcher][INFO] - Loading experience file: /workspace/isaaclab/apps/isaaclab.python.rendering.kit
[2026-06-18 00:40:13,576][asyncio][DEBUG] - Using selector: EpollSelector
WARNING: All log messages before absl::InitializeLog() is called are written to STDERR
E0000 00:00:1781743213.614588  204927 descriptor_database.cc:633] File already exists in database: grpc/health/v1/health.proto
W0000 00:00:1781743213.614626  204927 message.cc:301] Protobuf GeneratedMessageFactory: File is already registered: grpc/health/v1/health.proto
[2026-06-18 00:40:23,334][trimesh.util][DEBUG] - falling back to hashlib hashing: `pip install xxhash`for 50x faster cache checks
[2026-06-18 00:40:25,811][AutoNode][DEBUG] - Defining data type 'any' as 'Any'
[2026-06-18 00:40:25,811][AutoNode][DEBUG] - Defining data type 'bool' as 'Bool' and array 'BoolArray
[2026-06-18 00:40:25,811][AutoNode][DEBUG] - Defining data type 'bundle' as 'Bundle'
[2026-06-18 00:40:25,811][AutoNode][DEBUG] - Defining data type 'colord[3]' as 'Color3d' and array 'Color3dArray
[2026-06-18 00:40:25,812][AutoNode][DEBUG] - Defining data type 'colorf[3]' as 'Color3f' and array 'Color3fArray
[2026-06-18 00:40:25,812][AutoNode][DEBUG] - Defining data type 'colorh[3]' as 'Color3h' and array 'Color3hArray
[2026-06-18 00:40:25,812][AutoNode][DEBUG] - Defining data type 'colord[4]' as 'Color4d' and array 'Color4dArray
[2026-06-18 00:40:25,812][AutoNode][DEBUG] - Defining data type 'colorf[4]' as 'Color4f' and array 'Color4fArray
[2026-06-18 00:40:25,812][AutoNode][DEBUG] - Defining data type 'colorh[4]' as 'Color4h' and array 'Color4hArray
[2026-06-18 00:40:25,812][AutoNode][DEBUG] - Defining data type 'double' as 'Double' and array 'DoubleArray
[2026-06-18 00:40:25,812][AutoNode][DEBUG] - Defining data type 'double[2]' as 'Double2' and array 'Double2Array
[2026-06-18 00:40:25,813][AutoNode][DEBUG] - Defining data type 'double[3]' as 'Double3' and array 'Double3Array
[2026-06-18 00:40:25,813][AutoNode][DEBUG] - Defining data type 'double[4]' as 'Double4' and array 'Double4Array
[2026-06-18 00:40:25,813][AutoNode][DEBUG] - Defining data type 'execution' as 'Execution'
[2026-06-18 00:40:25,813][AutoNode][DEBUG] - Defining data type 'float' as 'Float' and array 'FloatArray
[2026-06-18 00:40:25,813][AutoNode][DEBUG] - Defining data type 'float[2]' as 'Float2' and array 'Float2Array
[2026-06-18 00:40:25,813][AutoNode][DEBUG] - Defining data type 'float[3]' as 'Float3' and array 'Float3Array
[2026-06-18 00:40:25,813][AutoNode][DEBUG] - Defining data type 'float[4]' as 'Float4' and array 'Float4Array
[2026-06-18 00:40:25,813][AutoNode][DEBUG] - Defining data type 'frame[4]' as 'Frame' and array 'FrameArray
[2026-06-18 00:40:25,814][AutoNode][DEBUG] - Defining data type 'half' as 'Half' and array 'HalfArray
[2026-06-18 00:40:25,864][AutoNode][DEBUG] - Defining data type 'half[2]' as 'Half2' and array 'Half2Array
[2026-06-18 00:40:25,865][AutoNode][DEBUG] - Defining data type 'half[3]' as 'Half3' and array 'Half3Array
[2026-06-18 00:40:25,865][AutoNode][DEBUG] - Defining data type 'half[4]' as 'Half4' and array 'Half4Array
[2026-06-18 00:40:25,865][AutoNode][DEBUG] - Defining data type 'int' as 'Int' and array 'IntArray
[2026-06-18 00:40:25,865][AutoNode][DEBUG] - Defining data type 'int[2]' as 'Int2' and array 'Int2Array
[2026-06-18 00:40:25,865][AutoNode][DEBUG] - Defining data type 'int[3]' as 'Int3' and array 'Int3Array
[2026-06-18 00:40:25,865][AutoNode][DEBUG] - Defining data type 'int[4]' as 'Int4' and array 'Int4Array
[2026-06-18 00:40:25,865][AutoNode][DEBUG] - Defining data type 'int64' as 'Int64' and array 'Int64Array
[2026-06-18 00:40:25,865][AutoNode][DEBUG] - Defining data type 'matrixd[2]' as 'Matrix2d' and array 'Matrix2dArray
[2026-06-18 00:40:25,866][AutoNode][DEBUG] - Defining data type 'matrixd[3]' as 'Matrix3d' and array 'Matrix3dArray
[2026-06-18 00:40:25,866][AutoNode][DEBUG] - Defining data type 'matrixd[4]' as 'Matrix4d' and array 'Matrix4dArray
[2026-06-18 00:40:25,866][AutoNode][DEBUG] - Defining data type 'normald[3]' as 'Normal3d' and array 'Normal3dArray
[2026-06-18 00:40:25,866][AutoNode][DEBUG] - Defining data type 'normalf[3]' as 'Normal3f' and array 'Normal3fArray
[2026-06-18 00:40:25,866][AutoNode][DEBUG] - Defining data type 'normalh[3]' as 'Normal3h' and array 'Normal3hArray
[2026-06-18 00:40:25,866][AutoNode][DEBUG] - Defining data type 'objectId' as 'ObjectId' and array 'ObjectIdArray
[2026-06-18 00:40:25,866][AutoNode][DEBUG] - Defining data type 'path' as 'Path'
[2026-06-18 00:40:25,866][AutoNode][DEBUG] - Defining data type 'pointd[3]' as 'Point3d' and array 'Point3dArray
[2026-06-18 00:40:25,867][AutoNode][DEBUG] - Defining data type 'pointf[3]' as 'Point3f' and array 'Point3fArray
[2026-06-18 00:40:25,867][AutoNode][DEBUG] - Defining data type 'pointh[3]' as 'Point3h' and array 'Point3hArray
[2026-06-18 00:40:25,867][AutoNode][DEBUG] - Defining data type 'quatd[4]' as 'Quatd' and array 'QuatdArray
[2026-06-18 00:40:25,867][AutoNode][DEBUG] - Defining data type 'quatf[4]' as 'Quatf' and array 'QuatfArray
[2026-06-18 00:40:25,867][AutoNode][DEBUG] - Defining data type 'quath[4]' as 'Quath' and array 'QuathArray
[2026-06-18 00:40:25,867][AutoNode][DEBUG] - Defining data type 'string' as 'String'
[2026-06-18 00:40:25,867][AutoNode][DEBUG] - Defining data type 'target' as 'Target'
[2026-06-18 00:40:25,867][AutoNode][DEBUG] - Defining data type 'texcoordd[2]' as 'TexCoord2d' and array 'TexCoord2dArray
[2026-06-18 00:40:25,868][AutoNode][DEBUG] - Defining data type 'texcoordf[2]' as 'TexCoord2f' and array 'TexCoord2fArray
[2026-06-18 00:40:25,868][AutoNode][DEBUG] - Defining data type 'texcoordh[2]' as 'TexCoord2h' and array 'TexCoord2hArray
[2026-06-18 00:40:25,868][AutoNode][DEBUG] - Defining data type 'texcoordd[3]' as 'TexCoord3d' and array 'TexCoord3dArray
[2026-06-18 00:40:25,868][AutoNode][DEBUG] - Defining data type 'texcoordf[3]' as 'TexCoord3f' and array 'TexCoord3fArray
[2026-06-18 00:40:25,868][AutoNode][DEBUG] - Defining data type 'texcoordh[3]' as 'TexCoord3h' and array 'TexCoord3hArray
[2026-06-18 00:40:25,868][AutoNode][DEBUG] - Defining data type 'timecode' as 'Timecode' and array 'TimecodeArray
[2026-06-18 00:40:25,868][AutoNode][DEBUG] - Defining data type 'token' as 'Token' and array 'TokenArray
[2026-06-18 00:40:25,868][AutoNode][DEBUG] - Defining data type 'uchar' as 'UChar' and array 'UCharArray
[2026-06-18 00:40:25,869][AutoNode][DEBUG] - Defining data type 'uint' as 'UInt' and array 'UIntArray
[2026-06-18 00:40:25,869][AutoNode][DEBUG] - Defining data type 'uint64' as 'UInt64' and array 'UInt64Array
[2026-06-18 00:40:25,869][AutoNode][DEBUG] - Defining data type 'vectord[3]' as 'Vector3d' and array 'Vector3dArray
[2026-06-18 00:40:25,869][AutoNode][DEBUG] - Defining data type 'vectorf[3]' as 'Vector3f' and array 'Vector3fArray
[2026-06-18 00:40:25,869][AutoNode][DEBUG] - Defining data type 'vectorh[3]' as 'Vector3h' and array 'Vector3hArray
Loading user config located at: '/isaac-sim/kit/data/Kit/IsaacLab/3.0/user.config.json'
[Info] [carb] Logging to file: /isaac-sim/kit/logs/Kit/IsaacLab/3.0/kit_20260618_004012.log
2026-06-18T00:40:12Z [6ms] [Warning] [omni.ext.plugin] [ext: isaaclab_visualizers] Extensions config 'extension.toml' doesn't exist '/workspace/isaaclab/source/isaaclab_visualizers' or '/workspace/isaaclab/source/isaaclab_visualizers/config'

|---------------------------------------------------------------------------------------------|
| Driver Version: 580.159.03    | Graphics API: Vulkan
|=============================================================================================|
| GPU | Name                             | Active | LDA | GPU Memory | Vendor-ID | LUID       |
|     |                                  |        |     |            | Device-ID | UUID       |
|     |                                  |        |     |            | Bus-ID    |            |
|---------------------------------------------------------------------------------------------|
| 0   | NVIDIA GeForce RTX 2070          | Yes: 0 |     | 8438    MB | 10de      | 0          |
|     |                                  |        |     |            | 1f14      | a951febe.. |
|     |                                  |        |     |            | 1         |            |
|=============================================================================================|
| OS: 24.04.4 LTS (Noble Numbat) ubuntu, Version: 24.04.4, Kernel: 6.17.0-35-generic
| XServer Vendor: The X.Org Foundation, XServer Version: 12101011 (1.21.1.11)
| Processor: Intel(R) Core(TM) i7-10750H CPU @ 2.60GHz
| Cores: 6 | Logical Cores: 12
|---------------------------------------------------------------------------------------------|
| Total Memory (MB): 31854 | Free Memory: 23815
| Total Page/Swap (MB): 8191 | Free Page/Swap: 0
|---------------------------------------------------------------------------------------------|
2026-06-18T00:40:14Z [1,655ms] [Warning] [gpu.foundation.plugin] CPU performance profile is set to powersave. This profile sets the CPU to the lowest frequency reducing performance.
2026-06-18T00:40:14Z [1,663ms] [Warning] [gpu.foundation.plugin] PCIe link width current (8) and maximum (16) for device 0 don't match.
2026-06-18T00:40:24Z [12,050ms] [Warning] [omni.log] Source: omni.hydra was already registered.
OmniReplicatorNvExtension starting up (ext_id: omni.replicator.nv-1.1.0).
2026-06-18T00:40:26Z [13,379ms] [Warning] [pxr.Semantics] pxr.Semantics is deprecated - please use Semantics instead
2026-06-18T00:40:26Z [13,541ms] [Warning] [omni.replicator.core.scripts.extension] No material configuration file, adding configuration to material settings directly.
2026-06-18T00:40:27Z [14,934ms] [Warning] [omni.usd] Encountered USD Warnings but USD Diagnostics are currently muted. To view USD Warnings, please set the '/persistent/app/usd/muteUsdDiagnostics' setting to false in Preferences page.
2026-06-18T00:40:29Z [16,422ms] [Warning] [omni.kit.window.filepicker.collections.collection_item] Failed to add '/root/Documents': '/root/Documents/' as dupliated path in 'Documents'
[WARNING]: The `policy` configuration is deprecated for rsl-rl >= 4.0.0. Please use, e.g., `actor` and `critic` model configurations instead.
[WARNING]: The `policy` configuration is used to infer the `actor` model configuration.
[WARNING]: The `policy` configuration is used to infer the `critic` model configuration.
[WARNING]: The `distribution_cfg` configuration is now used to specify the output distribution for stochastic policies. Consider updating the configuration to use `distribution_cfg` instead of `stochastic`, `init_noise_std`, `noise_std_type`, and `state_dependent_std` parameters.
[INFO] Loading experiment from directory: /workspace/Ankybot_v2/logs/rsl_rl/ankybot_v2
[2026-06-18 00:40:31,948][isaaclab_physx.physics.physx_manager][WARNING] - TGS solver with enable_external_forces_every_iteration=False may cause noisy velocities.
[INFO]: Base environment:
	Environment device    : cuda:0
	Environment seed      : 42
	Physics step-size     : 0.002
	Rendering step-size   : 0.002
	Environment step-size : 0.01
[2026-06-18 00:40:32,161][isaaclab.envs.manager_based_env][WARNING] - The render interval (1.0) is smaller than the decimation (5). Multiple render calls will happen for each environment step. If this is not intended, set the render interval to be equal to the decimation.
2026-06-18T00:40:31Z [18,182ms] [Warning] [omni.kit.menu.utils.layout] Multiple matching items found for layout "Physics". Found Create, Window. Change <<class 'omni.kit.menu.utils.layout.MenuLayout.SubMenu'> name:Physics> to use specific source. Using "source="Create/Physics""
2026-06-18T00:40:31Z [19,122ms] [Warning] [isaaclab_physx.physics.physx_manager] TGS solver with enable_external_forces_every_iteration=False may cause noisy velocities.
2026-06-18T00:40:32Z [19,335ms] [Warning] [isaaclab.envs.manager_based_env] The render interval (1.0) is smaller than the decimation (5). Multiple render calls will happen for each environment step. If this is not intended, set the render interval to be equal to the decimation.
2026-06-18T00:40:34Z [21,404ms] [Warning] [omni.fabric.plugin] Warning: attribute material:binding not found for path /__Prototype_7606216450749355745/BRHip

2026-06-18T00:40:34Z [22,133ms] [Warning] [isaacsim.core.simulation_manager.impl.simulation_manager] Changing backend from 'numpy' to 'torch' since NumPy cannot be used with GPU piplines
2026-06-18T00:40:35Z [22,510ms] [Warning] [omni.physics.isaacsimready.scripts.variant_switcher] VariantSwitcher: Variant 'physx' not found in variant set 'Physics' on prim '/World/envs/env_104/Robot/FinalURDF_SLDASM'. Available variants: ['None', 'PhysX']
2026-06-18T00:40:35Z [22,510ms] [Warning] [omni.physics.isaacsimready.scripts.variant_switcher] VariantSwitcher: Variant 'physx' not found in variant set 'Physics' on prim '/World/envs/env_119/Robot/FinalURDF_SLDASM'. Available variants: ['None', 'PhysX']
2026-06-18T00:40:35Z [22,510ms] [Warning] [omni.physics.isaacsimready.scripts.variant_switcher] VariantSwitcher: Variant 'physx' not found in variant set 'Physics' on prim '/World/envs/env_42/Robot/FinalURDF_SLDASM'. Available variants: ['None', 'PhysX']
2026-06-18T00:40:35Z [22,510ms] [Warning] [omni.physics.isaacsimready.scripts.variant_switcher] VariantSwitcher: Variant 'physx' not found in variant set 'Physics' on prim '/World/envs/env_27/Robot/FinalURDF_SLDASM'. Available variants: ['None', 'PhysX']
2026-06-18T00:40:35Z [22,510ms] [Warning] [omni.physics.isaacsimready.scripts.variant_switcher] VariantSwitcher: Variant 'physx' not found in variant set 'Physics' on prim '/World/envs/env_36/Robot/FinalURDF_SLDASM'. Available variants: ['None', 'PhysX']
2026-06-18T00:40:35Z [22,510ms] [Warning] [omni.physics.isaacsimready.scripts.variant_switcher] VariantSwitcher: Variant 'physx' not found in variant set 'Physics' on prim '/World/envs/env_1/Robot/FinalURDF_SLDASM'. Available variants: ['None', 'PhysX']
2026-06-18T00:40:35Z [22,510ms] [Warning] [omni.physics.isaacsimready.scripts.variant_switcher] VariantSwitcher: Variant 'physx' not found in variant set 'Physics' on prim '/World/envs/env_39/Robot/FinalURDF_SLDASM'. Available variants: ['None', 'PhysX']
2026-06-18T00:40:35Z [22,510ms] [Warning] [omni.physics.isaacsimready.scripts.variant_switcher] VariantSwitcher: Variant 'physx' not found in variant set 'Physics' on prim '/World/envs/env_40/Robot/FinalURDF_SLDASM'. Available variants: ['None', 'PhysX']
2026-06-18T00:40:35Z [22,510ms] [Warning] [omni.physics.isaacsimready.scripts.variant_switcher] VariantSwitcher: Variant 'physx' not found in variant set 'Physics' on prim '/World/envs/env_64/Robot/FinalURDF_SLDASM'. Available variants: ['None', 'PhysX']
2026-06-18T00:40:35Z [22,510ms] [Warning] [omni.physics.isaacsimready.scripts.variant_switcher] VariantSwitcher: Variant 'physx' not found in variant set 'Physics' on prim '/World/envs/env_84/Robot/FinalURDF_SLDASM'. Available variants: ['None', 'PhysX']
2026-06-18T00:40:35Z [22,510ms] [Warning] [omni.physics.isaacsimready.scripts.variant_switcher] VariantSwitcher: Variant 'physx' not found in variant set 'Physics' on prim '/World/envs/env_93/Robot/FinalURDF_SLDASM'. Available variants: ['None', 'PhysX']
2026-06-18T00:40:35Z [22,510ms] [Warning] [omni.physics.isaacsimready.scripts.variant_switcher] VariantSwitcher: Variant 'physx' not found in variant set 'Physics' on prim '/World/envs/env_113/Robot/FinalURDF_SLDASM'. Available variants: ['None', 'PhysX']
2026-06-18T00:40:35Z [22,510ms] [Warning] [omni.physics.isaacsimready.scripts.variant_switcher] VariantSwitcher: Variant 'physx' not found in variant set 'Physics' on prim '/World/envs/env_58/Robot/FinalURDF_SLDASM'. Available variants: ['None', 'PhysX']
2026-06-18T00:40:35Z [22,511ms] [Warning] [omni.physics.isaacsimready.scripts.variant_switcher] VariantSwitcher: Variant 'physx' not found in variant set 'Physics' on prim '/World/envs/env_61/Robot/FinalURDF_SLDASM'. Available variants: ['None', 'PhysX']
2026-06-18T00:40:35Z [22,511ms] [Warning] [omni.physics.isaacsimready.scripts.variant_switcher] VariantSwitcher: Variant 'physx' not found in variant set 'Physics' on prim '/World/envs/env_11/Robot/FinalURDF_SLDASM'. Available variants: ['None', 'PhysX']
2026-06-18T00:40:35Z [22,511ms] [Warning] [omni.physics.isaacsimready.scripts.variant_switcher] VariantSwitcher: Variant 'physx' not found in variant set 'Physics' on prim '/World/envs/env_23/Robot/FinalURDF_SLDASM'. Available variants: ['None', 'PhysX']
2026-06-18T00:40:35Z [22,511ms] [Warning] [omni.physics.isaacsimready.scripts.variant_switcher] VariantSwitcher: Variant 'physx' not found in variant set 'Physics' on prim '/World/envs/env_49/Robot/FinalURDF_SLDASM'. Available variants: ['None', 'PhysX']
2026-06-18T00:40:35Z [22,511ms] [Warning] [omni.physics.isaacsimready.scripts.variant_switcher] VariantSwitcher: Variant 'physx' not found in variant set 'Physics' on prim '/World/envs/env_28/Robot/FinalURDF_SLDASM'. Available variants: ['None', 'PhysX']
2026-06-18T00:40:35Z [22,511ms] [Warning] [omni.physics.isaacsimready.scripts.variant_switcher] VariantSwitcher: Variant 'physx' not found in variant set 'Physics' on prim '/World/envs/env_54/Robot/FinalURDF_SLDASM'. Available variants: ['None', 'PhysX']
2026-06-18T00:40:35Z [22,511ms] [Warning] [omni.physics.isaacsimready.scripts.variant_switcher] VariantSwitcher: Variant 'physx' not found in variant set 'Physics' on prim '/World/envs/env_66/Robot/FinalURDF_SLDASM'. Available variants: ['None', 'PhysX']
2026-06-18T00:40:35Z [22,511ms] [Warning] [omni.physics.isaacsimready.scripts.variant_switcher] VariantSwitcher: Variant 'physx' not found in variant set 'Physics' on prim '/World/envs/env_9/Robot/FinalURDF_SLDASM'. Available variants: ['None', 'PhysX']
2026-06-18T00:40:35Z [22,511ms] [Warning] [omni.physics.isaacsimready.scripts.variant_switcher] VariantSwitcher: Variant 'physx' not found in variant set 'Physics' on prim '/World/envs/env_29/Robot/FinalURDF_SLDASM'. Available variants: ['None', 'PhysX']
2026-06-18T00:40:35Z [22,511ms] [Warning] [omni.physics.isaacsimready.scripts.variant_switcher] VariantSwitcher: Variant 'physx' not found in variant set 'Physics' on prim '/World/envs/env_0/Robot/FinalURDF_SLDASM'. Available variants: ['None', 'PhysX']
2026-06-18T00:40:35Z [22,511ms] [Warning] [omni.physics.isaacsimready.scripts.variant_switcher] VariantSwitcher: Variant 'physx' not found in variant set 'Physics' on prim '/World/envs/env_68/Robot/FinalURDF_SLDASM'. Available variants: ['None', 'PhysX']
2026-06-18T00:40:35Z [22,511ms] [Warning] [omni.physics.isaacsimready.scripts.variant_switcher] VariantSwitcher: Variant 'physx' not found in variant set 'Physics' on prim '/World/envs/env_111/Robot/FinalURDF_SLDASM'. Available variants: ['None', 'PhysX']
2026-06-18T00:40:35Z [22,511ms] [Warning] [omni.physics.isaacsimready.scripts.variant_switcher] VariantSwitcher: Variant 'physx' not found in variant set 'Physics' on prim '/World/envs/env_57/Robot/FinalURDF_SLDASM'. Available variants: ['None', 'PhysX']
2026-06-18T00:40:35Z [22,511ms] [Warning] [omni.physics.isaacsimready.scripts.variant_switcher] VariantSwitcher: Variant 'physx' not found in variant set 'Physics' on prim '/World/envs/env_70/Robot/FinalURDF_SLDASM'. Available variants: ['None', 'PhysX']
2026-06-18T00:40:35Z [22,511ms] [Warning] [omni.physics.isaacsimready.scripts.variant_switcher] VariantSwitcher: Variant 'physx' not found in variant set 'Physics' on prim '/World/envs/env_53/Robot/FinalURDF_SLDASM'. Available variants: ['None', 'PhysX']
2026-06-18T00:40:35Z [22,512ms] [Warning] [omni.physics.isaacsimready.scripts.variant_switcher] VariantSwitcher: Variant 'physx' not found in variant set 'Physics' on prim '/World/envs/env_82/Robot/FinalURDF_SLDASM'. Available variants: ['None', 'PhysX']
2026-06-18T00:40:35Z [22,512ms] [Warning] [omni.physics.isaacsimready.scripts.variant_switcher] VariantSwitcher: Variant 'physx' not found in variant set 'Physics' on prim '/World/envs/env_47/Robot/FinalURDF_SLDASM'. Available variants: ['None', 'PhysX']
2026-06-18T00:40:35Z [22,512ms] [Warning] [omni.physics.isaacsimready.scripts.variant_switcher] VariantSwitcher: Variant 'physx' not found in variant set 'Physics' on prim '/World/envs/env_96/Robot/FinalURDF_SLDASM'. Available variants: ['None', 'PhysX']
2026-06-18T00:40:35Z [22,512ms] [Warning] [omni.physics.isaacsimready.scripts.variant_switcher] VariantSwitcher: Variant 'physx' not found in variant set 'Physics' on prim '/World/envs/env_97/Robot/FinalURDF_SLDASM'. Available variants: ['None', 'PhysX']
2026-06-18T00:40:35Z [22,512ms] [Warning] [omni.physics.isaacsimready.scripts.variant_switcher] VariantSwitcher: Variant 'physx' not found in variant set 'Physics' on prim '/World/envs/env_109/Robot/FinalURDF_SLDASM'. Available variants: ['None', 'PhysX']
2026-06-18T00:40:35Z [22,512ms] [Warning] [omni.physics.isaacsimready.scripts.variant_switcher] VariantSwitcher: Variant 'physx' not found in variant set 'Physics' on prim '/World/envs/env_25/Robot/FinalURDF_SLDASM'. Available variants: ['None', 'PhysX']
2026-06-18T00:40:35Z [22,512ms] [Warning] [omni.physics.isaacsimready.scripts.variant_switcher] VariantSwitcher: Variant 'physx' not found in variant set 'Physics' on prim '/World/envs/env_65/Robot/FinalURDF_SLDASM'. Available variants: ['None', 'PhysX']
2026-06-18T00:40:35Z [22,512ms] [Warning] [omni.physics.isaacsimready.scripts.variant_switcher] VariantSwitcher: Variant 'physx' not found in variant set 'Physics' on prim '/World/envs/env_86/Robot/FinalURDF_SLDASM'. Available variants: ['None', 'PhysX']
2026-06-18T00:40:35Z [22,512ms] [Warning] [omni.physics.isaacsimready.scripts.variant_switcher] VariantSwitcher: Variant 'physx' not found in variant set 'Physics' on prim '/World/envs/env_46/Robot/FinalURDF_SLDASM'. Available variants: ['None', 'PhysX']
2026-06-18T00:40:35Z [22,512ms] [Warning] [omni.physics.isaacsimready.scripts.variant_switcher] VariantSwitcher: Variant 'physx' not found in variant set 'Physics' on prim '/World/envs/env_120/Robot/FinalURDF_SLDASM'. Available variants: ['None', 'PhysX']
2026-06-18T00:40:35Z [22,512ms] [Warning] [omni.physics.isaacsimready.scripts.variant_switcher] VariantSwitcher: Variant 'physx' not found in variant set 'Physics' on prim '/World/envs/env_98/Robot/FinalURDF_SLDASM'. Available variants: ['None', 'PhysX']
2026-06-18T00:40:35Z [22,512ms] [Warning] [omni.physics.isaacsimready.scripts.variant_switcher] VariantSwitcher: Variant 'physx' not found in variant set 'Physics' on prim '/World/envs/env_2/Robot/FinalURDF_SLDASM'. Available variants: ['None', 'PhysX']
2026-06-18T00:40:35Z [22,512ms] [Warning] [omni.physics.isaacsimready.scripts.variant_switcher] VariantSwitcher: Variant 'physx' not found in variant set 'Physics' on prim '/World/envs/env_108/Robot/FinalURDF_SLDASM'. Available variants: ['None', 'PhysX']
2026-06-18T00:40:35Z [22,512ms] [Warning] [omni.physics.isaacsimready.scripts.variant_switcher] VariantSwitcher: Variant 'physx' not found in variant set 'Physics' on prim '/World/envs/env_32/Robot/FinalURDF_SLDASM'. Available variants: ['None', 'PhysX']
2026-06-18T00:40:35Z [22,513ms] [Warning] [omni.physics.isaacsimready.scripts.variant_switcher] VariantSwitcher: Variant 'physx' not found in variant set 'Physics' on prim '/World/envs/env_15/Robot/FinalURDF_SLDASM'. Available variants: ['None', 'PhysX']
2026-06-18T00:40:35Z [22,513ms] [Warning] [omni.physics.isaacsimready.scripts.variant_switcher] VariantSwitcher: Variant 'physx' not found in variant set 'Physics' on prim '/World/envs/env_10/Robot/FinalURDF_SLDASM'. Available variants: ['None', 'PhysX']
2026-06-18T00:40:35Z [22,513ms] [Warning] [omni.physics.isaacsimready.scripts.variant_switcher] VariantSwitcher: Variant 'physx' not found in variant set 'Physics' on prim '/World/envs/env_83/Robot/FinalURDF_SLDASM'. Available variants: ['None', 'PhysX']
2026-06-18T00:40:35Z [22,513ms] [Warning] [omni.physics.isaacsimready.scripts.variant_switcher] VariantSwitcher: Variant 'physx' not found in variant set 'Physics' on prim '/World/envs/env_75/Robot/FinalURDF_SLDASM'. Available variants: ['None', 'PhysX']
2026-06-18T00:40:35Z [22,513ms] [Warning] [omni.physics.isaacsimready.scripts.variant_switcher] VariantSwitcher: Variant 'physx' not found in variant set 'Physics' on prim '/World/envs/env_91/Robot/FinalURDF_SLDASM'. Available variants: ['None', 'PhysX']
2026-06-18T00:40:35Z [22,513ms] [Warning] [omni.physics.isaacsimready.scripts.variant_switcher] VariantSwitcher: Variant 'physx' not found in variant set 'Physics' on prim '/World/envs/env_80/Robot/FinalURDF_SLDASM'. Available variants: ['None', 'PhysX']
2026-06-18T00:40:35Z [22,513ms] [Warning] [omni.physics.isaacsimready.scripts.variant_switcher] VariantSwitcher: Variant 'physx' not found in variant set 'Physics' on prim '/World/envs/env_99/Robot/FinalURDF_SLDASM'. Available variants: ['None', 'PhysX']
2026-06-18T00:40:35Z [22,513ms] [Warning] [omni.physics.isaacsimready.scripts.variant_switcher] VariantSwitcher: Variant 'physx' not found in variant set 'Physics' on prim '/World/envs/env_107/Robot/FinalURDF_SLDASM'. Available variants: ['None', 'PhysX']
2026-06-18T00:40:35Z [22,513ms] [Warning] [omni.physics.isaacsimready.scripts.variant_switcher] VariantSwitcher: Variant 'physx' not found in variant set 'Physics' on prim '/World/envs/env_67/Robot/FinalURDF_SLDASM'. Available variants: ['None', 'PhysX']
2026-06-18T00:40:35Z [22,513ms] [Warning] [omni.physics.isaacsimready.scripts.variant_switcher] VariantSwitcher: Variant 'physx' not found in variant set 'Physics' on prim '/World/envs/env_18/Robot/FinalURDF_SLDASM'. Available variants: ['None', 'PhysX']
2026-06-18T00:40:35Z [22,513ms] [Warning] [omni.physics.isaacsimready.scripts.variant_switcher] VariantSwitcher: Variant 'physx' not found in variant set 'Physics' on prim '/World/envs/env_59/Robot/FinalURDF_SLDASM'. Available variants: ['None', 'PhysX']
2026-06-18T00:40:35Z [22,513ms] [Warning] [omni.physics.isaacsimready.scripts.variant_switcher] VariantSwitcher: Variant 'physx' not found in variant set 'Physics' on prim '/World/envs/env_100/Robot/FinalURDF_SLDASM'. Available variants: ['None', 'PhysX']
2026-06-18T00:40:35Z [22,513ms] [Warning] [omni.physics.isaacsimready.scripts.variant_switcher] VariantSwitcher: Variant 'physx' not found in variant set 'Physics' on prim '/World/envs/env_44/Robot/FinalURDF_SLDASM'. Available variants: ['None', 'PhysX']
2026-06-18T00:40:35Z [22,513ms] [Warning] [omni.physics.isaacsimready.scripts.variant_switcher] VariantSwitcher: Variant 'physx' not found in variant set 'Physics' on prim '/World/envs/env_51/Robot/FinalURDF_SLDASM'. Available variants: ['None', 'PhysX']
2026-06-18T00:40:35Z [22,513ms] [Warning] [omni.physics.isaacsimready.scripts.variant_switcher] VariantSwitcher: Variant 'physx' not found in variant set 'Physics' on prim '/World/envs/env_26/Robot/FinalURDF_SLDASM'. Available variants: ['None', 'PhysX']
2026-06-18T00:40:35Z [22,514ms] [Warning] [omni.physics.isaacsimready.scripts.variant_switcher] VariantSwitcher: Variant 'physx' not found in variant set 'Physics' on prim '/World/envs/env_101/Robot/FinalURDF_SLDASM'. Available variants: ['None', 'PhysX']
2026-06-18T00:40:35Z [22,514ms] [Warning] [omni.physics.isaacsimready.scripts.variant_switcher] VariantSwitcher: Variant 'physx' not found in variant set 'Physics' on prim '/World/envs/env_105/Robot/FinalURDF_SLDASM'. Available variants: ['None', 'PhysX']
2026-06-18T00:40:35Z [22,514ms] [Warning] [omni.physics.isaacsimready.scripts.variant_switcher] VariantSwitcher: Variant 'physx' not found in variant set 'Physics' on prim '/World/envs/env_106/Robot/FinalURDF_SLDASM'. Available variants: ['None', 'PhysX']
2026-06-18T00:40:35Z [22,514ms] [Warning] [omni.physics.isaacsimready.scripts.variant_switcher] VariantSwitcher: Variant 'physx' not found in variant set 'Physics' on prim '/World/envs/env_69/Robot/FinalURDF_SLDASM'. Available variants: ['None', 'PhysX']
2026-06-18T00:40:35Z [22,514ms] [Warning] [omni.physics.isaacsimready.scripts.variant_switcher] VariantSwitcher: Variant 'physx' not found in variant set 'Physics' on prim '/World/envs/env_71/Robot/FinalURDF_SLDASM'. Available variants: ['None', 'PhysX']
2026-06-18T00:40:35Z [22,514ms] [Warning] [omni.physics.isaacsimready.scripts.variant_switcher] VariantSwitcher: Variant 'physx' not found in variant set 'Physics' on prim '/World/envs/env_102/Robot/FinalURDF_SLDASM'. Available variants: ['None', 'PhysX']
2026-06-18T00:40:35Z [22,514ms] [Warning] [omni.physics.isaacsimready.scripts.variant_switcher] VariantSwitcher: Variant 'physx' not found in variant set 'Physics' on prim '/World/envs/env_34/Robot/FinalURDF_SLDASM'. Available variants: ['None', 'PhysX']
2026-06-18T00:40:35Z [22,514ms] [Warning] [omni.physics.isaacsimready.scripts.variant_switcher] VariantSwitcher: Variant 'physx' not found in variant set 'Physics' on prim '/World/envs/env_22/Robot/FinalURDF_SLDASM'. Available variants: ['None', 'PhysX']
2026-06-18T00:40:35Z [22,514ms] [Warning] [omni.physics.isaacsimready.scripts.variant_switcher] VariantSwitcher: Variant 'physx' not found in variant set 'Physics' on prim '/World/envs/env_35/Robot/FinalURDF_SLDASM'. Available variants: ['None', 'PhysX']
2026-06-18T00:40:35Z [22,514ms] [Warning] [omni.physics.isaacsimready.scripts.variant_switcher] VariantSwitcher: Variant 'physx' not found in variant set 'Physics' on prim '/World/envs/env_55/Robot/FinalURDF_SLDASM'. Available variants: ['None', 'PhysX']
2026-06-18T00:40:35Z [22,514ms] [Warning] [omni.physics.isaacsimready.scripts.variant_switcher] VariantSwitcher: Variant 'physx' not found in variant set 'Physics' on prim '/World/envs/env_92/Robot/FinalURDF_SLDASM'. Available variants: ['None', 'PhysX']
2026-06-18T00:40:35Z [22,514ms] [Warning] [omni.physics.isaacsimready.scripts.variant_switcher] VariantSwitcher: Variant 'physx' not found in variant set 'Physics' on prim '/World/envs/env_13/Robot/FinalURDF_SLDASM'. Available variants: ['None', 'PhysX']
2026-06-18T00:40:35Z [22,514ms] [Warning] [omni.physics.isaacsimready.scripts.variant_switcher] VariantSwitcher: Variant 'physx' not found in variant set 'Physics' on prim '/World/envs/env_114/Robot/FinalURDF_SLDASM'. Available variants: ['None', 'PhysX']
2026-06-18T00:40:35Z [22,514ms] [Warning] [omni.physics.isaacsimready.scripts.variant_switcher] VariantSwitcher: Variant 'physx' not found in variant set 'Physics' on prim '/World/envs/env_41/Robot/FinalURDF_SLDASM'. Available variants: ['None', 'PhysX']
2026-06-18T00:40:35Z [22,514ms] [Warning] [omni.physics.isaacsimready.scripts.variant_switcher] VariantSwitcher: Variant 'physx' not found in variant set 'Physics' on prim '/World/envs/env_78/Robot/FinalURDF_SLDASM'. Available variants: ['None', 'PhysX']
2026-06-18T00:40:35Z [22,515ms] [Warning] [omni.physics.isaacsimready.scripts.variant_switcher] VariantSwitcher: Variant 'physx' not found in variant set 'Physics' on prim '/World/envs/env_37/Robot/FinalURDF_SLDASM'. Available variants: ['None', 'PhysX']
2026-06-18T00:40:35Z [22,515ms] [Warning] [omni.physics.isaacsimready.scripts.variant_switcher] VariantSwitcher: Variant 'physx' not found in variant set 'Physics' on prim '/World/envs/env_50/Robot/FinalURDF_SLDASM'. Available variants: ['None', 'PhysX']
2026-06-18T00:40:35Z [22,515ms] [Warning] [omni.physics.isaacsimready.scripts.variant_switcher] VariantSwitcher: Variant 'physx' not found in variant set 'Physics' on prim '/World/envs/env_38/Robot/FinalURDF_SLDASM'. Available variants: ['None', 'PhysX']
2026-06-18T00:40:35Z [22,515ms] [Warning] [omni.physics.isaacsimready.scripts.variant_switcher] VariantSwitcher: Variant 'physx' not found in variant set 'Physics' on prim '/World/envs/env_19/Robot/FinalURDF_SLDASM'. Available variants: ['None', 'PhysX']
2026-06-18T00:40:35Z [22,515ms] [Warning] [omni.physics.isaacsimready.scripts.variant_switcher] VariantSwitcher: Variant 'physx' not found in variant set 'Physics' on prim '/World/envs/env_81/Robot/FinalURDF_SLDASM'. Available variants: ['None', 'PhysX']
2026-06-18T00:40:35Z [22,515ms] [Warning] [omni.physics.isaacsimready.scripts.variant_switcher] VariantSwitcher: Variant 'physx' not found in variant set 'Physics' on prim '/World/envs/env_16/Robot/FinalURDF_SLDASM'. Available variants: ['None', 'PhysX']
2026-06-18T00:40:35Z [22,515ms] [Warning] [omni.physics.isaacsimready.scripts.variant_switcher] VariantSwitcher: Variant 'physx' not found in variant set 'Physics' on prim '/World/envs/env_88/Robot/FinalURDF_SLDASM'. Available variants: ['None', 'PhysX']
2026-06-18T00:40:35Z [22,515ms] [Warning] [omni.physics.isaacsimready.scripts.variant_switcher] VariantSwitcher: Variant 'physx' not found in variant set 'Physics' on prim '/World/envs/env_122/Robot/FinalURDF_SLDASM'. Available variants: ['None', 'PhysX']
2026-06-18T00:40:35Z [22,515ms] [Warning] [omni.physics.isaacsimready.scripts.variant_switcher] VariantSwitcher: Variant 'physx' not found in variant set 'Physics' on prim '/World/envs/env_125/Robot/FinalURDF_SLDASM'. Available variants: ['None', 'PhysX']
2026-06-18T00:40:35Z [22,515ms] [Warning] [omni.physics.isaacsimready.scripts.variant_switcher] VariantSwitcher: Variant 'physx' not found in variant set 'Physics' on prim '/World/envs/env_118/Robot/FinalURDF_SLDASM'. Available variants: ['None', 'PhysX']
2026-06-18T00:40:35Z [22,515ms] [Warning] [omni.physics.isaacsimready.scripts.variant_switcher] VariantSwitcher: Variant 'physx' not found in variant set 'Physics' on prim '/World/envs/env_76/Robot/FinalURDF_SLDASM'. Available variants: ['None', 'PhysX']
2026-06-18T00:40:35Z [22,515ms] [Warning] [omni.physics.isaacsimready.scripts.variant_switcher] VariantSwitcher: Variant 'physx' not found in variant set 'Physics' on prim '/World/envs/env_3/Robot/FinalURDF_SLDASM'. Available variants: ['None', 'PhysX']
2026-06-18T00:40:35Z [22,515ms] [Warning] [omni.physics.isaacsimready.scripts.variant_switcher] VariantSwitcher: Variant 'physx' not found in variant set 'Physics' on prim '/World/envs/env_94/Robot/FinalURDF_SLDASM'. Available variants: ['None', 'PhysX']
2026-06-18T00:40:35Z [22,515ms] [Warning] [omni.physics.isaacsimready.scripts.variant_switcher] VariantSwitcher: Variant 'physx' not found in variant set 'Physics' on prim '/World/envs/env_112/Robot/FinalURDF_SLDASM'. Available variants: ['None', 'PhysX']
2026-06-18T00:40:35Z [22,515ms] [Warning] [omni.physics.isaacsimready.scripts.variant_switcher] VariantSwitcher: Variant 'physx' not found in variant set 'Physics' on prim '/World/envs/env_5/Robot/FinalURDF_SLDASM'. Available variants: ['None', 'PhysX']
2026-06-18T00:40:35Z [22,516ms] [Warning] [omni.physics.isaacsimready.scripts.variant_switcher] VariantSwitcher: Variant 'physx' not found in variant set 'Physics' on prim '/World/envs/env_7/Robot/FinalURDF_SLDASM'. Available variants: ['None', 'PhysX']
2026-06-18T00:40:35Z [22,516ms] [Warning] [omni.physics.isaacsimready.scripts.variant_switcher] VariantSwitcher: Variant 'physx' not found in variant set 'Physics' on prim '/World/envs/env_74/Robot/FinalURDF_SLDASM'. Available variants: ['None', 'PhysX']
2026-06-18T00:40:35Z [22,516ms] [Warning] [omni.physics.isaacsimready.scripts.variant_switcher] VariantSwitcher: Variant 'physx' not found in variant set 'Physics' on prim '/World/envs/env_85/Robot/FinalURDF_SLDASM'. Available variants: ['None', 'PhysX']
2026-06-18T00:40:35Z [22,516ms] [Warning] [omni.physics.isaacsimready.scripts.variant_switcher] VariantSwitcher: Variant 'physx' not found in variant set 'Physics' on prim '/World/envs/env_89/Robot/FinalURDF_SLDASM'. Available variants: ['None', 'PhysX']
2026-06-18T00:40:35Z [22,516ms] [Warning] [omni.physics.isaacsimready.scripts.variant_switcher] VariantSwitcher: Variant 'physx' not found in variant set 'Physics' on prim '/World/envs/env_95/Robot/FinalURDF_SLDASM'. Available variants: ['None', 'PhysX']
2026-06-18T00:40:35Z [22,516ms] [Warning] [omni.physics.isaacsimready.scripts.variant_switcher] VariantSwitcher: Variant 'physx' not found in variant set 'Physics' on prim '/World/envs/env_48/Robot/FinalURDF_SLDASM'. Available variants: ['None', 'PhysX']
2026-06-18T00:40:35Z [22,516ms] [Warning] [omni.physics.isaacsimready.scripts.variant_switcher] VariantSwitcher: Variant 'physx' not found in variant set 'Physics' on prim '/World/envs/env_79/Robot/FinalURDF_SLDASM'. Available variants: ['None', 'PhysX']
2026-06-18T00:40:35Z [22,516ms] [Warning] [omni.physics.isaacsimready.scripts.variant_switcher] VariantSwitcher: Variant 'physx' not found in variant set 'Physics' on prim '/World/envs/env_117/Robot/FinalURDF_SLDASM'. Available variants: ['None', 'PhysX']
2026-06-18T00:40:35Z [22,516ms] [Warning] [omni.physics.isaacsimready.scripts.variant_switcher] VariantSwitcher: Variant 'physx' not found in variant set 'Physics' on prim '/World/envs/env_14/Robot/FinalURDF_SLDASM'. Available variants: ['None', 'PhysX']
2026-06-18T00:40:35Z [22,516ms] [Warning] [omni.physics.isaacsimready.scripts.variant_switcher] VariantSwitcher: Variant 'physx' not found in variant set 'Physics' on prim '/World/envs/env_20/Robot/FinalURDF_SLDASM'. Available variants: ['None', 'PhysX']
2026-06-18T00:40:35Z [22,516ms] [Warning] [omni.physics.isaacsimready.scripts.variant_switcher] VariantSwitcher: Variant 'physx' not found in variant set 'Physics' on prim '/World/envs/env_72/Robot/FinalURDF_SLDASM'. Available variants: ['None', 'PhysX']
2026-06-18T00:40:35Z [22,516ms] [Warning] [omni.physics.isaacsimready.scripts.variant_switcher] VariantSwitcher: Variant 'physx' not found in variant set 'Physics' on prim '/World/envs/env_121/Robot/FinalURDF_SLDASM'. Available variants: ['None', 'PhysX']
2026-06-18T00:40:35Z [22,516ms] [Warning] [omni.physics.isaacsimready.scripts.variant_switcher] VariantSwitcher: Variant 'physx' not found in variant set 'Physics' on prim '/World/envs/env_63/Robot/FinalURDF_SLDASM'. Available variants: ['None', 'PhysX']
2026-06-18T00:40:35Z [22,516ms] [Warning] [omni.physics.isaacsimready.scripts.variant_switcher] VariantSwitcher: Variant 'physx' not found in variant set 'Physics' on prim '/World/envs/env_24/Robot/FinalURDF_SLDASM'. Available variants: ['None', 'PhysX']
2026-06-18T00:40:35Z [22,517ms] [Warning] [omni.physics.isaacsimready.scripts.variant_switcher] VariantSwitcher: Variant 'physx' not found in variant set 'Physics' on prim '/World/envs/env_17/Robot/FinalURDF_SLDASM'. Available variants: ['None', 'PhysX']
2026-06-18T00:40:35Z [22,517ms] [Warning] [omni.physics.isaacsimready.scripts.variant_switcher] VariantSwitcher: Variant 'physx' not found in variant set 'Physics' on prim '/World/envs/env_127/Robot/FinalURDF_SLDASM'. Available variants: ['None', 'PhysX']
2026-06-18T00:40:35Z [22,517ms] [Warning] [omni.physics.isaacsimready.scripts.variant_switcher] VariantSwitcher: Variant 'physx' not found in variant set 'Physics' on prim '/World/envs/env_30/Robot/FinalURDF_SLDASM'. Available variants: ['None', 'PhysX']
2026-06-18T00:40:35Z [22,517ms] [Warning] [omni.physics.isaacsimready.scripts.variant_switcher] VariantSwitcher: Variant 'physx' not found in variant set 'Physics' on prim '/World/envs/env_60/Robot/FinalURDF_SLDASM'. Available variants: ['None', 'PhysX']
2026-06-18T00:40:35Z [22,517ms] [Warning] [omni.physics.isaacsimready.scripts.variant_switcher] VariantSwitcher: Variant 'physx' not found in variant set 'Physics' on prim '/World/envs/env_124/Robot/FinalURDF_SLDASM'. Available variants: ['None', 'PhysX']
2026-06-18T00:40:35Z [22,517ms] [Warning] [omni.physics.isaacsimready.scripts.variant_switcher] VariantSwitcher: Variant 'physx' not found in variant set 'Physics' on prim '/World/envs/env_110/Robot/FinalURDF_SLDASM'. Available variants: ['None', 'PhysX']
2026-06-18T00:40:35Z [22,517ms] [Warning] [omni.physics.isaacsimready.scripts.variant_switcher] VariantSwitcher: Variant 'physx' not found in variant set 'Physics' on prim '/World/envs/env_90/Robot/FinalURDF_SLDASM'. Available variants: ['None', 'PhysX']
2026-06-18T00:40:35Z [22,517ms] [Warning] [omni.physics.isaacsimready.scripts.variant_switcher] VariantSwitcher: Variant 'physx' not found in variant set 'Physics' on prim '/World/envs/env_77/Robot/FinalURDF_SLDASM'. Available variants: ['None', 'PhysX']
2026-06-18T00:40:35Z [22,517ms] [Warning] [omni.physics.isaacsimready.scripts.variant_switcher] VariantSwitcher: Variant 'physx' not found in variant set 'Physics' on prim '/World/envs/env_31/Robot/FinalURDF_SLDASM'. Available variants: ['None', 'PhysX']
2026-06-18T00:40:35Z [22,517ms] [Warning] [omni.physics.isaacsimready.scripts.variant_switcher] VariantSwitcher: Variant 'physx' not found in variant set 'Physics' on prim '/World/envs/env_12/Robot/FinalURDF_SLDASM'. Available variants: ['None', 'PhysX']
2026-06-18T00:40:35Z [22,517ms] [Warning] [omni.physics.isaacsimready.scripts.variant_switcher] VariantSwitcher: Variant 'physx' not found in variant set 'Physics' on prim '/World/envs/env_116/Robot/FinalURDF_SLDASM'. Available variants: ['None', 'PhysX']
2026-06-18T00:40:35Z [22,517ms] [Warning] [omni.physics.isaacsimready.scripts.variant_switcher] VariantSwitcher: Variant 'physx' not found in variant set 'Physics' on prim '/World/envs/env_21/Robot/FinalURDF_SLDASM'. Available variants: ['None', 'PhysX']
2026-06-18T00:40:35Z [22,517ms] [Warning] [omni.physics.isaacsimready.scripts.variant_switcher] VariantSwitcher: Variant 'physx' not found in variant set 'Physics' on prim '/World/envs/env_52/Robot/FinalURDF_SLDASM'. Available variants: ['None', 'PhysX']
/workspace/isaaclab/_isaac_sim/kit/python/lib/python3.12/site-packages/gymnasium/wrappers/rendering.py:293: UserWarning: [33mWARN: Overwriting existing videos at /workspace/Ankybot_v2/logs/rsl_rl/imu_sensor/baseline/videos/play folder (try specifying a different `video_folder` for the `RecordVideo` wrapper if this is not desired)[0m
  logger.warn(
/workspace/isaaclab/_isaac_sim/kit/python/lib/python3.12/site-packages/rsl_rl/utils/utils.py:220: UserWarning: The observation configuration dictionary 'obs_groups' is empty and thus likely not configured. Consider configuring the 'obs_groups' dictionary explicitly
  warnings.warn(
/workspace/isaaclab/_isaac_sim/kit/python/lib/python3.12/site-packages/rsl_rl/utils/utils.py:251: UserWarning: The observation configuration dictionary 'obs_groups' does not contain the 'actor' key. As an observation group with the name 'policy' was found, this is assumed to be the appropriate observation. Consider adding the 'actor' key to the 'obs_groups' dictionary for clarity. This behavior will be removed in a future version.
  warnings.warn(
/workspace/isaaclab/_isaac_sim/kit/python/lib/python3.12/site-packages/rsl_rl/utils/utils.py:251: UserWarning: The observation configuration dictionary 'obs_groups' does not contain the 'critic' key. As an observation group with the name 'policy' was found, this is assumed to be the appropriate observation. Consider adding the 'critic' key to the 'obs_groups' dictionary for clarity. This behavior will be removed in a future version.
  warnings.warn(
/workspace/isaaclab/_isaac_sim/kit/python/lib/python3.12/copyreg.py:99: FutureWarning: `isinstance(treespec, LeafSpec)` is deprecated, use `isinstance(treespec, TreeSpec) and treespec.is_leaf()` instead.
  return cls.__new__(cls, *args)
2026-06-18T00:40:35Z [22,517ms] [Warning] [omni.physics.isaacsimready.scripts.variant_switcher] VariantSwitcher: Variant 'physx' not found in variant set 'Physics' on prim '/World/envs/env_56/Robot/FinalURDF_SLDASM'. Available variants: ['None', 'PhysX']
2026-06-18T00:40:35Z [22,517ms] [Warning] [omni.physics.isaacsimready.scripts.variant_switcher] VariantSwitcher: Variant 'physx' not found in variant set 'Physics' on prim '/World/envs/env_45/Robot/FinalURDF_SLDASM'. Available variants: ['None', 'PhysX']
2026-06-18T00:40:35Z [22,518ms] [Warning] [omni.physics.isaacsimready.scripts.variant_switcher] VariantSwitcher: Variant 'physx' not found in variant set 'Physics' on prim '/World/envs/env_115/Robot/FinalURDF_SLDASM'. Available variants: ['None', 'PhysX']
2026-06-18T00:40:35Z [22,518ms] [Warning] [omni.physics.isaacsimready.scripts.variant_switcher] VariantSwitcher: Variant 'physx' not found in variant set 'Physics' on prim '/World/envs/env_33/Robot/FinalURDF_SLDASM'. Available variants: ['None', 'PhysX']
2026-06-18T00:40:35Z [22,518ms] [Warning] [omni.physics.isaacsimready.scripts.variant_switcher] VariantSwitcher: Variant 'physx' not found in variant set 'Physics' on prim '/World/envs/env_62/Robot/FinalURDF_SLDASM'. Available variants: ['None', 'PhysX']
2026-06-18T00:40:35Z [22,518ms] [Warning] [omni.physics.isaacsimready.scripts.variant_switcher] VariantSwitcher: Variant 'physx' not found in variant set 'Physics' on prim '/World/envs/env_4/Robot/FinalURDF_SLDASM'. Available variants: ['None', 'PhysX']
2026-06-18T00:40:35Z [22,518ms] [Warning] [omni.physics.isaacsimready.scripts.variant_switcher] VariantSwitcher: Variant 'physx' not found in variant set 'Physics' on prim '/World/envs/env_123/Robot/FinalURDF_SLDASM'. Available variants: ['None', 'PhysX']
2026-06-18T00:40:35Z [22,518ms] [Warning] [omni.physics.isaacsimready.scripts.variant_switcher] VariantSwitcher: Variant 'physx' not found in variant set 'Physics' on prim '/World/envs/env_8/Robot/FinalURDF_SLDASM'. Available variants: ['None', 'PhysX']
2026-06-18T00:40:35Z [22,518ms] [Warning] [omni.physics.isaacsimready.scripts.variant_switcher] VariantSwitcher: Variant 'physx' not found in variant set 'Physics' on prim '/World/envs/env_126/Robot/FinalURDF_SLDASM'. Available variants: ['None', 'PhysX']
2026-06-18T00:40:35Z [22,518ms] [Warning] [omni.physics.isaacsimready.scripts.variant_switcher] VariantSwitcher: Variant 'physx' not found in variant set 'Physics' on prim '/World/envs/env_73/Robot/FinalURDF_SLDASM'. Available variants: ['None', 'PhysX']
2026-06-18T00:40:35Z [22,518ms] [Warning] [omni.physics.isaacsimready.scripts.variant_switcher] VariantSwitcher: Variant 'physx' not found in variant set 'Physics' on prim '/World/envs/env_6/Robot/FinalURDF_SLDASM'. Available variants: ['None', 'PhysX']
2026-06-18T00:40:35Z [22,518ms] [Warning] [omni.physics.isaacsimready.scripts.variant_switcher] VariantSwitcher: Variant 'physx' not found in variant set 'Physics' on prim '/World/envs/env_87/Robot/FinalURDF_SLDASM'. Available variants: ['None', 'PhysX']
2026-06-18T00:40:35Z [22,518ms] [Warning] [omni.physics.isaacsimready.scripts.variant_switcher] VariantSwitcher: Variant 'physx' not found in variant set 'Physics' on prim '/World/envs/env_103/Robot/FinalURDF_SLDASM'. Available variants: ['None', 'PhysX']
2026-06-18T00:40:35Z [22,518ms] [Warning] [omni.physics.isaacsimready.scripts.variant_switcher] VariantSwitcher: Variant 'physx' not found in variant set 'Physics' on prim '/World/envs/env_43/Robot/FinalURDF_SLDASM'. Available variants: ['None', 'PhysX']
2026-06-18T00:40:42Z [29,503ms] [Warning] [omni.syntheticdata.plugin] OgnSdPostRenderVarToHost : rendervar copy from texture directly to host buffer is counter-performant. Please use copy from texture to device buffer first.
[INFO] Using Python: "/workspace/isaaclab/_isaac_sim/python.sh"
=== Thu Jun 18 01:25:51 UTC 2026 | DONE  model_5999.pt ===
=== Thu Jun 18 01:25:51 UTC 2026 | START model_5000.pt | 15000 steps ===
[INFO]: Parsing configuration from: Ankybot_v2.tasks.manager_based.ankybot_v2.ankybot_v2_env_cfg:AnkybotV2EnvCfg_PLAY
[INFO]: Parsing configuration from: Ankybot_v2.tasks.manager_based.ankybot_v2.agents.rsl_rl_ppo_cfg:PPORunnerCfg
[2026-06-18 01:26:02,329][isaaclab.app.app_launcher][INFO] - Using device: cuda:0
[2026-06-18 01:26:02,330][isaaclab.app.app_launcher][INFO] - Loading experience file: /workspace/isaaclab/apps/isaaclab.python.rendering.kit
[2026-06-18 01:26:04,366][asyncio][DEBUG] - Using selector: EpollSelector
WARNING: All log messages before absl::InitializeLog() is called are written to STDERR
E0000 00:00:1781745964.502884  241635 descriptor_database.cc:633] File already exists in database: grpc/health/v1/health.proto
W0000 00:00:1781745964.503857  241635 message.cc:301] Protobuf GeneratedMessageFactory: File is already registered: grpc/health/v1/health.proto
[2026-06-18 01:26:12,149][trimesh.util][DEBUG] - falling back to hashlib hashing: `pip install xxhash`for 50x faster cache checks
[2026-06-18 01:26:15,585][AutoNode][DEBUG] - Defining data type 'any' as 'Any'
[2026-06-18 01:26:15,585][AutoNode][DEBUG] - Defining data type 'bool' as 'Bool' and array 'BoolArray
[2026-06-18 01:26:15,585][AutoNode][DEBUG] - Defining data type 'bundle' as 'Bundle'
[2026-06-18 01:26:15,585][AutoNode][DEBUG] - Defining data type 'colord[3]' as 'Color3d' and array 'Color3dArray
[2026-06-18 01:26:15,586][AutoNode][DEBUG] - Defining data type 'colorf[3]' as 'Color3f' and array 'Color3fArray
[2026-06-18 01:26:15,586][AutoNode][DEBUG] - Defining data type 'colorh[3]' as 'Color3h' and array 'Color3hArray
[2026-06-18 01:26:15,586][AutoNode][DEBUG] - Defining data type 'colord[4]' as 'Color4d' and array 'Color4dArray
[2026-06-18 01:26:15,586][AutoNode][DEBUG] - Defining data type 'colorf[4]' as 'Color4f' and array 'Color4fArray
[2026-06-18 01:26:15,586][AutoNode][DEBUG] - Defining data type 'colorh[4]' as 'Color4h' and array 'Color4hArray
[2026-06-18 01:26:15,586][AutoNode][DEBUG] - Defining data type 'double' as 'Double' and array 'DoubleArray
[2026-06-18 01:26:15,587][AutoNode][DEBUG] - Defining data type 'double[2]' as 'Double2' and array 'Double2Array
[2026-06-18 01:26:15,587][AutoNode][DEBUG] - Defining data type 'double[3]' as 'Double3' and array 'Double3Array
[2026-06-18 01:26:15,587][AutoNode][DEBUG] - Defining data type 'double[4]' as 'Double4' and array 'Double4Array
[2026-06-18 01:26:15,587][AutoNode][DEBUG] - Defining data type 'execution' as 'Execution'
[2026-06-18 01:26:15,587][AutoNode][DEBUG] - Defining data type 'float' as 'Float' and array 'FloatArray
[2026-06-18 01:26:15,587][AutoNode][DEBUG] - Defining data type 'float[2]' as 'Float2' and array 'Float2Array
[2026-06-18 01:26:15,588][AutoNode][DEBUG] - Defining data type 'float[3]' as 'Float3' and array 'Float3Array
[2026-06-18 01:26:15,588][AutoNode][DEBUG] - Defining data type 'float[4]' as 'Float4' and array 'Float4Array
[2026-06-18 01:26:15,588][AutoNode][DEBUG] - Defining data type 'frame[4]' as 'Frame' and array 'FrameArray
[2026-06-18 01:26:15,588][AutoNode][DEBUG] - Defining data type 'half' as 'Half' and array 'HalfArray
[2026-06-18 01:26:15,588][AutoNode][DEBUG] - Defining data type 'half[2]' as 'Half2' and array 'Half2Array
[2026-06-18 01:26:15,588][AutoNode][DEBUG] - Defining data type 'half[3]' as 'Half3' and array 'Half3Array
[2026-06-18 01:26:15,589][AutoNode][DEBUG] - Defining data type 'half[4]' as 'Half4' and array 'Half4Array
[2026-06-18 01:26:15,589][AutoNode][DEBUG] - Defining data type 'int' as 'Int' and array 'IntArray
[2026-06-18 01:26:15,589][AutoNode][DEBUG] - Defining data type 'int[2]' as 'Int2' and array 'Int2Array
[2026-06-18 01:26:15,589][AutoNode][DEBUG] - Defining data type 'int[3]' as 'Int3' and array 'Int3Array
[2026-06-18 01:26:15,589][AutoNode][DEBUG] - Defining data type 'int[4]' as 'Int4' and array 'Int4Array
[2026-06-18 01:26:15,589][AutoNode][DEBUG] - Defining data type 'int64' as 'Int64' and array 'Int64Array
[2026-06-18 01:26:15,590][AutoNode][DEBUG] - Defining data type 'matrixd[2]' as 'Matrix2d' and array 'Matrix2dArray
[2026-06-18 01:26:15,590][AutoNode][DEBUG] - Defining data type 'matrixd[3]' as 'Matrix3d' and array 'Matrix3dArray
[2026-06-18 01:26:15,590][AutoNode][DEBUG] - Defining data type 'matrixd[4]' as 'Matrix4d' and array 'Matrix4dArray
[2026-06-18 01:26:15,590][AutoNode][DEBUG] - Defining data type 'normald[3]' as 'Normal3d' and array 'Normal3dArray
[2026-06-18 01:26:15,590][AutoNode][DEBUG] - Defining data type 'normalf[3]' as 'Normal3f' and array 'Normal3fArray
[2026-06-18 01:26:15,590][AutoNode][DEBUG] - Defining data type 'normalh[3]' as 'Normal3h' and array 'Normal3hArray
[2026-06-18 01:26:15,591][AutoNode][DEBUG] - Defining data type 'objectId' as 'ObjectId' and array 'ObjectIdArray
[2026-06-18 01:26:15,591][AutoNode][DEBUG] - Defining data type 'path' as 'Path'
[2026-06-18 01:26:15,591][AutoNode][DEBUG] - Defining data type 'pointd[3]' as 'Point3d' and array 'Point3dArray
[2026-06-18 01:26:15,591][AutoNode][DEBUG] - Defining data type 'pointf[3]' as 'Point3f' and array 'Point3fArray
[2026-06-18 01:26:15,591][AutoNode][DEBUG] - Defining data type 'pointh[3]' as 'Point3h' and array 'Point3hArray
[2026-06-18 01:26:15,591][AutoNode][DEBUG] - Defining data type 'quatd[4]' as 'Quatd' and array 'QuatdArray
[2026-06-18 01:26:15,591][AutoNode][DEBUG] - Defining data type 'quatf[4]' as 'Quatf' and array 'QuatfArray
[2026-06-18 01:26:15,591][AutoNode][DEBUG] - Defining data type 'quath[4]' as 'Quath' and array 'QuathArray
[2026-06-18 01:26:15,592][AutoNode][DEBUG] - Defining data type 'string' as 'String'
[2026-06-18 01:26:15,592][AutoNode][DEBUG] - Defining data type 'target' as 'Target'
[2026-06-18 01:26:15,592][AutoNode][DEBUG] - Defining data type 'texcoordd[2]' as 'TexCoord2d' and array 'TexCoord2dArray
[2026-06-18 01:26:15,592][AutoNode][DEBUG] - Defining data type 'texcoordf[2]' as 'TexCoord2f' and array 'TexCoord2fArray
[2026-06-18 01:26:15,592][AutoNode][DEBUG] - Defining data type 'texcoordh[2]' as 'TexCoord2h' and array 'TexCoord2hArray
[2026-06-18 01:26:15,592][AutoNode][DEBUG] - Defining data type 'texcoordd[3]' as 'TexCoord3d' and array 'TexCoord3dArray
[2026-06-18 01:26:15,592][AutoNode][DEBUG] - Defining data type 'texcoordf[3]' as 'TexCoord3f' and array 'TexCoord3fArray
[2026-06-18 01:26:15,592][AutoNode][DEBUG] - Defining data type 'texcoordh[3]' as 'TexCoord3h' and array 'TexCoord3hArray
[2026-06-18 01:26:15,593][AutoNode][DEBUG] - Defining data type 'timecode' as 'Timecode' and array 'TimecodeArray
[2026-06-18 01:26:15,593][AutoNode][DEBUG] - Defining data type 'token' as 'Token' and array 'TokenArray
[2026-06-18 01:26:15,593][AutoNode][DEBUG] - Defining data type 'uchar' as 'UChar' and array 'UCharArray
[2026-06-18 01:26:15,593][AutoNode][DEBUG] - Defining data type 'uint' as 'UInt' and array 'UIntArray
[2026-06-18 01:26:15,593][AutoNode][DEBUG] - Defining data type 'uint64' as 'UInt64' and array 'UInt64Array
[2026-06-18 01:26:15,593][AutoNode][DEBUG] - Defining data type 'vectord[3]' as 'Vector3d' and array 'Vector3dArray
[2026-06-18 01:26:15,593][AutoNode][DEBUG] - Defining data type 'vectorf[3]' as 'Vector3f' and array 'Vector3fArray
[2026-06-18 01:26:15,593][AutoNode][DEBUG] - Defining data type 'vectorh[3]' as 'Vector3h' and array 'Vector3hArray
Loading user config located at: '/isaac-sim/kit/data/Kit/IsaacLab/3.0/user.config.json'
[Info] [carb] Logging to file: /isaac-sim/kit/logs/Kit/IsaacLab/3.0/kit_20260618_012602.log
2026-06-18T01:26:02Z [5ms] [Warning] [omni.ext.plugin] [ext: isaaclab_visualizers] Extensions config 'extension.toml' doesn't exist '/workspace/isaaclab/source/isaaclab_visualizers' or '/workspace/isaaclab/source/isaaclab_visualizers/config'

|---------------------------------------------------------------------------------------------|
| Driver Version: 580.159.03    | Graphics API: Vulkan
|=============================================================================================|
| GPU | Name                             | Active | LDA | GPU Memory | Vendor-ID | LUID       |
|     |                                  |        |     |            | Device-ID | UUID       |
|     |                                  |        |     |            | Bus-ID    |            |
|---------------------------------------------------------------------------------------------|
| 0   | NVIDIA GeForce RTX 2070          | Yes: 0 |     | 8438    MB | 10de      | 0          |
|     |                                  |        |     |            | 1f14      | a951febe.. |
|     |                                  |        |     |            | 1         |            |
|=============================================================================================|
| OS: 24.04.4 LTS (Noble Numbat) ubuntu, Version: 24.04.4, Kernel: 6.17.0-35-generic
| XServer Vendor: The X.Org Foundation, XServer Version: 12101011 (1.21.1.11)
| Processor: Intel(R) Core(TM) i7-10750H CPU @ 2.60GHz
| Cores: 6 | Logical Cores: 12
|---------------------------------------------------------------------------------------------|
| Total Memory (MB): 31854 | Free Memory: 27109
| Total Page/Swap (MB): 8191 | Free Page/Swap: 4707
|---------------------------------------------------------------------------------------------|
2026-06-18T01:26:06Z [4,176ms] [Warning] [gpu.foundation.plugin] CPU performance profile is set to powersave. This profile sets the CPU to the lowest frequency reducing performance.
2026-06-18T01:26:06Z [4,184ms] [Warning] [gpu.foundation.plugin] PCIe link width current (8) and maximum (16) for device 0 don't match.
2026-06-18T01:26:14Z [11,931ms] [Warning] [omni.log] Source: omni.hydra was already registered.
OmniReplicatorNvExtension starting up (ext_id: omni.replicator.nv-1.1.0).
2026-06-18T01:26:16Z [13,659ms] [Warning] [pxr.Semantics] pxr.Semantics is deprecated - please use Semantics instead
2026-06-18T01:26:16Z [14,451ms] [Warning] [omni.replicator.core.scripts.extension] No material configuration file, adding configuration to material settings directly.
2026-06-18T01:26:18Z [16,392ms] [Warning] [omni.usd] Encountered USD Warnings but USD Diagnostics are currently muted. To view USD Warnings, please set the '/persistent/app/usd/muteUsdDiagnostics' setting to false in Preferences page.
2026-06-18T01:26:21Z [18,848ms] [Warning] [omni.kit.window.filepicker.collections.collection_item] Failed to add '/root/Documents': '/root/Documents/' as dupliated path in 'Documents'
[WARNING]: The `policy` configuration is deprecated for rsl-rl >= 4.0.0. Please use, e.g., `actor` and `critic` model configurations instead.
[WARNING]: The `policy` configuration is used to infer the `actor` model configuration.
[WARNING]: The `policy` configuration is used to infer the `critic` model configuration.
[WARNING]: The `distribution_cfg` configuration is now used to specify the output distribution for stochastic policies. Consider updating the configuration to use `distribution_cfg` instead of `stochastic`, `init_noise_std`, `noise_std_type`, and `state_dependent_std` parameters.
[INFO] Loading experiment from directory: /workspace/Ankybot_v2/logs/rsl_rl/ankybot_v2
[2026-06-18 01:26:25,335][isaaclab_physx.physics.physx_manager][WARNING] - TGS solver with enable_external_forces_every_iteration=False may cause noisy velocities.
[INFO]: Base environment:
	Environment device    : cuda:0
	Environment seed      : 42
	Physics step-size     : 0.002
	Rendering step-size   : 0.002
	Environment step-size : 0.01
[2026-06-18 01:26:25,659][isaaclab.envs.manager_based_env][WARNING] - The render interval (1.0) is smaller than the decimation (5). Multiple render calls will happen for each environment step. If this is not intended, set the render interval to be equal to the decimation.
2026-06-18T01:26:24Z [21,809ms] [Warning] [omni.kit.menu.utils.layout] Multiple matching items found for layout "Physics". Found Create, Window. Change <<class 'omni.kit.menu.utils.layout.MenuLayout.SubMenu'> name:Physics> to use specific source. Using "source="Create/Physics""
2026-06-18T01:26:25Z [22,906ms] [Warning] [isaaclab_physx.physics.physx_manager] TGS solver with enable_external_forces_every_iteration=False may cause noisy velocities.
2026-06-18T01:26:25Z [23,230ms] [Warning] [isaaclab.envs.manager_based_env] The render interval (1.0) is smaller than the decimation (5). Multiple render calls will happen for each environment step. If this is not intended, set the render interval to be equal to the decimation.
2026-06-18T01:26:27Z [25,514ms] [Warning] [omni.fabric.plugin] Warning: attribute material:binding not found for path /__Prototype_15155393979821389435/FRFoot

2026-06-18T01:26:29Z [26,945ms] [Warning] [isaacsim.core.simulation_manager.impl.simulation_manager] Changing backend from 'numpy' to 'torch' since NumPy cannot be used with GPU piplines
2026-06-18T01:26:29Z [27,359ms] [Warning] [omni.physics.isaacsimready.scripts.variant_switcher] VariantSwitcher: Variant 'physx' not found in variant set 'Physics' on prim '/World/envs/env_51/Robot/FinalURDF_SLDASM'. Available variants: ['None', 'PhysX']
2026-06-18T01:26:29Z [27,360ms] [Warning] [omni.physics.isaacsimready.scripts.variant_switcher] VariantSwitcher: Variant 'physx' not found in variant set 'Physics' on prim '/World/envs/env_23/Robot/FinalURDF_SLDASM'. Available variants: ['None', 'PhysX']
2026-06-18T01:26:29Z [27,360ms] [Warning] [omni.physics.isaacsimready.scripts.variant_switcher] VariantSwitcher: Variant 'physx' not found in variant set 'Physics' on prim '/World/envs/env_42/Robot/FinalURDF_SLDASM'. Available variants: ['None', 'PhysX']
2026-06-18T01:26:29Z [27,360ms] [Warning] [omni.physics.isaacsimready.scripts.variant_switcher] VariantSwitcher: Variant 'physx' not found in variant set 'Physics' on prim '/World/envs/env_26/Robot/FinalURDF_SLDASM'. Available variants: ['None', 'PhysX']
2026-06-18T01:26:29Z [27,360ms] [Warning] [omni.physics.isaacsimready.scripts.variant_switcher] VariantSwitcher: Variant 'physx' not found in variant set 'Physics' on prim '/World/envs/env_84/Robot/FinalURDF_SLDASM'. Available variants: ['None', 'PhysX']
2026-06-18T01:26:29Z [27,360ms] [Warning] [omni.physics.isaacsimready.scripts.variant_switcher] VariantSwitcher: Variant 'physx' not found in variant set 'Physics' on prim '/World/envs/env_50/Robot/FinalURDF_SLDASM'. Available variants: ['None', 'PhysX']
2026-06-18T01:26:29Z [27,360ms] [Warning] [omni.physics.isaacsimready.scripts.variant_switcher] VariantSwitcher: Variant 'physx' not found in variant set 'Physics' on prim '/World/envs/env_18/Robot/FinalURDF_SLDASM'. Available variants: ['None', 'PhysX']
2026-06-18T01:26:29Z [27,360ms] [Warning] [omni.physics.isaacsimready.scripts.variant_switcher] VariantSwitcher: Variant 'physx' not found in variant set 'Physics' on prim '/World/envs/env_43/Robot/FinalURDF_SLDASM'. Available variants: ['None', 'PhysX']
2026-06-18T01:26:29Z [27,360ms] [Warning] [omni.physics.isaacsimready.scripts.variant_switcher] VariantSwitcher: Variant 'physx' not found in variant set 'Physics' on prim '/World/envs/env_49/Robot/FinalURDF_SLDASM'. Available variants: ['None', 'PhysX']
2026-06-18T01:26:29Z [27,360ms] [Warning] [omni.physics.isaacsimready.scripts.variant_switcher] VariantSwitcher: Variant 'physx' not found in variant set 'Physics' on prim '/World/envs/env_69/Robot/FinalURDF_SLDASM'. Available variants: ['None', 'PhysX']
2026-06-18T01:26:29Z [27,360ms] [Warning] [omni.physics.isaacsimready.scripts.variant_switcher] VariantSwitcher: Variant 'physx' not found in variant set 'Physics' on prim '/World/envs/env_66/Robot/FinalURDF_SLDASM'. Available variants: ['None', 'PhysX']
2026-06-18T01:26:29Z [27,360ms] [Warning] [omni.physics.isaacsimready.scripts.variant_switcher] VariantSwitcher: Variant 'physx' not found in variant set 'Physics' on prim '/World/envs/env_2/Robot/FinalURDF_SLDASM'. Available variants: ['None', 'PhysX']
2026-06-18T01:26:29Z [27,360ms] [Warning] [omni.physics.isaacsimready.scripts.variant_switcher] VariantSwitcher: Variant 'physx' not found in variant set 'Physics' on prim '/World/envs/env_93/Robot/FinalURDF_SLDASM'. Available variants: ['None', 'PhysX']
2026-06-18T01:26:29Z [27,360ms] [Warning] [omni.physics.isaacsimready.scripts.variant_switcher] VariantSwitcher: Variant 'physx' not found in variant set 'Physics' on prim '/World/envs/env_118/Robot/FinalURDF_SLDASM'. Available variants: ['None', 'PhysX']
2026-06-18T01:26:29Z [27,360ms] [Warning] [omni.physics.isaacsimready.scripts.variant_switcher] VariantSwitcher: Variant 'physx' not found in variant set 'Physics' on prim '/World/envs/env_45/Robot/FinalURDF_SLDASM'. Available variants: ['None', 'PhysX']
2026-06-18T01:26:29Z [27,361ms] [Warning] [omni.physics.isaacsimready.scripts.variant_switcher] VariantSwitcher: Variant 'physx' not found in variant set 'Physics' on prim '/World/envs/env_74/Robot/FinalURDF_SLDASM'. Available variants: ['None', 'PhysX']
2026-06-18T01:26:29Z [27,361ms] [Warning] [omni.physics.isaacsimready.scripts.variant_switcher] VariantSwitcher: Variant 'physx' not found in variant set 'Physics' on prim '/World/envs/env_47/Robot/FinalURDF_SLDASM'. Available variants: ['None', 'PhysX']
2026-06-18T01:26:29Z [27,361ms] [Warning] [omni.physics.isaacsimready.scripts.variant_switcher] VariantSwitcher: Variant 'physx' not found in variant set 'Physics' on prim '/World/envs/env_124/Robot/FinalURDF_SLDASM'. Available variants: ['None', 'PhysX']
2026-06-18T01:26:29Z [27,361ms] [Warning] [omni.physics.isaacsimready.scripts.variant_switcher] VariantSwitcher: Variant 'physx' not found in variant set 'Physics' on prim '/World/envs/env_35/Robot/FinalURDF_SLDASM'. Available variants: ['None', 'PhysX']
2026-06-18T01:26:29Z [27,361ms] [Warning] [omni.physics.isaacsimready.scripts.variant_switcher] VariantSwitcher: Variant 'physx' not found in variant set 'Physics' on prim '/World/envs/env_104/Robot/FinalURDF_SLDASM'. Available variants: ['None', 'PhysX']
2026-06-18T01:26:29Z [27,361ms] [Warning] [omni.physics.isaacsimready.scripts.variant_switcher] VariantSwitcher: Variant 'physx' not found in variant set 'Physics' on prim '/World/envs/env_62/Robot/FinalURDF_SLDASM'. Available variants: ['None', 'PhysX']
2026-06-18T01:26:29Z [27,361ms] [Warning] [omni.physics.isaacsimready.scripts.variant_switcher] VariantSwitcher: Variant 'physx' not found in variant set 'Physics' on prim '/World/envs/env_57/Robot/FinalURDF_SLDASM'. Available variants: ['None', 'PhysX']
2026-06-18T01:26:29Z [27,361ms] [Warning] [omni.physics.isaacsimready.scripts.variant_switcher] VariantSwitcher: Variant 'physx' not found in variant set 'Physics' on prim '/World/envs/env_76/Robot/FinalURDF_SLDASM'. Available variants: ['None', 'PhysX']
2026-06-18T01:26:29Z [27,361ms] [Warning] [omni.physics.isaacsimready.scripts.variant_switcher] VariantSwitcher: Variant 'physx' not found in variant set 'Physics' on prim '/World/envs/env_21/Robot/FinalURDF_SLDASM'. Available variants: ['None', 'PhysX']
2026-06-18T01:26:29Z [27,361ms] [Warning] [omni.physics.isaacsimready.scripts.variant_switcher] VariantSwitcher: Variant 'physx' not found in variant set 'Physics' on prim '/World/envs/env_80/Robot/FinalURDF_SLDASM'. Available variants: ['None', 'PhysX']
2026-06-18T01:26:29Z [27,361ms] [Warning] [omni.physics.isaacsimready.scripts.variant_switcher] VariantSwitcher: Variant 'physx' not found in variant set 'Physics' on prim '/World/envs/env_105/Robot/FinalURDF_SLDASM'. Available variants: ['None', 'PhysX']
2026-06-18T01:26:29Z [27,361ms] [Warning] [omni.physics.isaacsimready.scripts.variant_switcher] VariantSwitcher: Variant 'physx' not found in variant set 'Physics' on prim '/World/envs/env_27/Robot/FinalURDF_SLDASM'. Available variants: ['None', 'PhysX']
2026-06-18T01:26:29Z [27,361ms] [Warning] [omni.physics.isaacsimready.scripts.variant_switcher] VariantSwitcher: Variant 'physx' not found in variant set 'Physics' on prim '/World/envs/env_116/Robot/FinalURDF_SLDASM'. Available variants: ['None', 'PhysX']
2026-06-18T01:26:29Z [27,361ms] [Warning] [omni.physics.isaacsimready.scripts.variant_switcher] VariantSwitcher: Variant 'physx' not found in variant set 'Physics' on prim '/World/envs/env_36/Robot/FinalURDF_SLDASM'. Available variants: ['None', 'PhysX']
2026-06-18T01:26:29Z [27,361ms] [Warning] [omni.physics.isaacsimready.scripts.variant_switcher] VariantSwitcher: Variant 'physx' not found in variant set 'Physics' on prim '/World/envs/env_31/Robot/FinalURDF_SLDASM'. Available variants: ['None', 'PhysX']
2026-06-18T01:26:29Z [27,362ms] [Warning] [omni.physics.isaacsimready.scripts.variant_switcher] VariantSwitcher: Variant 'physx' not found in variant set 'Physics' on prim '/World/envs/env_65/Robot/FinalURDF_SLDASM'. Available variants: ['None', 'PhysX']
2026-06-18T01:26:29Z [27,362ms] [Warning] [omni.physics.isaacsimready.scripts.variant_switcher] VariantSwitcher: Variant 'physx' not found in variant set 'Physics' on prim '/World/envs/env_115/Robot/FinalURDF_SLDASM'. Available variants: ['None', 'PhysX']
2026-06-18T01:26:29Z [27,362ms] [Warning] [omni.physics.isaacsimready.scripts.variant_switcher] VariantSwitcher: Variant 'physx' not found in variant set 'Physics' on prim '/World/envs/env_94/Robot/FinalURDF_SLDASM'. Available variants: ['None', 'PhysX']
2026-06-18T01:26:29Z [27,362ms] [Warning] [omni.physics.isaacsimready.scripts.variant_switcher] VariantSwitcher: Variant 'physx' not found in variant set 'Physics' on prim '/World/envs/env_56/Robot/FinalURDF_SLDASM'. Available variants: ['None', 'PhysX']
2026-06-18T01:26:29Z [27,362ms] [Warning] [omni.physics.isaacsimready.scripts.variant_switcher] VariantSwitcher: Variant 'physx' not found in variant set 'Physics' on prim '/World/envs/env_127/Robot/FinalURDF_SLDASM'. Available variants: ['None', 'PhysX']
2026-06-18T01:26:29Z [27,362ms] [Warning] [omni.physics.isaacsimready.scripts.variant_switcher] VariantSwitcher: Variant 'physx' not found in variant set 'Physics' on prim '/World/envs/env_19/Robot/FinalURDF_SLDASM'. Available variants: ['None', 'PhysX']
2026-06-18T01:26:29Z [27,362ms] [Warning] [omni.physics.isaacsimready.scripts.variant_switcher] VariantSwitcher: Variant 'physx' not found in variant set 'Physics' on prim '/World/envs/env_99/Robot/FinalURDF_SLDASM'. Available variants: ['None', 'PhysX']
2026-06-18T01:26:29Z [27,362ms] [Warning] [omni.physics.isaacsimready.scripts.variant_switcher] VariantSwitcher: Variant 'physx' not found in variant set 'Physics' on prim '/World/envs/env_9/Robot/FinalURDF_SLDASM'. Available variants: ['None', 'PhysX']
2026-06-18T01:26:29Z [27,362ms] [Warning] [omni.physics.isaacsimready.scripts.variant_switcher] VariantSwitcher: Variant 'physx' not found in variant set 'Physics' on prim '/World/envs/env_108/Robot/FinalURDF_SLDASM'. Available variants: ['None', 'PhysX']
2026-06-18T01:26:29Z [27,362ms] [Warning] [omni.physics.isaacsimready.scripts.variant_switcher] VariantSwitcher: Variant 'physx' not found in variant set 'Physics' on prim '/World/envs/env_37/Robot/FinalURDF_SLDASM'. Available variants: ['None', 'PhysX']
2026-06-18T01:26:29Z [27,362ms] [Warning] [omni.physics.isaacsimready.scripts.variant_switcher] VariantSwitcher: Variant 'physx' not found in variant set 'Physics' on prim '/World/envs/env_109/Robot/FinalURDF_SLDASM'. Available variants: ['None', 'PhysX']
2026-06-18T01:26:29Z [27,362ms] [Warning] [omni.physics.isaacsimready.scripts.variant_switcher] VariantSwitcher: Variant 'physx' not found in variant set 'Physics' on prim '/World/envs/env_111/Robot/FinalURDF_SLDASM'. Available variants: ['None', 'PhysX']
2026-06-18T01:26:29Z [27,362ms] [Warning] [omni.physics.isaacsimready.scripts.variant_switcher] VariantSwitcher: Variant 'physx' not found in variant set 'Physics' on prim '/World/envs/env_112/Robot/FinalURDF_SLDASM'. Available variants: ['None', 'PhysX']
2026-06-18T01:26:29Z [27,362ms] [Warning] [omni.physics.isaacsimready.scripts.variant_switcher] VariantSwitcher: Variant 'physx' not found in variant set 'Physics' on prim '/World/envs/env_110/Robot/FinalURDF_SLDASM'. Available variants: ['None', 'PhysX']
2026-06-18T01:26:29Z [27,362ms] [Warning] [omni.physics.isaacsimready.scripts.variant_switcher] VariantSwitcher: Variant 'physx' not found in variant set 'Physics' on prim '/World/envs/env_122/Robot/FinalURDF_SLDASM'. Available variants: ['None', 'PhysX']
2026-06-18T01:26:29Z [27,363ms] [Warning] [omni.physics.isaacsimready.scripts.variant_switcher] VariantSwitcher: Variant 'physx' not found in variant set 'Physics' on prim '/World/envs/env_88/Robot/FinalURDF_SLDASM'. Available variants: ['None', 'PhysX']
2026-06-18T01:26:29Z [27,363ms] [Warning] [omni.physics.isaacsimready.scripts.variant_switcher] VariantSwitcher: Variant 'physx' not found in variant set 'Physics' on prim '/World/envs/env_17/Robot/FinalURDF_SLDASM'. Available variants: ['None', 'PhysX']
2026-06-18T01:26:29Z [27,363ms] [Warning] [omni.physics.isaacsimready.scripts.variant_switcher] VariantSwitcher: Variant 'physx' not found in variant set 'Physics' on prim '/World/envs/env_83/Robot/FinalURDF_SLDASM'. Available variants: ['None', 'PhysX']
2026-06-18T01:26:29Z [27,363ms] [Warning] [omni.physics.isaacsimready.scripts.variant_switcher] VariantSwitcher: Variant 'physx' not found in variant set 'Physics' on prim '/World/envs/env_32/Robot/FinalURDF_SLDASM'. Available variants: ['None', 'PhysX']
2026-06-18T01:26:29Z [27,363ms] [Warning] [omni.physics.isaacsimready.scripts.variant_switcher] VariantSwitcher: Variant 'physx' not found in variant set 'Physics' on prim '/World/envs/env_95/Robot/FinalURDF_SLDASM'. Available variants: ['None', 'PhysX']
2026-06-18T01:26:29Z [27,363ms] [Warning] [omni.physics.isaacsimready.scripts.variant_switcher] VariantSwitcher: Variant 'physx' not found in variant set 'Physics' on prim '/World/envs/env_15/Robot/FinalURDF_SLDASM'. Available variants: ['None', 'PhysX']
2026-06-18T01:26:29Z [27,363ms] [Warning] [omni.physics.isaacsimready.scripts.variant_switcher] VariantSwitcher: Variant 'physx' not found in variant set 'Physics' on prim '/World/envs/env_38/Robot/FinalURDF_SLDASM'. Available variants: ['None', 'PhysX']
2026-06-18T01:26:29Z [27,363ms] [Warning] [omni.physics.isaacsimready.scripts.variant_switcher] VariantSwitcher: Variant 'physx' not found in variant set 'Physics' on prim '/World/envs/env_100/Robot/FinalURDF_SLDASM'. Available variants: ['None', 'PhysX']
2026-06-18T01:26:29Z [27,363ms] [Warning] [omni.physics.isaacsimready.scripts.variant_switcher] VariantSwitcher: Variant 'physx' not found in variant set 'Physics' on prim '/World/envs/env_22/Robot/FinalURDF_SLDASM'. Available variants: ['None', 'PhysX']
2026-06-18T01:26:29Z [27,363ms] [Warning] [omni.physics.isaacsimready.scripts.variant_switcher] VariantSwitcher: Variant 'physx' not found in variant set 'Physics' on prim '/World/envs/env_75/Robot/FinalURDF_SLDASM'. Available variants: ['None', 'PhysX']
2026-06-18T01:26:29Z [27,363ms] [Warning] [omni.physics.isaacsimready.scripts.variant_switcher] VariantSwitcher: Variant 'physx' not found in variant set 'Physics' on prim '/World/envs/env_54/Robot/FinalURDF_SLDASM'. Available variants: ['None', 'PhysX']
2026-06-18T01:26:29Z [27,363ms] [Warning] [omni.physics.isaacsimready.scripts.variant_switcher] VariantSwitcher: Variant 'physx' not found in variant set 'Physics' on prim '/World/envs/env_121/Robot/FinalURDF_SLDASM'. Available variants: ['None', 'PhysX']
2026-06-18T01:26:29Z [27,363ms] [Warning] [omni.physics.isaacsimready.scripts.variant_switcher] VariantSwitcher: Variant 'physx' not found in variant set 'Physics' on prim '/World/envs/env_6/Robot/FinalURDF_SLDASM'. Available variants: ['None', 'PhysX']
2026-06-18T01:26:29Z [27,363ms] [Warning] [omni.physics.isaacsimready.scripts.variant_switcher] VariantSwitcher: Variant 'physx' not found in variant set 'Physics' on prim '/World/envs/env_77/Robot/FinalURDF_SLDASM'. Available variants: ['None', 'PhysX']
2026-06-18T01:26:29Z [27,363ms] [Warning] [omni.physics.isaacsimready.scripts.variant_switcher] VariantSwitcher: Variant 'physx' not found in variant set 'Physics' on prim '/World/envs/env_39/Robot/FinalURDF_SLDASM'. Available variants: ['None', 'PhysX']
2026-06-18T01:26:29Z [27,363ms] [Warning] [omni.physics.isaacsimready.scripts.variant_switcher] VariantSwitcher: Variant 'physx' not found in variant set 'Physics' on prim '/World/envs/env_79/Robot/FinalURDF_SLDASM'. Available variants: ['None', 'PhysX']
2026-06-18T01:26:29Z [27,364ms] [Warning] [omni.physics.isaacsimready.scripts.variant_switcher] VariantSwitcher: Variant 'physx' not found in variant set 'Physics' on prim '/World/envs/env_0/Robot/FinalURDF_SLDASM'. Available variants: ['None', 'PhysX']
2026-06-18T01:26:29Z [27,364ms] [Warning] [omni.physics.isaacsimready.scripts.variant_switcher] VariantSwitcher: Variant 'physx' not found in variant set 'Physics' on prim '/World/envs/env_86/Robot/FinalURDF_SLDASM'. Available variants: ['None', 'PhysX']
2026-06-18T01:26:29Z [27,364ms] [Warning] [omni.physics.isaacsimready.scripts.variant_switcher] VariantSwitcher: Variant 'physx' not found in variant set 'Physics' on prim '/World/envs/env_92/Robot/FinalURDF_SLDASM'. Available variants: ['None', 'PhysX']
2026-06-18T01:26:29Z [27,364ms] [Warning] [omni.physics.isaacsimready.scripts.variant_switcher] VariantSwitcher: Variant 'physx' not found in variant set 'Physics' on prim '/World/envs/env_120/Robot/FinalURDF_SLDASM'. Available variants: ['None', 'PhysX']
2026-06-18T01:26:29Z [27,364ms] [Warning] [omni.physics.isaacsimready.scripts.variant_switcher] VariantSwitcher: Variant 'physx' not found in variant set 'Physics' on prim '/World/envs/env_29/Robot/FinalURDF_SLDASM'. Available variants: ['None', 'PhysX']
2026-06-18T01:26:29Z [27,364ms] [Warning] [omni.physics.isaacsimready.scripts.variant_switcher] VariantSwitcher: Variant 'physx' not found in variant set 'Physics' on prim '/World/envs/env_96/Robot/FinalURDF_SLDASM'. Available variants: ['None', 'PhysX']
2026-06-18T01:26:29Z [27,364ms] [Warning] [omni.physics.isaacsimready.scripts.variant_switcher] VariantSwitcher: Variant 'physx' not found in variant set 'Physics' on prim '/World/envs/env_20/Robot/FinalURDF_SLDASM'. Available variants: ['None', 'PhysX']
2026-06-18T01:26:29Z [27,364ms] [Warning] [omni.physics.isaacsimready.scripts.variant_switcher] VariantSwitcher: Variant 'physx' not found in variant set 'Physics' on prim '/World/envs/env_89/Robot/FinalURDF_SLDASM'. Available variants: ['None', 'PhysX']
2026-06-18T01:26:29Z [27,364ms] [Warning] [omni.physics.isaacsimready.scripts.variant_switcher] VariantSwitcher: Variant 'physx' not found in variant set 'Physics' on prim '/World/envs/env_52/Robot/FinalURDF_SLDASM'. Available variants: ['None', 'PhysX']
2026-06-18T01:26:29Z [27,364ms] [Warning] [omni.physics.isaacsimready.scripts.variant_switcher] VariantSwitcher: Variant 'physx' not found in variant set 'Physics' on prim '/World/envs/env_8/Robot/FinalURDF_SLDASM'. Available variants: ['None', 'PhysX']
2026-06-18T01:26:29Z [27,364ms] [Warning] [omni.physics.isaacsimready.scripts.variant_switcher] VariantSwitcher: Variant 'physx' not found in variant set 'Physics' on prim '/World/envs/env_125/Robot/FinalURDF_SLDASM'. Available variants: ['None', 'PhysX']
2026-06-18T01:26:29Z [27,364ms] [Warning] [omni.physics.isaacsimready.scripts.variant_switcher] VariantSwitcher: Variant 'physx' not found in variant set 'Physics' on prim '/World/envs/env_102/Robot/FinalURDF_SLDASM'. Available variants: ['None', 'PhysX']
2026-06-18T01:26:29Z [27,364ms] [Warning] [omni.physics.isaacsimready.scripts.variant_switcher] VariantSwitcher: Variant 'physx' not found in variant set 'Physics' on prim '/World/envs/env_72/Robot/FinalURDF_SLDASM'. Available variants: ['None', 'PhysX']
2026-06-18T01:26:29Z [27,364ms] [Warning] [omni.physics.isaacsimready.scripts.variant_switcher] VariantSwitcher: Variant 'physx' not found in variant set 'Physics' on prim '/World/envs/env_119/Robot/FinalURDF_SLDASM'. Available variants: ['None', 'PhysX']
2026-06-18T01:26:29Z [27,364ms] [Warning] [omni.physics.isaacsimready.scripts.variant_switcher] VariantSwitcher: Variant 'physx' not found in variant set 'Physics' on prim '/World/envs/env_34/Robot/FinalURDF_SLDASM'. Available variants: ['None', 'PhysX']
2026-06-18T01:26:29Z [27,365ms] [Warning] [omni.physics.isaacsimready.scripts.variant_switcher] VariantSwitcher: Variant 'physx' not found in variant set 'Physics' on prim '/World/envs/env_5/Robot/FinalURDF_SLDASM'. Available variants: ['None', 'PhysX']
2026-06-18T01:26:29Z [27,365ms] [Warning] [omni.physics.isaacsimready.scripts.variant_switcher] VariantSwitcher: Variant 'physx' not found in variant set 'Physics' on prim '/World/envs/env_103/Robot/FinalURDF_SLDASM'. Available variants: ['None', 'PhysX']
2026-06-18T01:26:29Z [27,365ms] [Warning] [omni.physics.isaacsimready.scripts.variant_switcher] VariantSwitcher: Variant 'physx' not found in variant set 'Physics' on prim '/World/envs/env_58/Robot/FinalURDF_SLDASM'. Available variants: ['None', 'PhysX']
2026-06-18T01:26:29Z [27,365ms] [Warning] [omni.physics.isaacsimready.scripts.variant_switcher] VariantSwitcher: Variant 'physx' not found in variant set 'Physics' on prim '/World/envs/env_10/Robot/FinalURDF_SLDASM'. Available variants: ['None', 'PhysX']
2026-06-18T01:26:29Z [27,365ms] [Warning] [omni.physics.isaacsimready.scripts.variant_switcher] VariantSwitcher: Variant 'physx' not found in variant set 'Physics' on prim '/World/envs/env_97/Robot/FinalURDF_SLDASM'. Available variants: ['None', 'PhysX']
2026-06-18T01:26:29Z [27,365ms] [Warning] [omni.physics.isaacsimready.scripts.variant_switcher] VariantSwitcher: Variant 'physx' not found in variant set 'Physics' on prim '/World/envs/env_44/Robot/FinalURDF_SLDASM'. Available variants: ['None', 'PhysX']
2026-06-18T01:26:29Z [27,365ms] [Warning] [omni.physics.isaacsimready.scripts.variant_switcher] VariantSwitcher: Variant 'physx' not found in variant set 'Physics' on prim '/World/envs/env_48/Robot/FinalURDF_SLDASM'. Available variants: ['None', 'PhysX']
2026-06-18T01:26:29Z [27,365ms] [Warning] [omni.physics.isaacsimready.scripts.variant_switcher] VariantSwitcher: Variant 'physx' not found in variant set 'Physics' on prim '/World/envs/env_16/Robot/FinalURDF_SLDASM'. Available variants: ['None', 'PhysX']
2026-06-18T01:26:29Z [27,365ms] [Warning] [omni.physics.isaacsimready.scripts.variant_switcher] VariantSwitcher: Variant 'physx' not found in variant set 'Physics' on prim '/World/envs/env_12/Robot/FinalURDF_SLDASM'. Available variants: ['None', 'PhysX']
2026-06-18T01:26:29Z [27,365ms] [Warning] [omni.physics.isaacsimready.scripts.variant_switcher] VariantSwitcher: Variant 'physx' not found in variant set 'Physics' on prim '/World/envs/env_30/Robot/FinalURDF_SLDASM'. Available variants: ['None', 'PhysX']
2026-06-18T01:26:29Z [27,365ms] [Warning] [omni.physics.isaacsimready.scripts.variant_switcher] VariantSwitcher: Variant 'physx' not found in variant set 'Physics' on prim '/World/envs/env_46/Robot/FinalURDF_SLDASM'. Available variants: ['None', 'PhysX']
2026-06-18T01:26:29Z [27,365ms] [Warning] [omni.physics.isaacsimready.scripts.variant_switcher] VariantSwitcher: Variant 'physx' not found in variant set 'Physics' on prim '/World/envs/env_82/Robot/FinalURDF_SLDASM'. Available variants: ['None', 'PhysX']
2026-06-18T01:26:29Z [27,365ms] [Warning] [omni.physics.isaacsimready.scripts.variant_switcher] VariantSwitcher: Variant 'physx' not found in variant set 'Physics' on prim '/World/envs/env_14/Robot/FinalURDF_SLDASM'. Available variants: ['None', 'PhysX']
2026-06-18T01:26:29Z [27,365ms] [Warning] [omni.physics.isaacsimready.scripts.variant_switcher] VariantSwitcher: Variant 'physx' not found in variant set 'Physics' on prim '/World/envs/env_87/Robot/FinalURDF_SLDASM'. Available variants: ['None', 'PhysX']
2026-06-18T01:26:29Z [27,365ms] [Warning] [omni.physics.isaacsimready.scripts.variant_switcher] VariantSwitcher: Variant 'physx' not found in variant set 'Physics' on prim '/World/envs/env_117/Robot/FinalURDF_SLDASM'. Available variants: ['None', 'PhysX']
2026-06-18T01:26:29Z [27,366ms] [Warning] [omni.physics.isaacsimready.scripts.variant_switcher] VariantSwitcher: Variant 'physx' not found in variant set 'Physics' on prim '/World/envs/env_90/Robot/FinalURDF_SLDASM'. Available variants: ['None', 'PhysX']
2026-06-18T01:26:29Z [27,366ms] [Warning] [omni.physics.isaacsimready.scripts.variant_switcher] VariantSwitcher: Variant 'physx' not found in variant set 'Physics' on prim '/World/envs/env_78/Robot/FinalURDF_SLDASM'. Available variants: ['None', 'PhysX']
2026-06-18T01:26:29Z [27,366ms] [Warning] [omni.physics.isaacsimready.scripts.variant_switcher] VariantSwitcher: Variant 'physx' not found in variant set 'Physics' on prim '/World/envs/env_7/Robot/FinalURDF_SLDASM'. Available variants: ['None', 'PhysX']
2026-06-18T01:26:29Z [27,366ms] [Warning] [omni.physics.isaacsimready.scripts.variant_switcher] VariantSwitcher: Variant 'physx' not found in variant set 'Physics' on prim '/World/envs/env_98/Robot/FinalURDF_SLDASM'. Available variants: ['None', 'PhysX']
2026-06-18T01:26:29Z [27,366ms] [Warning] [omni.physics.isaacsimready.scripts.variant_switcher] VariantSwitcher: Variant 'physx' not found in variant set 'Physics' on prim '/World/envs/env_71/Robot/FinalURDF_SLDASM'. Available variants: ['None', 'PhysX']
2026-06-18T01:26:29Z [27,366ms] [Warning] [omni.physics.isaacsimready.scripts.variant_switcher] VariantSwitcher: Variant 'physx' not found in variant set 'Physics' on prim '/World/envs/env_123/Robot/FinalURDF_SLDASM'. Available variants: ['None', 'PhysX']
2026-06-18T01:26:29Z [27,366ms] [Warning] [omni.physics.isaacsimready.scripts.variant_switcher] VariantSwitcher: Variant 'physx' not found in variant set 'Physics' on prim '/World/envs/env_106/Robot/FinalURDF_SLDASM'. Available variants: ['None', 'PhysX']
2026-06-18T01:26:29Z [27,366ms] [Warning] [omni.physics.isaacsimready.scripts.variant_switcher] VariantSwitcher: Variant 'physx' not found in variant set 'Physics' on prim '/World/envs/env_24/Robot/FinalURDF_SLDASM'. Available variants: ['None', 'PhysX']
2026-06-18T01:26:29Z [27,366ms] [Warning] [omni.physics.isaacsimready.scripts.variant_switcher] VariantSwitcher: Variant 'physx' not found in variant set 'Physics' on prim '/World/envs/env_107/Robot/FinalURDF_SLDASM'. Available variants: ['None', 'PhysX']
2026-06-18T01:26:29Z [27,366ms] [Warning] [omni.physics.isaacsimready.scripts.variant_switcher] VariantSwitcher: Variant 'physx' not found in variant set 'Physics' on prim '/World/envs/env_61/Robot/FinalURDF_SLDASM'. Available variants: ['None', 'PhysX']
2026-06-18T01:26:29Z [27,366ms] [Warning] [omni.physics.isaacsimready.scripts.variant_switcher] VariantSwitcher: Variant 'physx' not found in variant set 'Physics' on prim '/World/envs/env_85/Robot/FinalURDF_SLDASM'. Available variants: ['None', 'PhysX']
2026-06-18T01:26:29Z [27,366ms] [Warning] [omni.physics.isaacsimready.scripts.variant_switcher] VariantSwitcher: Variant 'physx' not found in variant set 'Physics' on prim '/World/envs/env_4/Robot/FinalURDF_SLDASM'. Available variants: ['None', 'PhysX']
2026-06-18T01:26:29Z [27,366ms] [Warning] [omni.physics.isaacsimready.scripts.variant_switcher] VariantSwitcher: Variant 'physx' not found in variant set 'Physics' on prim '/World/envs/env_68/Robot/FinalURDF_SLDASM'. Available variants: ['None', 'PhysX']
2026-06-18T01:26:29Z [27,366ms] [Warning] [omni.physics.isaacsimready.scripts.variant_switcher] VariantSwitcher: Variant 'physx' not found in variant set 'Physics' on prim '/World/envs/env_114/Robot/FinalURDF_SLDASM'. Available variants: ['None', 'PhysX']
2026-06-18T01:26:29Z [27,366ms] [Warning] [omni.physics.isaacsimready.scripts.variant_switcher] VariantSwitcher: Variant 'physx' not found in variant set 'Physics' on prim '/World/envs/env_113/Robot/FinalURDF_SLDASM'. Available variants: ['None', 'PhysX']
2026-06-18T01:26:29Z [27,366ms] [Warning] [omni.physics.isaacsimready.scripts.variant_switcher] VariantSwitcher: Variant 'physx' not found in variant set 'Physics' on prim '/World/envs/env_91/Robot/FinalURDF_SLDASM'. Available variants: ['None', 'PhysX']
2026-06-18T01:26:29Z [27,367ms] [Warning] [omni.physics.isaacsimready.scripts.variant_switcher] VariantSwitcher: Variant 'physx' not found in variant set 'Physics' on prim '/World/envs/env_55/Robot/FinalURDF_SLDASM'. Available variants: ['None', 'PhysX']
2026-06-18T01:26:29Z [27,367ms] [Warning] [omni.physics.isaacsimready.scripts.variant_switcher] VariantSwitcher: Variant 'physx' not found in variant set 'Physics' on prim '/World/envs/env_73/Robot/FinalURDF_SLDASM'. Available variants: ['None', 'PhysX']
2026-06-18T01:26:29Z [27,367ms] [Warning] [omni.physics.isaacsimready.scripts.variant_switcher] VariantSwitcher: Variant 'physx' not found in variant set 'Physics' on prim '/World/envs/env_11/Robot/FinalURDF_SLDASM'. Available variants: ['None', 'PhysX']
2026-06-18T01:26:29Z [27,367ms] [Warning] [omni.physics.isaacsimready.scripts.variant_switcher] VariantSwitcher: Variant 'physx' not found in variant set 'Physics' on prim '/World/envs/env_28/Robot/FinalURDF_SLDASM'. Available variants: ['None', 'PhysX']
2026-06-18T01:26:29Z [27,367ms] [Warning] [omni.physics.isaacsimready.scripts.variant_switcher] VariantSwitcher: Variant 'physx' not found in variant set 'Physics' on prim '/World/envs/env_1/Robot/FinalURDF_SLDASM'. Available variants: ['None', 'PhysX']
2026-06-18T01:26:29Z [27,367ms] [Warning] [omni.physics.isaacsimready.scripts.variant_switcher] VariantSwitcher: Variant 'physx' not found in variant set 'Physics' on prim '/World/envs/env_13/Robot/FinalURDF_SLDASM'. Available variants: ['None', 'PhysX']
2026-06-18T01:26:29Z [27,367ms] [Warning] [omni.physics.isaacsimready.scripts.variant_switcher] VariantSwitcher: Variant 'physx' not found in variant set 'Physics' on prim '/World/envs/env_60/Robot/FinalURDF_SLDASM'. Available variants: ['None', 'PhysX']
/workspace/isaaclab/_isaac_sim/kit/python/lib/python3.12/site-packages/gymnasium/wrappers/rendering.py:293: UserWarning: [33mWARN: Overwriting existing videos at /workspace/Ankybot_v2/logs/rsl_rl/imu_sensor/baseline/videos/play folder (try specifying a different `video_folder` for the `RecordVideo` wrapper if this is not desired)[0m
  logger.warn(
/workspace/isaaclab/_isaac_sim/kit/python/lib/python3.12/site-packages/rsl_rl/utils/utils.py:220: UserWarning: The observation configuration dictionary 'obs_groups' is empty and thus likely not configured. Consider configuring the 'obs_groups' dictionary explicitly
  warnings.warn(
/workspace/isaaclab/_isaac_sim/kit/python/lib/python3.12/site-packages/rsl_rl/utils/utils.py:251: UserWarning: The observation configuration dictionary 'obs_groups' does not contain the 'actor' key. As an observation group with the name 'policy' was found, this is assumed to be the appropriate observation. Consider adding the 'actor' key to the 'obs_groups' dictionary for clarity. This behavior will be removed in a future version.
  warnings.warn(
/workspace/isaaclab/_isaac_sim/kit/python/lib/python3.12/site-packages/rsl_rl/utils/utils.py:251: UserWarning: The observation configuration dictionary 'obs_groups' does not contain the 'critic' key. As an observation group with the name 'policy' was found, this is assumed to be the appropriate observation. Consider adding the 'critic' key to the 'obs_groups' dictionary for clarity. This behavior will be removed in a future version.
  warnings.warn(
/workspace/isaaclab/_isaac_sim/kit/python/lib/python3.12/copyreg.py:99: FutureWarning: `isinstance(treespec, LeafSpec)` is deprecated, use `isinstance(treespec, TreeSpec) and treespec.is_leaf()` instead.
  return cls.__new__(cls, *args)
Traceback (most recent call last):
  File "/workspace/isaaclab/source/isaaclab_tasks/isaaclab_tasks/utils/sim_launcher.py", line 223, in launch_simulation
    yield
  File "/workspace/Ankybot_v2/scripts/rsl_rl/play.py", line 199, in main
    obs, _, dones, _ = env.step(actions)
                       ^^^^^^^^^^^^^^^^^
  File "/workspace/isaaclab/source/isaaclab_rl/isaaclab_rl/rsl_rl/vecenv_wrapper.py", line 174, in step
    obs_dict, rew, terminated, truncated, extras = self.env.step(actions)
                                                   ^^^^^^^^^^^^^^^^^^^^^^
  File "/workspace/isaaclab/_isaac_sim/kit/python/lib/python3.12/site-packages/gymnasium/wrappers/rendering.py", line 363, in step
    obs, rew, terminated, truncated, info = self.env.step(action)
                                            ^^^^^^^^^^^^^^^^^^^^^
  File "/workspace/isaaclab/_isaac_sim/kit/python/lib/python3.12/site-packages/gymnasium/wrappers/common.py", line 393, in step
    return super().step(action)
           ^^^^^^^^^^^^^^^^^^^^
  File "/workspace/isaaclab/_isaac_sim/kit/python/lib/python3.12/site-packages/gymnasium/core.py", line 327, in step
    return self.env.step(action)
           ^^^^^^^^^^^^^^^^^^^^^
  File "/workspace/isaaclab/source/isaaclab/isaaclab/envs/manager_based_rl_env.py", line 197, in step
    self.scene.update(dt=self.physics_dt)
  File "/workspace/isaaclab/source/isaaclab/isaaclab/scene/interactive_scene.py", line 468, in update
    articulation.update(dt)
  File "/workspace/isaaclab/source/isaaclab_physx/isaaclab_physx/assets/articulation/articulation.py", line 281, in update
    self.data.update(dt)
  File "/workspace/isaaclab/source/isaaclab_physx/isaaclab_physx/assets/articulation/articulation_data.py", line 115, in update
    self.joint_acc
  File "/workspace/isaaclab/source/isaaclab_physx/isaaclab_physx/assets/articulation/articulation_data.py", line 813, in joint_acc
    self.joint_vel,
    ^^^^^^^^^^^^^^
  File "/workspace/isaaclab/source/isaaclab_physx/isaaclab_physx/assets/articulation/articulation_data.py", line 796, in joint_vel
    self._joint_vel.data = self._root_view.get_dof_velocities()
                           ^^^^^^^^^^^^^^^^^^^^^^^^^^^^^^^^^^
ReferenceError: weakly-referenced object no longer exists
[INFO] Using Python: "/workspace/isaaclab/_isaac_sim/python.sh"
=== Thu Jun 18 01:29:06 UTC 2026 | DONE  model_5000.pt ===
=== Thu Jun 18 01:29:06 UTC 2026 | START model_4000.pt | 15000 steps ===
[INFO]: Parsing configuration from: Ankybot_v2.tasks.manager_based.ankybot_v2.ankybot_v2_env_cfg:AnkybotV2EnvCfg_PLAY
[INFO]: Parsing configuration from: Ankybot_v2.tasks.manager_based.ankybot_v2.agents.rsl_rl_ppo_cfg:PPORunnerCfg
[2026-06-18 01:29:13,599][isaaclab.app.app_launcher][INFO] - Using device: cuda:0
[2026-06-18 01:29:13,600][isaaclab.app.app_launcher][INFO] - Loading experience file: /workspace/isaaclab/apps/isaaclab.python.rendering.kit
[2026-06-18 01:29:14,410][asyncio][DEBUG] - Using selector: EpollSelector
WARNING: All log messages before absl::InitializeLog() is called are written to STDERR
E0000 00:00:1781746154.449146  245389 descriptor_database.cc:633] File already exists in database: grpc/health/v1/health.proto
W0000 00:00:1781746154.449180  245389 message.cc:301] Protobuf GeneratedMessageFactory: File is already registered: grpc/health/v1/health.proto
[2026-06-18 01:29:22,562][trimesh.util][DEBUG] - falling back to hashlib hashing: `pip install xxhash`for 50x faster cache checks
[2026-06-18 01:29:25,332][AutoNode][DEBUG] - Defining data type 'any' as 'Any'
[2026-06-18 01:29:25,332][AutoNode][DEBUG] - Defining data type 'bool' as 'Bool' and array 'BoolArray
[2026-06-18 01:29:25,333][AutoNode][DEBUG] - Defining data type 'bundle' as 'Bundle'
[2026-06-18 01:29:25,333][AutoNode][DEBUG] - Defining data type 'colord[3]' as 'Color3d' and array 'Color3dArray
[2026-06-18 01:29:25,333][AutoNode][DEBUG] - Defining data type 'colorf[3]' as 'Color3f' and array 'Color3fArray
[2026-06-18 01:29:25,333][AutoNode][DEBUG] - Defining data type 'colorh[3]' as 'Color3h' and array 'Color3hArray
[2026-06-18 01:29:25,333][AutoNode][DEBUG] - Defining data type 'colord[4]' as 'Color4d' and array 'Color4dArray
[2026-06-18 01:29:25,334][AutoNode][DEBUG] - Defining data type 'colorf[4]' as 'Color4f' and array 'Color4fArray
[2026-06-18 01:29:25,334][AutoNode][DEBUG] - Defining data type 'colorh[4]' as 'Color4h' and array 'Color4hArray
[2026-06-18 01:29:25,334][AutoNode][DEBUG] - Defining data type 'double' as 'Double' and array 'DoubleArray
[2026-06-18 01:29:25,334][AutoNode][DEBUG] - Defining data type 'double[2]' as 'Double2' and array 'Double2Array
[2026-06-18 01:29:25,334][AutoNode][DEBUG] - Defining data type 'double[3]' as 'Double3' and array 'Double3Array
[2026-06-18 01:29:25,334][AutoNode][DEBUG] - Defining data type 'double[4]' as 'Double4' and array 'Double4Array
[2026-06-18 01:29:25,334][AutoNode][DEBUG] - Defining data type 'execution' as 'Execution'
[2026-06-18 01:29:25,335][AutoNode][DEBUG] - Defining data type 'float' as 'Float' and array 'FloatArray
[2026-06-18 01:29:25,335][AutoNode][DEBUG] - Defining data type 'float[2]' as 'Float2' and array 'Float2Array
[2026-06-18 01:29:25,335][AutoNode][DEBUG] - Defining data type 'float[3]' as 'Float3' and array 'Float3Array
[2026-06-18 01:29:25,335][AutoNode][DEBUG] - Defining data type 'float[4]' as 'Float4' and array 'Float4Array
[2026-06-18 01:29:25,335][AutoNode][DEBUG] - Defining data type 'frame[4]' as 'Frame' and array 'FrameArray
[2026-06-18 01:29:25,335][AutoNode][DEBUG] - Defining data type 'half' as 'Half' and array 'HalfArray
[2026-06-18 01:29:25,335][AutoNode][DEBUG] - Defining data type 'half[2]' as 'Half2' and array 'Half2Array
[2026-06-18 01:29:25,336][AutoNode][DEBUG] - Defining data type 'half[3]' as 'Half3' and array 'Half3Array
[2026-06-18 01:29:25,336][AutoNode][DEBUG] - Defining data type 'half[4]' as 'Half4' and array 'Half4Array
[2026-06-18 01:29:25,336][AutoNode][DEBUG] - Defining data type 'int' as 'Int' and array 'IntArray
[2026-06-18 01:29:25,336][AutoNode][DEBUG] - Defining data type 'int[2]' as 'Int2' and array 'Int2Array
[2026-06-18 01:29:25,336][AutoNode][DEBUG] - Defining data type 'int[3]' as 'Int3' and array 'Int3Array
[2026-06-18 01:29:25,336][AutoNode][DEBUG] - Defining data type 'int[4]' as 'Int4' and array 'Int4Array
[2026-06-18 01:29:25,336][AutoNode][DEBUG] - Defining data type 'int64' as 'Int64' and array 'Int64Array
[2026-06-18 01:29:25,336][AutoNode][DEBUG] - Defining data type 'matrixd[2]' as 'Matrix2d' and array 'Matrix2dArray
[2026-06-18 01:29:25,337][AutoNode][DEBUG] - Defining data type 'matrixd[3]' as 'Matrix3d' and array 'Matrix3dArray
[2026-06-18 01:29:25,337][AutoNode][DEBUG] - Defining data type 'matrixd[4]' as 'Matrix4d' and array 'Matrix4dArray
[2026-06-18 01:29:25,337][AutoNode][DEBUG] - Defining data type 'normald[3]' as 'Normal3d' and array 'Normal3dArray
[2026-06-18 01:29:25,337][AutoNode][DEBUG] - Defining data type 'normalf[3]' as 'Normal3f' and array 'Normal3fArray
[2026-06-18 01:29:25,337][AutoNode][DEBUG] - Defining data type 'normalh[3]' as 'Normal3h' and array 'Normal3hArray
[2026-06-18 01:29:25,337][AutoNode][DEBUG] - Defining data type 'objectId' as 'ObjectId' and array 'ObjectIdArray
[2026-06-18 01:29:25,337][AutoNode][DEBUG] - Defining data type 'path' as 'Path'
[2026-06-18 01:29:25,337][AutoNode][DEBUG] - Defining data type 'pointd[3]' as 'Point3d' and array 'Point3dArray
[2026-06-18 01:29:25,338][AutoNode][DEBUG] - Defining data type 'pointf[3]' as 'Point3f' and array 'Point3fArray
[2026-06-18 01:29:25,338][AutoNode][DEBUG] - Defining data type 'pointh[3]' as 'Point3h' and array 'Point3hArray
[2026-06-18 01:29:25,338][AutoNode][DEBUG] - Defining data type 'quatd[4]' as 'Quatd' and array 'QuatdArray
[2026-06-18 01:29:25,338][AutoNode][DEBUG] - Defining data type 'quatf[4]' as 'Quatf' and array 'QuatfArray
[2026-06-18 01:29:25,338][AutoNode][DEBUG] - Defining data type 'quath[4]' as 'Quath' and array 'QuathArray
[2026-06-18 01:29:25,338][AutoNode][DEBUG] - Defining data type 'string' as 'String'
[2026-06-18 01:29:25,338][AutoNode][DEBUG] - Defining data type 'target' as 'Target'
[2026-06-18 01:29:25,338][AutoNode][DEBUG] - Defining data type 'texcoordd[2]' as 'TexCoord2d' and array 'TexCoord2dArray
[2026-06-18 01:29:25,339][AutoNode][DEBUG] - Defining data type 'texcoordf[2]' as 'TexCoord2f' and array 'TexCoord2fArray
[2026-06-18 01:29:25,339][AutoNode][DEBUG] - Defining data type 'texcoordh[2]' as 'TexCoord2h' and array 'TexCoord2hArray
[2026-06-18 01:29:25,339][AutoNode][DEBUG] - Defining data type 'texcoordd[3]' as 'TexCoord3d' and array 'TexCoord3dArray
[2026-06-18 01:29:25,339][AutoNode][DEBUG] - Defining data type 'texcoordf[3]' as 'TexCoord3f' and array 'TexCoord3fArray
[2026-06-18 01:29:25,339][AutoNode][DEBUG] - Defining data type 'texcoordh[3]' as 'TexCoord3h' and array 'TexCoord3hArray
[2026-06-18 01:29:25,339][AutoNode][DEBUG] - Defining data type 'timecode' as 'Timecode' and array 'TimecodeArray
[2026-06-18 01:29:25,339][AutoNode][DEBUG] - Defining data type 'token' as 'Token' and array 'TokenArray
[2026-06-18 01:29:25,340][AutoNode][DEBUG] - Defining data type 'uchar' as 'UChar' and array 'UCharArray
[2026-06-18 01:29:25,340][AutoNode][DEBUG] - Defining data type 'uint' as 'UInt' and array 'UIntArray
[2026-06-18 01:29:25,340][AutoNode][DEBUG] - Defining data type 'uint64' as 'UInt64' and array 'UInt64Array
[2026-06-18 01:29:25,340][AutoNode][DEBUG] - Defining data type 'vectord[3]' as 'Vector3d' and array 'Vector3dArray
[2026-06-18 01:29:25,340][AutoNode][DEBUG] - Defining data type 'vectorf[3]' as 'Vector3f' and array 'Vector3fArray
[2026-06-18 01:29:25,340][AutoNode][DEBUG] - Defining data type 'vectorh[3]' as 'Vector3h' and array 'Vector3hArray
Loading user config located at: '/isaac-sim/kit/data/Kit/IsaacLab/3.0/user.config.json'
[Info] [carb] Logging to file: /isaac-sim/kit/logs/Kit/IsaacLab/3.0/kit_20260618_012913.log
2026-06-18T01:29:13Z [4ms] [Warning] [omni.ext.plugin] [ext: isaaclab_visualizers] Extensions config 'extension.toml' doesn't exist '/workspace/isaaclab/source/isaaclab_visualizers' or '/workspace/isaaclab/source/isaaclab_visualizers/config'

|---------------------------------------------------------------------------------------------|
| Driver Version: 580.159.03    | Graphics API: Vulkan
|=============================================================================================|
| GPU | Name                             | Active | LDA | GPU Memory | Vendor-ID | LUID       |
|     |                                  |        |     |            | Device-ID | UUID       |
|     |                                  |        |     |            | Bus-ID    |            |
|---------------------------------------------------------------------------------------------|
| 0   | NVIDIA GeForce RTX 2070          | Yes: 0 |     | 8438    MB | 10de      | 0          |
|     |                                  |        |     |            | 1f14      | a951febe.. |
|     |                                  |        |     |            | 1         |            |
|=============================================================================================|
| OS: 24.04.4 LTS (Noble Numbat) ubuntu, Version: 24.04.4, Kernel: 6.17.0-35-generic
| XServer Vendor: The X.Org Foundation, XServer Version: 12101011 (1.21.1.11)
| Processor: Intel(R) Core(TM) i7-10750H CPU @ 2.60GHz
| Cores: 6 | Logical Cores: 12
|---------------------------------------------------------------------------------------------|
| Total Memory (MB): 31854 | Free Memory: 21688
| Total Page/Swap (MB): 8191 | Free Page/Swap: 4743
|---------------------------------------------------------------------------------------------|
2026-06-18T01:29:15Z [1,586ms] [Warning] [gpu.foundation.plugin] CPU performance profile is set to powersave. This profile sets the CPU to the lowest frequency reducing performance.
2026-06-18T01:29:15Z [1,594ms] [Warning] [gpu.foundation.plugin] PCIe link width current (8) and maximum (16) for device 0 don't match.
2026-06-18T01:29:24Z [10,674ms] [Warning] [omni.log] Source: omni.hydra was already registered.
OmniReplicatorNvExtension starting up (ext_id: omni.replicator.nv-1.1.0).
2026-06-18T01:29:25Z [12,047ms] [Warning] [pxr.Semantics] pxr.Semantics is deprecated - please use Semantics instead
2026-06-18T01:29:25Z [12,221ms] [Warning] [omni.replicator.core.scripts.extension] No material configuration file, adding configuration to material settings directly.
2026-06-18T01:29:27Z [13,692ms] [Warning] [omni.usd] Encountered USD Warnings but USD Diagnostics are currently muted. To view USD Warnings, please set the '/persistent/app/usd/muteUsdDiagnostics' setting to false in Preferences page.
2026-06-18T01:29:28Z [15,222ms] [Warning] [omni.kit.window.filepicker.collections.collection_item] Failed to add '/root/Documents': '/root/Documents/' as dupliated path in 'Documents'
[WARNING]: The `policy` configuration is deprecated for rsl-rl >= 4.0.0. Please use, e.g., `actor` and `critic` model configurations instead.
[WARNING]: The `policy` configuration is used to infer the `actor` model configuration.
[WARNING]: The `policy` configuration is used to infer the `critic` model configuration.
[WARNING]: The `distribution_cfg` configuration is now used to specify the output distribution for stochastic policies. Consider updating the configuration to use `distribution_cfg` instead of `stochastic`, `init_noise_std`, `noise_std_type`, and `state_dependent_std` parameters.
[INFO] Loading experiment from directory: /workspace/Ankybot_v2/logs/rsl_rl/ankybot_v2
[2026-06-18 01:29:31,832][isaaclab_physx.physics.physx_manager][WARNING] - TGS solver with enable_external_forces_every_iteration=False may cause noisy velocities.
[INFO]: Base environment:
	Environment device    : cuda:0
	Environment seed      : 42
	Physics step-size     : 0.002
	Rendering step-size   : 0.002
	Environment step-size : 0.01
[2026-06-18 01:29:32,061][isaaclab.envs.manager_based_env][WARNING] - The render interval (1.0) is smaller than the decimation (5). Multiple render calls will happen for each environment step. If this is not intended, set the render interval to be equal to the decimation.
2026-06-18T01:29:30Z [17,188ms] [Warning] [omni.kit.menu.utils.layout] Multiple matching items found for layout "Physics". Found Create, Window. Change <<class 'omni.kit.menu.utils.layout.MenuLayout.SubMenu'> name:Physics> to use specific source. Using "source="Create/Physics""
2026-06-18T01:29:31Z [18,188ms] [Warning] [isaaclab_physx.physics.physx_manager] TGS solver with enable_external_forces_every_iteration=False may cause noisy velocities.
2026-06-18T01:29:32Z [18,417ms] [Warning] [isaaclab.envs.manager_based_env] The render interval (1.0) is smaller than the decimation (5). Multiple render calls will happen for each environment step. If this is not intended, set the render interval to be equal to the decimation.
2026-06-18T01:29:34Z [20,582ms] [Warning] [omni.fabric.plugin] Warning: attribute material:binding not found for path /__Prototype_9577466006161096839/BLHip

2026-06-18T01:29:34Z [21,341ms] [Warning] [isaacsim.core.simulation_manager.impl.simulation_manager] Changing backend from 'numpy' to 'torch' since NumPy cannot be used with GPU piplines
2026-06-18T01:29:35Z [21,756ms] [Warning] [omni.physics.isaacsimready.scripts.variant_switcher] VariantSwitcher: Variant 'physx' not found in variant set 'Physics' on prim '/World/envs/env_21/Robot/FinalURDF_SLDASM'. Available variants: ['None', 'PhysX']
2026-06-18T01:29:35Z [21,757ms] [Warning] [omni.physics.isaacsimready.scripts.variant_switcher] VariantSwitcher: Variant 'physx' not found in variant set 'Physics' on prim '/World/envs/env_79/Robot/FinalURDF_SLDASM'. Available variants: ['None', 'PhysX']
2026-06-18T01:29:35Z [21,757ms] [Warning] [omni.physics.isaacsimready.scripts.variant_switcher] VariantSwitcher: Variant 'physx' not found in variant set 'Physics' on prim '/World/envs/env_84/Robot/FinalURDF_SLDASM'. Available variants: ['None', 'PhysX']
2026-06-18T01:29:35Z [21,757ms] [Warning] [omni.physics.isaacsimready.scripts.variant_switcher] VariantSwitcher: Variant 'physx' not found in variant set 'Physics' on prim '/World/envs/env_16/Robot/FinalURDF_SLDASM'. Available variants: ['None', 'PhysX']
2026-06-18T01:29:35Z [21,757ms] [Warning] [omni.physics.isaacsimready.scripts.variant_switcher] VariantSwitcher: Variant 'physx' not found in variant set 'Physics' on prim '/World/envs/env_0/Robot/FinalURDF_SLDASM'. Available variants: ['None', 'PhysX']
2026-06-18T01:29:35Z [21,757ms] [Warning] [omni.physics.isaacsimready.scripts.variant_switcher] VariantSwitcher: Variant 'physx' not found in variant set 'Physics' on prim '/World/envs/env_77/Robot/FinalURDF_SLDASM'. Available variants: ['None', 'PhysX']
2026-06-18T01:29:35Z [21,757ms] [Warning] [omni.physics.isaacsimready.scripts.variant_switcher] VariantSwitcher: Variant 'physx' not found in variant set 'Physics' on prim '/World/envs/env_68/Robot/FinalURDF_SLDASM'. Available variants: ['None', 'PhysX']
2026-06-18T01:29:35Z [21,757ms] [Warning] [omni.physics.isaacsimready.scripts.variant_switcher] VariantSwitcher: Variant 'physx' not found in variant set 'Physics' on prim '/World/envs/env_53/Robot/FinalURDF_SLDASM'. Available variants: ['None', 'PhysX']
2026-06-18T01:29:35Z [21,757ms] [Warning] [omni.physics.isaacsimready.scripts.variant_switcher] VariantSwitcher: Variant 'physx' not found in variant set 'Physics' on prim '/World/envs/env_121/Robot/FinalURDF_SLDASM'. Available variants: ['None', 'PhysX']
2026-06-18T01:29:35Z [21,757ms] [Warning] [omni.physics.isaacsimready.scripts.variant_switcher] VariantSwitcher: Variant 'physx' not found in variant set 'Physics' on prim '/World/envs/env_34/Robot/FinalURDF_SLDASM'. Available variants: ['None', 'PhysX']
2026-06-18T01:29:35Z [21,757ms] [Warning] [omni.physics.isaacsimready.scripts.variant_switcher] VariantSwitcher: Variant 'physx' not found in variant set 'Physics' on prim '/World/envs/env_102/Robot/FinalURDF_SLDASM'. Available variants: ['None', 'PhysX']
2026-06-18T01:29:35Z [21,757ms] [Warning] [omni.physics.isaacsimready.scripts.variant_switcher] VariantSwitcher: Variant 'physx' not found in variant set 'Physics' on prim '/World/envs/env_95/Robot/FinalURDF_SLDASM'. Available variants: ['None', 'PhysX']
2026-06-18T01:29:35Z [21,757ms] [Warning] [omni.physics.isaacsimready.scripts.variant_switcher] VariantSwitcher: Variant 'physx' not found in variant set 'Physics' on prim '/World/envs/env_125/Robot/FinalURDF_SLDASM'. Available variants: ['None', 'PhysX']
2026-06-18T01:29:35Z [21,757ms] [Warning] [omni.physics.isaacsimready.scripts.variant_switcher] VariantSwitcher: Variant 'physx' not found in variant set 'Physics' on prim '/World/envs/env_12/Robot/FinalURDF_SLDASM'. Available variants: ['None', 'PhysX']
2026-06-18T01:29:35Z [21,758ms] [Warning] [omni.physics.isaacsimready.scripts.variant_switcher] VariantSwitcher: Variant 'physx' not found in variant set 'Physics' on prim '/World/envs/env_52/Robot/FinalURDF_SLDASM'. Available variants: ['None', 'PhysX']
2026-06-18T01:29:35Z [21,758ms] [Warning] [omni.physics.isaacsimready.scripts.variant_switcher] VariantSwitcher: Variant 'physx' not found in variant set 'Physics' on prim '/World/envs/env_29/Robot/FinalURDF_SLDASM'. Available variants: ['None', 'PhysX']
2026-06-18T01:29:35Z [21,758ms] [Warning] [omni.physics.isaacsimready.scripts.variant_switcher] VariantSwitcher: Variant 'physx' not found in variant set 'Physics' on prim '/World/envs/env_19/Robot/FinalURDF_SLDASM'. Available variants: ['None', 'PhysX']
2026-06-18T01:29:35Z [21,758ms] [Warning] [omni.physics.isaacsimready.scripts.variant_switcher] VariantSwitcher: Variant 'physx' not found in variant set 'Physics' on prim '/World/envs/env_103/Robot/FinalURDF_SLDASM'. Available variants: ['None', 'PhysX']
2026-06-18T01:29:35Z [21,758ms] [Warning] [omni.physics.isaacsimready.scripts.variant_switcher] VariantSwitcher: Variant 'physx' not found in variant set 'Physics' on prim '/World/envs/env_22/Robot/FinalURDF_SLDASM'. Available variants: ['None', 'PhysX']
2026-06-18T01:29:35Z [21,758ms] [Warning] [omni.physics.isaacsimready.scripts.variant_switcher] VariantSwitcher: Variant 'physx' not found in variant set 'Physics' on prim '/World/envs/env_88/Robot/FinalURDF_SLDASM'. Available variants: ['None', 'PhysX']
2026-06-18T01:29:35Z [21,758ms] [Warning] [omni.physics.isaacsimready.scripts.variant_switcher] VariantSwitcher: Variant 'physx' not found in variant set 'Physics' on prim '/World/envs/env_51/Robot/FinalURDF_SLDASM'. Available variants: ['None', 'PhysX']
2026-06-18T01:29:35Z [21,758ms] [Warning] [omni.physics.isaacsimready.scripts.variant_switcher] VariantSwitcher: Variant 'physx' not found in variant set 'Physics' on prim '/World/envs/env_85/Robot/FinalURDF_SLDASM'. Available variants: ['None', 'PhysX']
2026-06-18T01:29:35Z [21,758ms] [Warning] [omni.physics.isaacsimready.scripts.variant_switcher] VariantSwitcher: Variant 'physx' not found in variant set 'Physics' on prim '/World/envs/env_110/Robot/FinalURDF_SLDASM'. Available variants: ['None', 'PhysX']
2026-06-18T01:29:35Z [21,758ms] [Warning] [omni.physics.isaacsimready.scripts.variant_switcher] VariantSwitcher: Variant 'physx' not found in variant set 'Physics' on prim '/World/envs/env_36/Robot/FinalURDF_SLDASM'. Available variants: ['None', 'PhysX']
2026-06-18T01:29:35Z [21,758ms] [Warning] [omni.physics.isaacsimready.scripts.variant_switcher] VariantSwitcher: Variant 'physx' not found in variant set 'Physics' on prim '/World/envs/env_80/Robot/FinalURDF_SLDASM'. Available variants: ['None', 'PhysX']
2026-06-18T01:29:35Z [21,758ms] [Warning] [omni.physics.isaacsimready.scripts.variant_switcher] VariantSwitcher: Variant 'physx' not found in variant set 'Physics' on prim '/World/envs/env_61/Robot/FinalURDF_SLDASM'. Available variants: ['None', 'PhysX']
2026-06-18T01:29:35Z [21,758ms] [Warning] [omni.physics.isaacsimready.scripts.variant_switcher] VariantSwitcher: Variant 'physx' not found in variant set 'Physics' on prim '/World/envs/env_30/Robot/FinalURDF_SLDASM'. Available variants: ['None', 'PhysX']
2026-06-18T01:29:35Z [21,758ms] [Warning] [omni.physics.isaacsimready.scripts.variant_switcher] VariantSwitcher: Variant 'physx' not found in variant set 'Physics' on prim '/World/envs/env_109/Robot/FinalURDF_SLDASM'. Available variants: ['None', 'PhysX']
2026-06-18T01:29:35Z [21,758ms] [Warning] [omni.physics.isaacsimready.scripts.variant_switcher] VariantSwitcher: Variant 'physx' not found in variant set 'Physics' on prim '/World/envs/env_5/Robot/FinalURDF_SLDASM'. Available variants: ['None', 'PhysX']
2026-06-18T01:29:35Z [21,759ms] [Warning] [omni.physics.isaacsimready.scripts.variant_switcher] VariantSwitcher: Variant 'physx' not found in variant set 'Physics' on prim '/World/envs/env_17/Robot/FinalURDF_SLDASM'. Available variants: ['None', 'PhysX']
2026-06-18T01:29:35Z [21,759ms] [Warning] [omni.physics.isaacsimready.scripts.variant_switcher] VariantSwitcher: Variant 'physx' not found in variant set 'Physics' on prim '/World/envs/env_50/Robot/FinalURDF_SLDASM'. Available variants: ['None', 'PhysX']
2026-06-18T01:29:35Z [21,759ms] [Warning] [omni.physics.isaacsimready.scripts.variant_switcher] VariantSwitcher: Variant 'physx' not found in variant set 'Physics' on prim '/World/envs/env_92/Robot/FinalURDF_SLDASM'. Available variants: ['None', 'PhysX']
2026-06-18T01:29:35Z [21,759ms] [Warning] [omni.physics.isaacsimready.scripts.variant_switcher] VariantSwitcher: Variant 'physx' not found in variant set 'Physics' on prim '/World/envs/env_26/Robot/FinalURDF_SLDASM'. Available variants: ['None', 'PhysX']
2026-06-18T01:29:35Z [21,759ms] [Warning] [omni.physics.isaacsimready.scripts.variant_switcher] VariantSwitcher: Variant 'physx' not found in variant set 'Physics' on prim '/World/envs/env_119/Robot/FinalURDF_SLDASM'. Available variants: ['None', 'PhysX']
2026-06-18T01:29:35Z [21,759ms] [Warning] [omni.physics.isaacsimready.scripts.variant_switcher] VariantSwitcher: Variant 'physx' not found in variant set 'Physics' on prim '/World/envs/env_67/Robot/FinalURDF_SLDASM'. Available variants: ['None', 'PhysX']
2026-06-18T01:29:35Z [21,759ms] [Warning] [omni.physics.isaacsimready.scripts.variant_switcher] VariantSwitcher: Variant 'physx' not found in variant set 'Physics' on prim '/World/envs/env_64/Robot/FinalURDF_SLDASM'. Available variants: ['None', 'PhysX']
2026-06-18T01:29:35Z [21,759ms] [Warning] [omni.physics.isaacsimready.scripts.variant_switcher] VariantSwitcher: Variant 'physx' not found in variant set 'Physics' on prim '/World/envs/env_78/Robot/FinalURDF_SLDASM'. Available variants: ['None', 'PhysX']
2026-06-18T01:29:35Z [21,759ms] [Warning] [omni.physics.isaacsimready.scripts.variant_switcher] VariantSwitcher: Variant 'physx' not found in variant set 'Physics' on prim '/World/envs/env_37/Robot/FinalURDF_SLDASM'. Available variants: ['None', 'PhysX']
2026-06-18T01:29:35Z [21,759ms] [Warning] [omni.physics.isaacsimready.scripts.variant_switcher] VariantSwitcher: Variant 'physx' not found in variant set 'Physics' on prim '/World/envs/env_97/Robot/FinalURDF_SLDASM'. Available variants: ['None', 'PhysX']
2026-06-18T01:29:35Z [21,759ms] [Warning] [omni.physics.isaacsimready.scripts.variant_switcher] VariantSwitcher: Variant 'physx' not found in variant set 'Physics' on prim '/World/envs/env_15/Robot/FinalURDF_SLDASM'. Available variants: ['None', 'PhysX']
2026-06-18T01:29:35Z [21,759ms] [Warning] [omni.physics.isaacsimready.scripts.variant_switcher] VariantSwitcher: Variant 'physx' not found in variant set 'Physics' on prim '/World/envs/env_118/Robot/FinalURDF_SLDASM'. Available variants: ['None', 'PhysX']
2026-06-18T01:29:35Z [21,759ms] [Warning] [omni.physics.isaacsimready.scripts.variant_switcher] VariantSwitcher: Variant 'physx' not found in variant set 'Physics' on prim '/World/envs/env_48/Robot/FinalURDF_SLDASM'. Available variants: ['None', 'PhysX']
2026-06-18T01:29:35Z [21,759ms] [Warning] [omni.physics.isaacsimready.scripts.variant_switcher] VariantSwitcher: Variant 'physx' not found in variant set 'Physics' on prim '/World/envs/env_60/Robot/FinalURDF_SLDASM'. Available variants: ['None', 'PhysX']
2026-06-18T01:29:35Z [21,759ms] [Warning] [omni.physics.isaacsimready.scripts.variant_switcher] VariantSwitcher: Variant 'physx' not found in variant set 'Physics' on prim '/World/envs/env_123/Robot/FinalURDF_SLDASM'. Available variants: ['None', 'PhysX']
2026-06-18T01:29:35Z [21,759ms] [Warning] [omni.physics.isaacsimready.scripts.variant_switcher] VariantSwitcher: Variant 'physx' not found in variant set 'Physics' on prim '/World/envs/env_47/Robot/FinalURDF_SLDASM'. Available variants: ['None', 'PhysX']
2026-06-18T01:29:35Z [21,760ms] [Warning] [omni.physics.isaacsimready.scripts.variant_switcher] VariantSwitcher: Variant 'physx' not found in variant set 'Physics' on prim '/World/envs/env_69/Robot/FinalURDF_SLDASM'. Available variants: ['None', 'PhysX']
2026-06-18T01:29:35Z [21,760ms] [Warning] [omni.physics.isaacsimready.scripts.variant_switcher] VariantSwitcher: Variant 'physx' not found in variant set 'Physics' on prim '/World/envs/env_11/Robot/FinalURDF_SLDASM'. Available variants: ['None', 'PhysX']
2026-06-18T01:29:35Z [21,760ms] [Warning] [omni.physics.isaacsimready.scripts.variant_switcher] VariantSwitcher: Variant 'physx' not found in variant set 'Physics' on prim '/World/envs/env_46/Robot/FinalURDF_SLDASM'. Available variants: ['None', 'PhysX']
2026-06-18T01:29:35Z [21,760ms] [Warning] [omni.physics.isaacsimready.scripts.variant_switcher] VariantSwitcher: Variant 'physx' not found in variant set 'Physics' on prim '/World/envs/env_55/Robot/FinalURDF_SLDASM'. Available variants: ['None', 'PhysX']
2026-06-18T01:29:35Z [21,760ms] [Warning] [omni.physics.isaacsimready.scripts.variant_switcher] VariantSwitcher: Variant 'physx' not found in variant set 'Physics' on prim '/World/envs/env_45/Robot/FinalURDF_SLDASM'. Available variants: ['None', 'PhysX']
2026-06-18T01:29:35Z [21,760ms] [Warning] [omni.physics.isaacsimready.scripts.variant_switcher] VariantSwitcher: Variant 'physx' not found in variant set 'Physics' on prim '/World/envs/env_4/Robot/FinalURDF_SLDASM'. Available variants: ['None', 'PhysX']
2026-06-18T01:29:35Z [21,760ms] [Warning] [omni.physics.isaacsimready.scripts.variant_switcher] VariantSwitcher: Variant 'physx' not found in variant set 'Physics' on prim '/World/envs/env_43/Robot/FinalURDF_SLDASM'. Available variants: ['None', 'PhysX']
2026-06-18T01:29:35Z [21,760ms] [Warning] [omni.physics.isaacsimready.scripts.variant_switcher] VariantSwitcher: Variant 'physx' not found in variant set 'Physics' on prim '/World/envs/env_63/Robot/FinalURDF_SLDASM'. Available variants: ['None', 'PhysX']
2026-06-18T01:29:35Z [21,760ms] [Warning] [omni.physics.isaacsimready.scripts.variant_switcher] VariantSwitcher: Variant 'physx' not found in variant set 'Physics' on prim '/World/envs/env_66/Robot/FinalURDF_SLDASM'. Available variants: ['None', 'PhysX']
2026-06-18T01:29:35Z [21,760ms] [Warning] [omni.physics.isaacsimready.scripts.variant_switcher] VariantSwitcher: Variant 'physx' not found in variant set 'Physics' on prim '/World/envs/env_99/Robot/FinalURDF_SLDASM'. Available variants: ['None', 'PhysX']
2026-06-18T01:29:35Z [21,760ms] [Warning] [omni.physics.isaacsimready.scripts.variant_switcher] VariantSwitcher: Variant 'physx' not found in variant set 'Physics' on prim '/World/envs/env_126/Robot/FinalURDF_SLDASM'. Available variants: ['None', 'PhysX']
2026-06-18T01:29:35Z [21,760ms] [Warning] [omni.physics.isaacsimready.scripts.variant_switcher] VariantSwitcher: Variant 'physx' not found in variant set 'Physics' on prim '/World/envs/env_71/Robot/FinalURDF_SLDASM'. Available variants: ['None', 'PhysX']
2026-06-18T01:29:35Z [21,760ms] [Warning] [omni.physics.isaacsimready.scripts.variant_switcher] VariantSwitcher: Variant 'physx' not found in variant set 'Physics' on prim '/World/envs/env_24/Robot/FinalURDF_SLDASM'. Available variants: ['None', 'PhysX']
2026-06-18T01:29:35Z [21,760ms] [Warning] [omni.physics.isaacsimready.scripts.variant_switcher] VariantSwitcher: Variant 'physx' not found in variant set 'Physics' on prim '/World/envs/env_54/Robot/FinalURDF_SLDASM'. Available variants: ['None', 'PhysX']
2026-06-18T01:29:35Z [21,761ms] [Warning] [omni.physics.isaacsimready.scripts.variant_switcher] VariantSwitcher: Variant 'physx' not found in variant set 'Physics' on prim '/World/envs/env_59/Robot/FinalURDF_SLDASM'. Available variants: ['None', 'PhysX']
2026-06-18T01:29:35Z [21,761ms] [Warning] [omni.physics.isaacsimready.scripts.variant_switcher] VariantSwitcher: Variant 'physx' not found in variant set 'Physics' on prim '/World/envs/env_90/Robot/FinalURDF_SLDASM'. Available variants: ['None', 'PhysX']
2026-06-18T01:29:35Z [21,761ms] [Warning] [omni.physics.isaacsimready.scripts.variant_switcher] VariantSwitcher: Variant 'physx' not found in variant set 'Physics' on prim '/World/envs/env_28/Robot/FinalURDF_SLDASM'. Available variants: ['None', 'PhysX']
2026-06-18T01:29:35Z [21,761ms] [Warning] [omni.physics.isaacsimready.scripts.variant_switcher] VariantSwitcher: Variant 'physx' not found in variant set 'Physics' on prim '/World/envs/env_33/Robot/FinalURDF_SLDASM'. Available variants: ['None', 'PhysX']
2026-06-18T01:29:35Z [21,761ms] [Warning] [omni.physics.isaacsimready.scripts.variant_switcher] VariantSwitcher: Variant 'physx' not found in variant set 'Physics' on prim '/World/envs/env_73/Robot/FinalURDF_SLDASM'. Available variants: ['None', 'PhysX']
2026-06-18T01:29:35Z [21,761ms] [Warning] [omni.physics.isaacsimready.scripts.variant_switcher] VariantSwitcher: Variant 'physx' not found in variant set 'Physics' on prim '/World/envs/env_6/Robot/FinalURDF_SLDASM'. Available variants: ['None', 'PhysX']
2026-06-18T01:29:35Z [21,761ms] [Warning] [omni.physics.isaacsimready.scripts.variant_switcher] VariantSwitcher: Variant 'physx' not found in variant set 'Physics' on prim '/World/envs/env_115/Robot/FinalURDF_SLDASM'. Available variants: ['None', 'PhysX']
2026-06-18T01:29:35Z [21,761ms] [Warning] [omni.physics.isaacsimready.scripts.variant_switcher] VariantSwitcher: Variant 'physx' not found in variant set 'Physics' on prim '/World/envs/env_87/Robot/FinalURDF_SLDASM'. Available variants: ['None', 'PhysX']
2026-06-18T01:29:35Z [21,761ms] [Warning] [omni.physics.isaacsimready.scripts.variant_switcher] VariantSwitcher: Variant 'physx' not found in variant set 'Physics' on prim '/World/envs/env_75/Robot/FinalURDF_SLDASM'. Available variants: ['None', 'PhysX']
2026-06-18T01:29:35Z [21,761ms] [Warning] [omni.physics.isaacsimready.scripts.variant_switcher] VariantSwitcher: Variant 'physx' not found in variant set 'Physics' on prim '/World/envs/env_101/Robot/FinalURDF_SLDASM'. Available variants: ['None', 'PhysX']
2026-06-18T01:29:35Z [21,761ms] [Warning] [omni.physics.isaacsimready.scripts.variant_switcher] VariantSwitcher: Variant 'physx' not found in variant set 'Physics' on prim '/World/envs/env_62/Robot/FinalURDF_SLDASM'. Available variants: ['None', 'PhysX']
2026-06-18T01:29:35Z [21,761ms] [Warning] [omni.physics.isaacsimready.scripts.variant_switcher] VariantSwitcher: Variant 'physx' not found in variant set 'Physics' on prim '/World/envs/env_114/Robot/FinalURDF_SLDASM'. Available variants: ['None', 'PhysX']
2026-06-18T01:29:35Z [21,761ms] [Warning] [omni.physics.isaacsimready.scripts.variant_switcher] VariantSwitcher: Variant 'physx' not found in variant set 'Physics' on prim '/World/envs/env_8/Robot/FinalURDF_SLDASM'. Available variants: ['None', 'PhysX']
2026-06-18T01:29:35Z [21,761ms] [Warning] [omni.physics.isaacsimready.scripts.variant_switcher] VariantSwitcher: Variant 'physx' not found in variant set 'Physics' on prim '/World/envs/env_14/Robot/FinalURDF_SLDASM'. Available variants: ['None', 'PhysX']
2026-06-18T01:29:35Z [21,762ms] [Warning] [omni.physics.isaacsimready.scripts.variant_switcher] VariantSwitcher: Variant 'physx' not found in variant set 'Physics' on prim '/World/envs/env_58/Robot/FinalURDF_SLDASM'. Available variants: ['None', 'PhysX']
2026-06-18T01:29:35Z [21,762ms] [Warning] [omni.physics.isaacsimready.scripts.variant_switcher] VariantSwitcher: Variant 'physx' not found in variant set 'Physics' on prim '/World/envs/env_65/Robot/FinalURDF_SLDASM'. Available variants: ['None', 'PhysX']
2026-06-18T01:29:35Z [21,762ms] [Warning] [omni.physics.isaacsimready.scripts.variant_switcher] VariantSwitcher: Variant 'physx' not found in variant set 'Physics' on prim '/World/envs/env_10/Robot/FinalURDF_SLDASM'. Available variants: ['None', 'PhysX']
2026-06-18T01:29:35Z [21,762ms] [Warning] [omni.physics.isaacsimready.scripts.variant_switcher] VariantSwitcher: Variant 'physx' not found in variant set 'Physics' on prim '/World/envs/env_82/Robot/FinalURDF_SLDASM'. Available variants: ['None', 'PhysX']
2026-06-18T01:29:35Z [21,762ms] [Warning] [omni.physics.isaacsimready.scripts.variant_switcher] VariantSwitcher: Variant 'physx' not found in variant set 'Physics' on prim '/World/envs/env_25/Robot/FinalURDF_SLDASM'. Available variants: ['None', 'PhysX']
2026-06-18T01:29:35Z [21,762ms] [Warning] [omni.physics.isaacsimready.scripts.variant_switcher] VariantSwitcher: Variant 'physx' not found in variant set 'Physics' on prim '/World/envs/env_3/Robot/FinalURDF_SLDASM'. Available variants: ['None', 'PhysX']
2026-06-18T01:29:35Z [21,762ms] [Warning] [omni.physics.isaacsimready.scripts.variant_switcher] VariantSwitcher: Variant 'physx' not found in variant set 'Physics' on prim '/World/envs/env_91/Robot/FinalURDF_SLDASM'. Available variants: ['None', 'PhysX']
2026-06-18T01:29:35Z [21,762ms] [Warning] [omni.physics.isaacsimready.scripts.variant_switcher] VariantSwitcher: Variant 'physx' not found in variant set 'Physics' on prim '/World/envs/env_113/Robot/FinalURDF_SLDASM'. Available variants: ['None', 'PhysX']
2026-06-18T01:29:35Z [21,762ms] [Warning] [omni.physics.isaacsimready.scripts.variant_switcher] VariantSwitcher: Variant 'physx' not found in variant set 'Physics' on prim '/World/envs/env_120/Robot/FinalURDF_SLDASM'. Available variants: ['None', 'PhysX']
2026-06-18T01:29:35Z [21,762ms] [Warning] [omni.physics.isaacsimready.scripts.variant_switcher] VariantSwitcher: Variant 'physx' not found in variant set 'Physics' on prim '/World/envs/env_112/Robot/FinalURDF_SLDASM'. Available variants: ['None', 'PhysX']
2026-06-18T01:29:35Z [21,762ms] [Warning] [omni.physics.isaacsimready.scripts.variant_switcher] VariantSwitcher: Variant 'physx' not found in variant set 'Physics' on prim '/World/envs/env_35/Robot/FinalURDF_SLDASM'. Available variants: ['None', 'PhysX']
2026-06-18T01:29:35Z [21,762ms] [Warning] [omni.physics.isaacsimready.scripts.variant_switcher] VariantSwitcher: Variant 'physx' not found in variant set 'Physics' on prim '/World/envs/env_70/Robot/FinalURDF_SLDASM'. Available variants: ['None', 'PhysX']
2026-06-18T01:29:35Z [21,762ms] [Warning] [omni.physics.isaacsimready.scripts.variant_switcher] VariantSwitcher: Variant 'physx' not found in variant set 'Physics' on prim '/World/envs/env_104/Robot/FinalURDF_SLDASM'. Available variants: ['None', 'PhysX']
2026-06-18T01:29:35Z [21,762ms] [Warning] [omni.physics.isaacsimready.scripts.variant_switcher] VariantSwitcher: Variant 'physx' not found in variant set 'Physics' on prim '/World/envs/env_96/Robot/FinalURDF_SLDASM'. Available variants: ['None', 'PhysX']
2026-06-18T01:29:35Z [21,762ms] [Warning] [omni.physics.isaacsimready.scripts.variant_switcher] VariantSwitcher: Variant 'physx' not found in variant set 'Physics' on prim '/World/envs/env_111/Robot/FinalURDF_SLDASM'. Available variants: ['None', 'PhysX']
2026-06-18T01:29:35Z [21,762ms] [Warning] [omni.physics.isaacsimready.scripts.variant_switcher] VariantSwitcher: Variant 'physx' not found in variant set 'Physics' on prim '/World/envs/env_105/Robot/FinalURDF_SLDASM'. Available variants: ['None', 'PhysX']
2026-06-18T01:29:35Z [21,763ms] [Warning] [omni.physics.isaacsimready.scripts.variant_switcher] VariantSwitcher: Variant 'physx' not found in variant set 'Physics' on prim '/World/envs/env_57/Robot/FinalURDF_SLDASM'. Available variants: ['None', 'PhysX']
2026-06-18T01:29:35Z [21,763ms] [Warning] [omni.physics.isaacsimready.scripts.variant_switcher] VariantSwitcher: Variant 'physx' not found in variant set 'Physics' on prim '/World/envs/env_106/Robot/FinalURDF_SLDASM'. Available variants: ['None', 'PhysX']
2026-06-18T01:29:35Z [21,763ms] [Warning] [omni.physics.isaacsimready.scripts.variant_switcher] VariantSwitcher: Variant 'physx' not found in variant set 'Physics' on prim '/World/envs/env_124/Robot/FinalURDF_SLDASM'. Available variants: ['None', 'PhysX']
2026-06-18T01:29:35Z [21,763ms] [Warning] [omni.physics.isaacsimready.scripts.variant_switcher] VariantSwitcher: Variant 'physx' not found in variant set 'Physics' on prim '/World/envs/env_108/Robot/FinalURDF_SLDASM'. Available variants: ['None', 'PhysX']
2026-06-18T01:29:35Z [21,763ms] [Warning] [omni.physics.isaacsimready.scripts.variant_switcher] VariantSwitcher: Variant 'physx' not found in variant set 'Physics' on prim '/World/envs/env_107/Robot/FinalURDF_SLDASM'. Available variants: ['None', 'PhysX']
2026-06-18T01:29:35Z [21,763ms] [Warning] [omni.physics.isaacsimready.scripts.variant_switcher] VariantSwitcher: Variant 'physx' not found in variant set 'Physics' on prim '/World/envs/env_72/Robot/FinalURDF_SLDASM'. Available variants: ['None', 'PhysX']
2026-06-18T01:29:35Z [21,763ms] [Warning] [omni.physics.isaacsimready.scripts.variant_switcher] VariantSwitcher: Variant 'physx' not found in variant set 'Physics' on prim '/World/envs/env_74/Robot/FinalURDF_SLDASM'. Available variants: ['None', 'PhysX']
2026-06-18T01:29:35Z [21,763ms] [Warning] [omni.physics.isaacsimready.scripts.variant_switcher] VariantSwitcher: Variant 'physx' not found in variant set 'Physics' on prim '/World/envs/env_76/Robot/FinalURDF_SLDASM'. Available variants: ['None', 'PhysX']
2026-06-18T01:29:35Z [21,763ms] [Warning] [omni.physics.isaacsimready.scripts.variant_switcher] VariantSwitcher: Variant 'physx' not found in variant set 'Physics' on prim '/World/envs/env_56/Robot/FinalURDF_SLDASM'. Available variants: ['None', 'PhysX']
2026-06-18T01:29:35Z [21,763ms] [Warning] [omni.physics.isaacsimready.scripts.variant_switcher] VariantSwitcher: Variant 'physx' not found in variant set 'Physics' on prim '/World/envs/env_2/Robot/FinalURDF_SLDASM'. Available variants: ['None', 'PhysX']
2026-06-18T01:29:35Z [21,763ms] [Warning] [omni.physics.isaacsimready.scripts.variant_switcher] VariantSwitcher: Variant 'physx' not found in variant set 'Physics' on prim '/World/envs/env_49/Robot/FinalURDF_SLDASM'. Available variants: ['None', 'PhysX']
2026-06-18T01:29:35Z [21,763ms] [Warning] [omni.physics.isaacsimready.scripts.variant_switcher] VariantSwitcher: Variant 'physx' not found in variant set 'Physics' on prim '/World/envs/env_38/Robot/FinalURDF_SLDASM'. Available variants: ['None', 'PhysX']
2026-06-18T01:29:35Z [21,763ms] [Warning] [omni.physics.isaacsimready.scripts.variant_switcher] VariantSwitcher: Variant 'physx' not found in variant set 'Physics' on prim '/World/envs/env_20/Robot/FinalURDF_SLDASM'. Available variants: ['None', 'PhysX']
2026-06-18T01:29:35Z [21,763ms] [Warning] [omni.physics.isaacsimready.scripts.variant_switcher] VariantSwitcher: Variant 'physx' not found in variant set 'Physics' on prim '/World/envs/env_7/Robot/FinalURDF_SLDASM'. Available variants: ['None', 'PhysX']
2026-06-18T01:29:35Z [21,763ms] [Warning] [omni.physics.isaacsimready.scripts.variant_switcher] VariantSwitcher: Variant 'physx' not found in variant set 'Physics' on prim '/World/envs/env_127/Robot/FinalURDF_SLDASM'. Available variants: ['None', 'PhysX']
2026-06-18T01:29:35Z [21,764ms] [Warning] [omni.physics.isaacsimready.scripts.variant_switcher] VariantSwitcher: Variant 'physx' not found in variant set 'Physics' on prim '/World/envs/env_23/Robot/FinalURDF_SLDASM'. Available variants: ['None', 'PhysX']
2026-06-18T01:29:35Z [21,764ms] [Warning] [omni.physics.isaacsimready.scripts.variant_switcher] VariantSwitcher: Variant 'physx' not found in variant set 'Physics' on prim '/World/envs/env_83/Robot/FinalURDF_SLDASM'. Available variants: ['None', 'PhysX']
2026-06-18T01:29:35Z [21,764ms] [Warning] [omni.physics.isaacsimready.scripts.variant_switcher] VariantSwitcher: Variant 'physx' not found in variant set 'Physics' on prim '/World/envs/env_31/Robot/FinalURDF_SLDASM'. Available variants: ['None', 'PhysX']
2026-06-18T01:29:35Z [21,764ms] [Warning] [omni.physics.isaacsimready.scripts.variant_switcher] VariantSwitcher: Variant 'physx' not found in variant set 'Physics' on prim '/World/envs/env_98/Robot/FinalURDF_SLDASM'. Available variants: ['None', 'PhysX']
2026-06-18T01:29:35Z [21,764ms] [Warning] [omni.physics.isaacsimready.scripts.variant_switcher] VariantSwitcher: Variant 'physx' not found in variant set 'Physics' on prim '/World/envs/env_89/Robot/FinalURDF_SLDASM'. Available variants: ['None', 'PhysX']
2026-06-18T01:29:35Z [21,764ms] [Warning] [omni.physics.isaacsimready.scripts.variant_switcher] VariantSwitcher: Variant 'physx' not found in variant set 'Physics' on prim '/World/envs/env_39/Robot/FinalURDF_SLDASM'. Available variants: ['None', 'PhysX']
2026-06-18T01:29:35Z [21,764ms] [Warning] [omni.physics.isaacsimready.scripts.variant_switcher] VariantSwitcher: Variant 'physx' not found in variant set 'Physics' on prim '/World/envs/env_9/Robot/FinalURDF_SLDASM'. Available variants: ['None', 'PhysX']
2026-06-18T01:29:35Z [21,764ms] [Warning] [omni.physics.isaacsimready.scripts.variant_switcher] VariantSwitcher: Variant 'physx' not found in variant set 'Physics' on prim '/World/envs/env_13/Robot/FinalURDF_SLDASM'. Available variants: ['None', 'PhysX']
2026-06-18T01:29:35Z [21,764ms] [Warning] [omni.physics.isaacsimready.scripts.variant_switcher] VariantSwitcher: Variant 'physx' not found in variant set 'Physics' on prim '/World/envs/env_86/Robot/FinalURDF_SLDASM'. Available variants: ['None', 'PhysX']
2026-06-18T01:29:35Z [21,764ms] [Warning] [omni.physics.isaacsimready.scripts.variant_switcher] VariantSwitcher: Variant 'physx' not found in variant set 'Physics' on prim '/World/envs/env_40/Robot/FinalURDF_SLDASM'. Available variants: ['None', 'PhysX']
/workspace/isaaclab/_isaac_sim/kit/python/lib/python3.12/site-packages/gymnasium/wrappers/rendering.py:293: UserWarning: [33mWARN: Overwriting existing videos at /workspace/Ankybot_v2/logs/rsl_rl/imu_sensor/baseline/videos/play folder (try specifying a different `video_folder` for the `RecordVideo` wrapper if this is not desired)[0m
  logger.warn(
/workspace/isaaclab/_isaac_sim/kit/python/lib/python3.12/site-packages/rsl_rl/utils/utils.py:220: UserWarning: The observation configuration dictionary 'obs_groups' is empty and thus likely not configured. Consider configuring the 'obs_groups' dictionary explicitly
  warnings.warn(
/workspace/isaaclab/_isaac_sim/kit/python/lib/python3.12/site-packages/rsl_rl/utils/utils.py:251: UserWarning: The observation configuration dictionary 'obs_groups' does not contain the 'actor' key. As an observation group with the name 'policy' was found, this is assumed to be the appropriate observation. Consider adding the 'actor' key to the 'obs_groups' dictionary for clarity. This behavior will be removed in a future version.
  warnings.warn(
/workspace/isaaclab/_isaac_sim/kit/python/lib/python3.12/site-packages/rsl_rl/utils/utils.py:251: UserWarning: The observation configuration dictionary 'obs_groups' does not contain the 'critic' key. As an observation group with the name 'policy' was found, this is assumed to be the appropriate observation. Consider adding the 'critic' key to the 'obs_groups' dictionary for clarity. This behavior will be removed in a future version.
  warnings.warn(
/workspace/isaaclab/_isaac_sim/kit/python/lib/python3.12/copyreg.py:99: FutureWarning: `isinstance(treespec, LeafSpec)` is deprecated, use `isinstance(treespec, TreeSpec) and treespec.is_leaf()` instead.
  return cls.__new__(cls, *args)
Traceback (most recent call last):
  File "/workspace/isaaclab/source/isaaclab_tasks/isaaclab_tasks/utils/sim_launcher.py", line 223, in launch_simulation
    yield
  File "/workspace/Ankybot_v2/scripts/rsl_rl/play.py", line 199, in main
    obs, _, dones, _ = env.step(actions)
                       ^^^^^^^^^^^^^^^^^
  File "/workspace/isaaclab/source/isaaclab_rl/isaaclab_rl/rsl_rl/vecenv_wrapper.py", line 174, in step
    obs_dict, rew, terminated, truncated, extras = self.env.step(actions)
                                                   ^^^^^^^^^^^^^^^^^^^^^^
  File "/workspace/isaaclab/_isaac_sim/kit/python/lib/python3.12/site-packages/gymnasium/wrappers/rendering.py", line 363, in step
    obs, rew, terminated, truncated, info = self.env.step(action)
                                            ^^^^^^^^^^^^^^^^^^^^^
  File "/workspace/isaaclab/_isaac_sim/kit/python/lib/python3.12/site-packages/gymnasium/wrappers/common.py", line 393, in step
    return super().step(action)
           ^^^^^^^^^^^^^^^^^^^^
  File "/workspace/isaaclab/_isaac_sim/kit/python/lib/python3.12/site-packages/gymnasium/core.py", line 327, in step
    return self.env.step(action)
           ^^^^^^^^^^^^^^^^^^^^^
  File "/workspace/isaaclab/source/isaaclab/isaaclab/envs/manager_based_rl_env.py", line 197, in step
    self.scene.update(dt=self.physics_dt)
  File "/workspace/isaaclab/source/isaaclab/isaaclab/scene/interactive_scene.py", line 468, in update
    articulation.update(dt)
  File "/workspace/isaaclab/source/isaaclab_physx/isaaclab_physx/assets/articulation/articulation.py", line 281, in update
    self.data.update(dt)
  File "/workspace/isaaclab/source/isaaclab_physx/isaaclab_physx/assets/articulation/articulation_data.py", line 115, in update
    self.joint_acc
  File "/workspace/isaaclab/source/isaaclab_physx/isaaclab_physx/assets/articulation/articulation_data.py", line 813, in joint_acc
    self.joint_vel,
    ^^^^^^^^^^^^^^
  File "/workspace/isaaclab/source/isaaclab_physx/isaaclab_physx/assets/articulation/articulation_data.py", line 796, in joint_vel
    self._joint_vel.data = self._root_view.get_dof_velocities()
                           ^^^^^^^^^^^^^^^^^^^^^^^^^^^^^^^^^^
ReferenceError: weakly-referenced object no longer exists
[INFO] Using Python: "/workspace/isaaclab/_isaac_sim/python.sh"
=== Thu Jun 18 01:33:55 UTC 2026 | DONE  model_4000.pt ===
=== Thu Jun 18 01:33:55 UTC 2026 | START model_3000.pt | 1500 steps ===
[INFO]: Parsing configuration from: Ankybot_v2.tasks.manager_based.ankybot_v2.ankybot_v2_env_cfg:AnkybotV2EnvCfg_PLAY
[INFO]: Parsing configuration from: Ankybot_v2.tasks.manager_based.ankybot_v2.agents.rsl_rl_ppo_cfg:PPORunnerCfg
[2026-06-18 01:34:02,291][isaaclab.app.app_launcher][INFO] - Using device: cuda:0
[2026-06-18 01:34:02,292][isaaclab.app.app_launcher][INFO] - Loading experience file: /workspace/isaaclab/apps/isaaclab.python.rendering.kit
[2026-06-18 01:34:03,067][asyncio][DEBUG] - Using selector: EpollSelector
WARNING: All log messages before absl::InitializeLog() is called are written to STDERR
E0000 00:00:1781746443.106736  249513 descriptor_database.cc:633] File already exists in database: grpc/health/v1/health.proto
W0000 00:00:1781746443.106774  249513 message.cc:301] Protobuf GeneratedMessageFactory: File is already registered: grpc/health/v1/health.proto
[2026-06-18 01:34:15,184][trimesh.util][DEBUG] - falling back to hashlib hashing: `pip install xxhash`for 50x faster cache checks
[2026-06-18 01:34:17,795][AutoNode][DEBUG] - Defining data type 'any' as 'Any'
[2026-06-18 01:34:17,795][AutoNode][DEBUG] - Defining data type 'bool' as 'Bool' and array 'BoolArray
[2026-06-18 01:34:17,795][AutoNode][DEBUG] - Defining data type 'bundle' as 'Bundle'
[2026-06-18 01:34:17,796][AutoNode][DEBUG] - Defining data type 'colord[3]' as 'Color3d' and array 'Color3dArray
[2026-06-18 01:34:17,796][AutoNode][DEBUG] - Defining data type 'colorf[3]' as 'Color3f' and array 'Color3fArray
[2026-06-18 01:34:17,796][AutoNode][DEBUG] - Defining data type 'colorh[3]' as 'Color3h' and array 'Color3hArray
[2026-06-18 01:34:17,796][AutoNode][DEBUG] - Defining data type 'colord[4]' as 'Color4d' and array 'Color4dArray
[2026-06-18 01:34:17,796][AutoNode][DEBUG] - Defining data type 'colorf[4]' as 'Color4f' and array 'Color4fArray
[2026-06-18 01:34:17,796][AutoNode][DEBUG] - Defining data type 'colorh[4]' as 'Color4h' and array 'Color4hArray
[2026-06-18 01:34:17,797][AutoNode][DEBUG] - Defining data type 'double' as 'Double' and array 'DoubleArray
[2026-06-18 01:34:17,797][AutoNode][DEBUG] - Defining data type 'double[2]' as 'Double2' and array 'Double2Array
[2026-06-18 01:34:17,797][AutoNode][DEBUG] - Defining data type 'double[3]' as 'Double3' and array 'Double3Array
[2026-06-18 01:34:17,797][AutoNode][DEBUG] - Defining data type 'double[4]' as 'Double4' and array 'Double4Array
[2026-06-18 01:34:17,797][AutoNode][DEBUG] - Defining data type 'execution' as 'Execution'
[2026-06-18 01:34:17,797][AutoNode][DEBUG] - Defining data type 'float' as 'Float' and array 'FloatArray
[2026-06-18 01:34:17,798][AutoNode][DEBUG] - Defining data type 'float[2]' as 'Float2' and array 'Float2Array
[2026-06-18 01:34:17,798][AutoNode][DEBUG] - Defining data type 'float[3]' as 'Float3' and array 'Float3Array
[2026-06-18 01:34:17,798][AutoNode][DEBUG] - Defining data type 'float[4]' as 'Float4' and array 'Float4Array
[2026-06-18 01:34:17,798][AutoNode][DEBUG] - Defining data type 'frame[4]' as 'Frame' and array 'FrameArray
[2026-06-18 01:34:17,798][AutoNode][DEBUG] - Defining data type 'half' as 'Half' and array 'HalfArray
[2026-06-18 01:34:17,798][AutoNode][DEBUG] - Defining data type 'half[2]' as 'Half2' and array 'Half2Array
[2026-06-18 01:34:17,799][AutoNode][DEBUG] - Defining data type 'half[3]' as 'Half3' and array 'Half3Array
[2026-06-18 01:34:17,799][AutoNode][DEBUG] - Defining data type 'half[4]' as 'Half4' and array 'Half4Array
[2026-06-18 01:34:17,799][AutoNode][DEBUG] - Defining data type 'int' as 'Int' and array 'IntArray
[2026-06-18 01:34:17,799][AutoNode][DEBUG] - Defining data type 'int[2]' as 'Int2' and array 'Int2Array
[2026-06-18 01:34:17,799][AutoNode][DEBUG] - Defining data type 'int[3]' as 'Int3' and array 'Int3Array
[2026-06-18 01:34:17,799][AutoNode][DEBUG] - Defining data type 'int[4]' as 'Int4' and array 'Int4Array
[2026-06-18 01:34:17,800][AutoNode][DEBUG] - Defining data type 'int64' as 'Int64' and array 'Int64Array
[2026-06-18 01:34:17,800][AutoNode][DEBUG] - Defining data type 'matrixd[2]' as 'Matrix2d' and array 'Matrix2dArray
[2026-06-18 01:34:17,800][AutoNode][DEBUG] - Defining data type 'matrixd[3]' as 'Matrix3d' and array 'Matrix3dArray
[2026-06-18 01:34:17,800][AutoNode][DEBUG] - Defining data type 'matrixd[4]' as 'Matrix4d' and array 'Matrix4dArray
[2026-06-18 01:34:17,800][AutoNode][DEBUG] - Defining data type 'normald[3]' as 'Normal3d' and array 'Normal3dArray
[2026-06-18 01:34:17,800][AutoNode][DEBUG] - Defining data type 'normalf[3]' as 'Normal3f' and array 'Normal3fArray
[2026-06-18 01:34:17,800][AutoNode][DEBUG] - Defining data type 'normalh[3]' as 'Normal3h' and array 'Normal3hArray
[2026-06-18 01:34:17,801][AutoNode][DEBUG] - Defining data type 'objectId' as 'ObjectId' and array 'ObjectIdArray
[2026-06-18 01:34:17,801][AutoNode][DEBUG] - Defining data type 'path' as 'Path'
[2026-06-18 01:34:17,801][AutoNode][DEBUG] - Defining data type 'pointd[3]' as 'Point3d' and array 'Point3dArray
[2026-06-18 01:34:17,801][AutoNode][DEBUG] - Defining data type 'pointf[3]' as 'Point3f' and array 'Point3fArray
[2026-06-18 01:34:17,801][AutoNode][DEBUG] - Defining data type 'pointh[3]' as 'Point3h' and array 'Point3hArray
[2026-06-18 01:34:17,801][AutoNode][DEBUG] - Defining data type 'quatd[4]' as 'Quatd' and array 'QuatdArray
[2026-06-18 01:34:17,802][AutoNode][DEBUG] - Defining data type 'quatf[4]' as 'Quatf' and array 'QuatfArray
[2026-06-18 01:34:17,802][AutoNode][DEBUG] - Defining data type 'quath[4]' as 'Quath' and array 'QuathArray
[2026-06-18 01:34:17,802][AutoNode][DEBUG] - Defining data type 'string' as 'String'
[2026-06-18 01:34:17,802][AutoNode][DEBUG] - Defining data type 'target' as 'Target'
[2026-06-18 01:34:17,802][AutoNode][DEBUG] - Defining data type 'texcoordd[2]' as 'TexCoord2d' and array 'TexCoord2dArray
[2026-06-18 01:34:17,802][AutoNode][DEBUG] - Defining data type 'texcoordf[2]' as 'TexCoord2f' and array 'TexCoord2fArray
[2026-06-18 01:34:17,803][AutoNode][DEBUG] - Defining data type 'texcoordh[2]' as 'TexCoord2h' and array 'TexCoord2hArray
[2026-06-18 01:34:17,803][AutoNode][DEBUG] - Defining data type 'texcoordd[3]' as 'TexCoord3d' and array 'TexCoord3dArray
[2026-06-18 01:34:17,803][AutoNode][DEBUG] - Defining data type 'texcoordf[3]' as 'TexCoord3f' and array 'TexCoord3fArray
[2026-06-18 01:34:17,803][AutoNode][DEBUG] - Defining data type 'texcoordh[3]' as 'TexCoord3h' and array 'TexCoord3hArray
[2026-06-18 01:34:17,803][AutoNode][DEBUG] - Defining data type 'timecode' as 'Timecode' and array 'TimecodeArray
[2026-06-18 01:34:17,803][AutoNode][DEBUG] - Defining data type 'token' as 'Token' and array 'TokenArray
[2026-06-18 01:34:17,804][AutoNode][DEBUG] - Defining data type 'uchar' as 'UChar' and array 'UCharArray
[2026-06-18 01:34:17,804][AutoNode][DEBUG] - Defining data type 'uint' as 'UInt' and array 'UIntArray
[2026-06-18 01:34:17,804][AutoNode][DEBUG] - Defining data type 'uint64' as 'UInt64' and array 'UInt64Array
[2026-06-18 01:34:17,804][AutoNode][DEBUG] - Defining data type 'vectord[3]' as 'Vector3d' and array 'Vector3dArray
[2026-06-18 01:34:17,804][AutoNode][DEBUG] - Defining data type 'vectorf[3]' as 'Vector3f' and array 'Vector3fArray
[2026-06-18 01:34:17,804][AutoNode][DEBUG] - Defining data type 'vectorh[3]' as 'Vector3h' and array 'Vector3hArray
Loading user config located at: '/isaac-sim/kit/data/Kit/IsaacLab/3.0/user.config.json'
[Info] [carb] Logging to file: /isaac-sim/kit/logs/Kit/IsaacLab/3.0/kit_20260618_013402.log
2026-06-18T01:34:02Z [14ms] [Warning] [omni.ext.plugin] [ext: isaaclab_visualizers] Extensions config 'extension.toml' doesn't exist '/workspace/isaaclab/source/isaaclab_visualizers' or '/workspace/isaaclab/source/isaaclab_visualizers/config'

|---------------------------------------------------------------------------------------------|
| Driver Version: 580.159.03    | Graphics API: Vulkan
|=============================================================================================|
| GPU | Name                             | Active | LDA | GPU Memory | Vendor-ID | LUID       |
|     |                                  |        |     |            | Device-ID | UUID       |
|     |                                  |        |     |            | Bus-ID    |            |
|---------------------------------------------------------------------------------------------|
| 0   | NVIDIA GeForce RTX 2070          | Yes: 0 |     | 8438    MB | 10de      | 0          |
|     |                                  |        |     |            | 1f14      | a951febe.. |
|     |                                  |        |     |            | 1         |            |
|=============================================================================================|
| OS: 24.04.4 LTS (Noble Numbat) ubuntu, Version: 24.04.4, Kernel: 6.17.0-35-generic
| XServer Vendor: The X.Org Foundation, XServer Version: 12101011 (1.21.1.11)
| Processor: Intel(R) Core(TM) i7-10750H CPU @ 2.60GHz
| Cores: 6 | Logical Cores: 12
|---------------------------------------------------------------------------------------------|
| Total Memory (MB): 31854 | Free Memory: 27072
| Total Page/Swap (MB): 8191 | Free Page/Swap: 4746
|---------------------------------------------------------------------------------------------|
2026-06-18T01:34:04Z [1,676ms] [Warning] [gpu.foundation.plugin] CPU performance profile is set to powersave. This profile sets the CPU to the lowest frequency reducing performance.
2026-06-18T01:34:04Z [1,684ms] [Warning] [gpu.foundation.plugin] PCIe link width current (8) and maximum (16) for device 0 don't match.
2026-06-18T01:34:16Z [14,520ms] [Warning] [omni.log] Source: omni.hydra was already registered.
OmniReplicatorNvExtension starting up (ext_id: omni.replicator.nv-1.1.0).
2026-06-18T01:34:18Z [15,803ms] [Warning] [pxr.Semantics] pxr.Semantics is deprecated - please use Semantics instead
2026-06-18T01:34:18Z [15,973ms] [Warning] [omni.replicator.core.scripts.extension] No material configuration file, adding configuration to material settings directly.
2026-06-18T01:34:19Z [17,432ms] [Warning] [omni.usd] Encountered USD Warnings but USD Diagnostics are currently muted. To view USD Warnings, please set the '/persistent/app/usd/muteUsdDiagnostics' setting to false in Preferences page.
2026-06-18T01:34:21Z [18,858ms] [Warning] [omni.kit.window.filepicker.collections.collection_item] Failed to add '/root/Documents': '/root/Documents/' as dupliated path in 'Documents'
[WARNING]: The `policy` configuration is deprecated for rsl-rl >= 4.0.0. Please use, e.g., `actor` and `critic` model configurations instead.
[WARNING]: The `policy` configuration is used to infer the `actor` model configuration.
[WARNING]: The `policy` configuration is used to infer the `critic` model configuration.
[WARNING]: The `distribution_cfg` configuration is now used to specify the output distribution for stochastic policies. Consider updating the configuration to use `distribution_cfg` instead of `stochastic`, `init_noise_std`, `noise_std_type`, and `state_dependent_std` parameters.
[INFO] Loading experiment from directory: /workspace/Ankybot_v2/logs/rsl_rl/ankybot_v2
[2026-06-18 01:34:24,027][isaaclab_physx.physics.physx_manager][WARNING] - TGS solver with enable_external_forces_every_iteration=False may cause noisy velocities.
[INFO]: Base environment:
	Environment device    : cuda:0
	Environment seed      : 42
	Physics step-size     : 0.002
	Rendering step-size   : 0.002
	Environment step-size : 0.01
[2026-06-18 01:34:24,240][isaaclab.envs.manager_based_env][WARNING] - The render interval (1.0) is smaller than the decimation (5). Multiple render calls will happen for each environment step. If this is not intended, set the render interval to be equal to the decimation.
2026-06-18T01:34:23Z [20,742ms] [Warning] [omni.kit.menu.utils.layout] Multiple matching items found for layout "Physics". Found Create, Window. Change <<class 'omni.kit.menu.utils.layout.MenuLayout.SubMenu'> name:Physics> to use specific source. Using "source="Create/Physics""
2026-06-18T01:34:24Z [21,691ms] [Warning] [isaaclab_physx.physics.physx_manager] TGS solver with enable_external_forces_every_iteration=False may cause noisy velocities.
2026-06-18T01:34:24Z [21,905ms] [Warning] [isaaclab.envs.manager_based_env] The render interval (1.0) is smaller than the decimation (5). Multiple render calls will happen for each environment step. If this is not intended, set the render interval to be equal to the decimation.
2026-06-18T01:34:31Z [29,381ms] [Warning] [omni.fabric.plugin] Warning: attribute material:binding not found for path /__Prototype_16192262218931130544/FLThigh

2026-06-18T01:34:32Z [30,124ms] [Warning] [isaacsim.core.simulation_manager.impl.simulation_manager] Changing backend from 'numpy' to 'torch' since NumPy cannot be used with GPU piplines
2026-06-18T01:34:32Z [30,515ms] [Warning] [omni.physics.isaacsimready.scripts.variant_switcher] VariantSwitcher: Variant 'physx' not found in variant set 'Physics' on prim '/World/envs/env_99/Robot/FinalURDF_SLDASM'. Available variants: ['None', 'PhysX']
2026-06-18T01:34:32Z [30,515ms] [Warning] [omni.physics.isaacsimready.scripts.variant_switcher] VariantSwitcher: Variant 'physx' not found in variant set 'Physics' on prim '/World/envs/env_0/Robot/FinalURDF_SLDASM'. Available variants: ['None', 'PhysX']
2026-06-18T01:34:32Z [30,515ms] [Warning] [omni.physics.isaacsimready.scripts.variant_switcher] VariantSwitcher: Variant 'physx' not found in variant set 'Physics' on prim '/World/envs/env_73/Robot/FinalURDF_SLDASM'. Available variants: ['None', 'PhysX']
2026-06-18T01:34:32Z [30,515ms] [Warning] [omni.physics.isaacsimready.scripts.variant_switcher] VariantSwitcher: Variant 'physx' not found in variant set 'Physics' on prim '/World/envs/env_1/Robot/FinalURDF_SLDASM'. Available variants: ['None', 'PhysX']
2026-06-18T01:34:32Z [30,515ms] [Warning] [omni.physics.isaacsimready.scripts.variant_switcher] VariantSwitcher: Variant 'physx' not found in variant set 'Physics' on prim '/World/envs/env_42/Robot/FinalURDF_SLDASM'. Available variants: ['None', 'PhysX']
2026-06-18T01:34:32Z [30,515ms] [Warning] [omni.physics.isaacsimready.scripts.variant_switcher] VariantSwitcher: Variant 'physx' not found in variant set 'Physics' on prim '/World/envs/env_120/Robot/FinalURDF_SLDASM'. Available variants: ['None', 'PhysX']
2026-06-18T01:34:32Z [30,515ms] [Warning] [omni.physics.isaacsimready.scripts.variant_switcher] VariantSwitcher: Variant 'physx' not found in variant set 'Physics' on prim '/World/envs/env_36/Robot/FinalURDF_SLDASM'. Available variants: ['None', 'PhysX']
2026-06-18T01:34:32Z [30,515ms] [Warning] [omni.physics.isaacsimready.scripts.variant_switcher] VariantSwitcher: Variant 'physx' not found in variant set 'Physics' on prim '/World/envs/env_71/Robot/FinalURDF_SLDASM'. Available variants: ['None', 'PhysX']
2026-06-18T01:34:32Z [30,516ms] [Warning] [omni.physics.isaacsimready.scripts.variant_switcher] VariantSwitcher: Variant 'physx' not found in variant set 'Physics' on prim '/World/envs/env_37/Robot/FinalURDF_SLDASM'. Available variants: ['None', 'PhysX']
2026-06-18T01:34:32Z [30,516ms] [Warning] [omni.physics.isaacsimready.scripts.variant_switcher] VariantSwitcher: Variant 'physx' not found in variant set 'Physics' on prim '/World/envs/env_100/Robot/FinalURDF_SLDASM'. Available variants: ['None', 'PhysX']
2026-06-18T01:34:32Z [30,516ms] [Warning] [omni.physics.isaacsimready.scripts.variant_switcher] VariantSwitcher: Variant 'physx' not found in variant set 'Physics' on prim '/World/envs/env_40/Robot/FinalURDF_SLDASM'. Available variants: ['None', 'PhysX']
2026-06-18T01:34:32Z [30,516ms] [Warning] [omni.physics.isaacsimready.scripts.variant_switcher] VariantSwitcher: Variant 'physx' not found in variant set 'Physics' on prim '/World/envs/env_115/Robot/FinalURDF_SLDASM'. Available variants: ['None', 'PhysX']
2026-06-18T01:34:32Z [30,516ms] [Warning] [omni.physics.isaacsimready.scripts.variant_switcher] VariantSwitcher: Variant 'physx' not found in variant set 'Physics' on prim '/World/envs/env_11/Robot/FinalURDF_SLDASM'. Available variants: ['None', 'PhysX']
2026-06-18T01:34:32Z [30,516ms] [Warning] [omni.physics.isaacsimready.scripts.variant_switcher] VariantSwitcher: Variant 'physx' not found in variant set 'Physics' on prim '/World/envs/env_101/Robot/FinalURDF_SLDASM'. Available variants: ['None', 'PhysX']
2026-06-18T01:34:32Z [30,516ms] [Warning] [omni.physics.isaacsimready.scripts.variant_switcher] VariantSwitcher: Variant 'physx' not found in variant set 'Physics' on prim '/World/envs/env_106/Robot/FinalURDF_SLDASM'. Available variants: ['None', 'PhysX']
2026-06-18T01:34:32Z [30,516ms] [Warning] [omni.physics.isaacsimready.scripts.variant_switcher] VariantSwitcher: Variant 'physx' not found in variant set 'Physics' on prim '/World/envs/env_3/Robot/FinalURDF_SLDASM'. Available variants: ['None', 'PhysX']
2026-06-18T01:34:32Z [30,516ms] [Warning] [omni.physics.isaacsimready.scripts.variant_switcher] VariantSwitcher: Variant 'physx' not found in variant set 'Physics' on prim '/World/envs/env_92/Robot/FinalURDF_SLDASM'. Available variants: ['None', 'PhysX']
2026-06-18T01:34:32Z [30,516ms] [Warning] [omni.physics.isaacsimready.scripts.variant_switcher] VariantSwitcher: Variant 'physx' not found in variant set 'Physics' on prim '/World/envs/env_78/Robot/FinalURDF_SLDASM'. Available variants: ['None', 'PhysX']
2026-06-18T01:34:32Z [30,516ms] [Warning] [omni.physics.isaacsimready.scripts.variant_switcher] VariantSwitcher: Variant 'physx' not found in variant set 'Physics' on prim '/World/envs/env_9/Robot/FinalURDF_SLDASM'. Available variants: ['None', 'PhysX']
2026-06-18T01:34:32Z [30,516ms] [Warning] [omni.physics.isaacsimready.scripts.variant_switcher] VariantSwitcher: Variant 'physx' not found in variant set 'Physics' on prim '/World/envs/env_58/Robot/FinalURDF_SLDASM'. Available variants: ['None', 'PhysX']
2026-06-18T01:34:32Z [30,516ms] [Warning] [omni.physics.isaacsimready.scripts.variant_switcher] VariantSwitcher: Variant 'physx' not found in variant set 'Physics' on prim '/World/envs/env_7/Robot/FinalURDF_SLDASM'. Available variants: ['None', 'PhysX']
2026-06-18T01:34:32Z [30,516ms] [Warning] [omni.physics.isaacsimready.scripts.variant_switcher] VariantSwitcher: Variant 'physx' not found in variant set 'Physics' on prim '/World/envs/env_84/Robot/FinalURDF_SLDASM'. Available variants: ['None', 'PhysX']
2026-06-18T01:34:32Z [30,517ms] [Warning] [omni.physics.isaacsimready.scripts.variant_switcher] VariantSwitcher: Variant 'physx' not found in variant set 'Physics' on prim '/World/envs/env_114/Robot/FinalURDF_SLDASM'. Available variants: ['None', 'PhysX']
2026-06-18T01:34:32Z [30,517ms] [Warning] [omni.physics.isaacsimready.scripts.variant_switcher] VariantSwitcher: Variant 'physx' not found in variant set 'Physics' on prim '/World/envs/env_29/Robot/FinalURDF_SLDASM'. Available variants: ['None', 'PhysX']
2026-06-18T01:34:32Z [30,517ms] [Warning] [omni.physics.isaacsimready.scripts.variant_switcher] VariantSwitcher: Variant 'physx' not found in variant set 'Physics' on prim '/World/envs/env_88/Robot/FinalURDF_SLDASM'. Available variants: ['None', 'PhysX']
2026-06-18T01:34:32Z [30,517ms] [Warning] [omni.physics.isaacsimready.scripts.variant_switcher] VariantSwitcher: Variant 'physx' not found in variant set 'Physics' on prim '/World/envs/env_20/Robot/FinalURDF_SLDASM'. Available variants: ['None', 'PhysX']
2026-06-18T01:34:32Z [30,517ms] [Warning] [omni.physics.isaacsimready.scripts.variant_switcher] VariantSwitcher: Variant 'physx' not found in variant set 'Physics' on prim '/World/envs/env_76/Robot/FinalURDF_SLDASM'. Available variants: ['None', 'PhysX']
2026-06-18T01:34:32Z [30,517ms] [Warning] [omni.physics.isaacsimready.scripts.variant_switcher] VariantSwitcher: Variant 'physx' not found in variant set 'Physics' on prim '/World/envs/env_17/Robot/FinalURDF_SLDASM'. Available variants: ['None', 'PhysX']
2026-06-18T01:34:32Z [30,517ms] [Warning] [omni.physics.isaacsimready.scripts.variant_switcher] VariantSwitcher: Variant 'physx' not found in variant set 'Physics' on prim '/World/envs/env_24/Robot/FinalURDF_SLDASM'. Available variants: ['None', 'PhysX']
2026-06-18T01:34:32Z [30,517ms] [Warning] [omni.physics.isaacsimready.scripts.variant_switcher] VariantSwitcher: Variant 'physx' not found in variant set 'Physics' on prim '/World/envs/env_113/Robot/FinalURDF_SLDASM'. Available variants: ['None', 'PhysX']
2026-06-18T01:34:32Z [30,517ms] [Warning] [omni.physics.isaacsimready.scripts.variant_switcher] VariantSwitcher: Variant 'physx' not found in variant set 'Physics' on prim '/World/envs/env_122/Robot/FinalURDF_SLDASM'. Available variants: ['None', 'PhysX']
2026-06-18T01:34:32Z [30,517ms] [Warning] [omni.physics.isaacsimready.scripts.variant_switcher] VariantSwitcher: Variant 'physx' not found in variant set 'Physics' on prim '/World/envs/env_30/Robot/FinalURDF_SLDASM'. Available variants: ['None', 'PhysX']
2026-06-18T01:34:32Z [30,517ms] [Warning] [omni.physics.isaacsimready.scripts.variant_switcher] VariantSwitcher: Variant 'physx' not found in variant set 'Physics' on prim '/World/envs/env_53/Robot/FinalURDF_SLDASM'. Available variants: ['None', 'PhysX']
2026-06-18T01:34:32Z [30,517ms] [Warning] [omni.physics.isaacsimready.scripts.variant_switcher] VariantSwitcher: Variant 'physx' not found in variant set 'Physics' on prim '/World/envs/env_85/Robot/FinalURDF_SLDASM'. Available variants: ['None', 'PhysX']
2026-06-18T01:34:32Z [30,517ms] [Warning] [omni.physics.isaacsimready.scripts.variant_switcher] VariantSwitcher: Variant 'physx' not found in variant set 'Physics' on prim '/World/envs/env_12/Robot/FinalURDF_SLDASM'. Available variants: ['None', 'PhysX']
2026-06-18T01:34:32Z [30,517ms] [Warning] [omni.physics.isaacsimready.scripts.variant_switcher] VariantSwitcher: Variant 'physx' not found in variant set 'Physics' on prim '/World/envs/env_70/Robot/FinalURDF_SLDASM'. Available variants: ['None', 'PhysX']
2026-06-18T01:34:32Z [30,518ms] [Warning] [omni.physics.isaacsimready.scripts.variant_switcher] VariantSwitcher: Variant 'physx' not found in variant set 'Physics' on prim '/World/envs/env_79/Robot/FinalURDF_SLDASM'. Available variants: ['None', 'PhysX']
2026-06-18T01:34:32Z [30,518ms] [Warning] [omni.physics.isaacsimready.scripts.variant_switcher] VariantSwitcher: Variant 'physx' not found in variant set 'Physics' on prim '/World/envs/env_112/Robot/FinalURDF_SLDASM'. Available variants: ['None', 'PhysX']
2026-06-18T01:34:32Z [30,518ms] [Warning] [omni.physics.isaacsimready.scripts.variant_switcher] VariantSwitcher: Variant 'physx' not found in variant set 'Physics' on prim '/World/envs/env_95/Robot/FinalURDF_SLDASM'. Available variants: ['None', 'PhysX']
2026-06-18T01:34:32Z [30,518ms] [Warning] [omni.physics.isaacsimready.scripts.variant_switcher] VariantSwitcher: Variant 'physx' not found in variant set 'Physics' on prim '/World/envs/env_60/Robot/FinalURDF_SLDASM'. Available variants: ['None', 'PhysX']
2026-06-18T01:34:32Z [30,518ms] [Warning] [omni.physics.isaacsimready.scripts.variant_switcher] VariantSwitcher: Variant 'physx' not found in variant set 'Physics' on prim '/World/envs/env_2/Robot/FinalURDF_SLDASM'. Available variants: ['None', 'PhysX']
2026-06-18T01:34:32Z [30,518ms] [Warning] [omni.physics.isaacsimready.scripts.variant_switcher] VariantSwitcher: Variant 'physx' not found in variant set 'Physics' on prim '/World/envs/env_21/Robot/FinalURDF_SLDASM'. Available variants: ['None', 'PhysX']
2026-06-18T01:34:32Z [30,518ms] [Warning] [omni.physics.isaacsimready.scripts.variant_switcher] VariantSwitcher: Variant 'physx' not found in variant set 'Physics' on prim '/World/envs/env_82/Robot/FinalURDF_SLDASM'. Available variants: ['None', 'PhysX']
2026-06-18T01:34:32Z [30,518ms] [Warning] [omni.physics.isaacsimready.scripts.variant_switcher] VariantSwitcher: Variant 'physx' not found in variant set 'Physics' on prim '/World/envs/env_10/Robot/FinalURDF_SLDASM'. Available variants: ['None', 'PhysX']
2026-06-18T01:34:32Z [30,518ms] [Warning] [omni.physics.isaacsimready.scripts.variant_switcher] VariantSwitcher: Variant 'physx' not found in variant set 'Physics' on prim '/World/envs/env_111/Robot/FinalURDF_SLDASM'. Available variants: ['None', 'PhysX']
2026-06-18T01:34:32Z [30,518ms] [Warning] [omni.physics.isaacsimready.scripts.variant_switcher] VariantSwitcher: Variant 'physx' not found in variant set 'Physics' on prim '/World/envs/env_46/Robot/FinalURDF_SLDASM'. Available variants: ['None', 'PhysX']
2026-06-18T01:34:32Z [30,518ms] [Warning] [omni.physics.isaacsimready.scripts.variant_switcher] VariantSwitcher: Variant 'physx' not found in variant set 'Physics' on prim '/World/envs/env_117/Robot/FinalURDF_SLDASM'. Available variants: ['None', 'PhysX']
2026-06-18T01:34:32Z [30,518ms] [Warning] [omni.physics.isaacsimready.scripts.variant_switcher] VariantSwitcher: Variant 'physx' not found in variant set 'Physics' on prim '/World/envs/env_91/Robot/FinalURDF_SLDASM'. Available variants: ['None', 'PhysX']
2026-06-18T01:34:32Z [30,518ms] [Warning] [omni.physics.isaacsimready.scripts.variant_switcher] VariantSwitcher: Variant 'physx' not found in variant set 'Physics' on prim '/World/envs/env_52/Robot/FinalURDF_SLDASM'. Available variants: ['None', 'PhysX']
2026-06-18T01:34:32Z [30,518ms] [Warning] [omni.physics.isaacsimready.scripts.variant_switcher] VariantSwitcher: Variant 'physx' not found in variant set 'Physics' on prim '/World/envs/env_96/Robot/FinalURDF_SLDASM'. Available variants: ['None', 'PhysX']
2026-06-18T01:34:32Z [30,518ms] [Warning] [omni.physics.isaacsimready.scripts.variant_switcher] VariantSwitcher: Variant 'physx' not found in variant set 'Physics' on prim '/World/envs/env_65/Robot/FinalURDF_SLDASM'. Available variants: ['None', 'PhysX']
2026-06-18T01:34:32Z [30,519ms] [Warning] [omni.physics.isaacsimready.scripts.variant_switcher] VariantSwitcher: Variant 'physx' not found in variant set 'Physics' on prim '/World/envs/env_8/Robot/FinalURDF_SLDASM'. Available variants: ['None', 'PhysX']
2026-06-18T01:34:32Z [30,519ms] [Warning] [omni.physics.isaacsimready.scripts.variant_switcher] VariantSwitcher: Variant 'physx' not found in variant set 'Physics' on prim '/World/envs/env_77/Robot/FinalURDF_SLDASM'. Available variants: ['None', 'PhysX']
2026-06-18T01:34:32Z [30,519ms] [Warning] [omni.physics.isaacsimready.scripts.variant_switcher] VariantSwitcher: Variant 'physx' not found in variant set 'Physics' on prim '/World/envs/env_6/Robot/FinalURDF_SLDASM'. Available variants: ['None', 'PhysX']
2026-06-18T01:34:32Z [30,519ms] [Warning] [omni.physics.isaacsimready.scripts.variant_switcher] VariantSwitcher: Variant 'physx' not found in variant set 'Physics' on prim '/World/envs/env_45/Robot/FinalURDF_SLDASM'. Available variants: ['None', 'PhysX']
2026-06-18T01:34:32Z [30,519ms] [Warning] [omni.physics.isaacsimready.scripts.variant_switcher] VariantSwitcher: Variant 'physx' not found in variant set 'Physics' on prim '/World/envs/env_90/Robot/FinalURDF_SLDASM'. Available variants: ['None', 'PhysX']
2026-06-18T01:34:32Z [30,519ms] [Warning] [omni.physics.isaacsimready.scripts.variant_switcher] VariantSwitcher: Variant 'physx' not found in variant set 'Physics' on prim '/World/envs/env_56/Robot/FinalURDF_SLDASM'. Available variants: ['None', 'PhysX']
2026-06-18T01:34:32Z [30,519ms] [Warning] [omni.physics.isaacsimready.scripts.variant_switcher] VariantSwitcher: Variant 'physx' not found in variant set 'Physics' on prim '/World/envs/env_127/Robot/FinalURDF_SLDASM'. Available variants: ['None', 'PhysX']
2026-06-18T01:34:32Z [30,519ms] [Warning] [omni.physics.isaacsimready.scripts.variant_switcher] VariantSwitcher: Variant 'physx' not found in variant set 'Physics' on prim '/World/envs/env_97/Robot/FinalURDF_SLDASM'. Available variants: ['None', 'PhysX']
2026-06-18T01:34:32Z [30,519ms] [Warning] [omni.physics.isaacsimready.scripts.variant_switcher] VariantSwitcher: Variant 'physx' not found in variant set 'Physics' on prim '/World/envs/env_26/Robot/FinalURDF_SLDASM'. Available variants: ['None', 'PhysX']
2026-06-18T01:34:32Z [30,519ms] [Warning] [omni.physics.isaacsimready.scripts.variant_switcher] VariantSwitcher: Variant 'physx' not found in variant set 'Physics' on prim '/World/envs/env_124/Robot/FinalURDF_SLDASM'. Available variants: ['None', 'PhysX']
2026-06-18T01:34:32Z [30,519ms] [Warning] [omni.physics.isaacsimready.scripts.variant_switcher] VariantSwitcher: Variant 'physx' not found in variant set 'Physics' on prim '/World/envs/env_67/Robot/FinalURDF_SLDASM'. Available variants: ['None', 'PhysX']
2026-06-18T01:34:32Z [30,519ms] [Warning] [omni.physics.isaacsimready.scripts.variant_switcher] VariantSwitcher: Variant 'physx' not found in variant set 'Physics' on prim '/World/envs/env_75/Robot/FinalURDF_SLDASM'. Available variants: ['None', 'PhysX']
2026-06-18T01:34:32Z [30,519ms] [Warning] [omni.physics.isaacsimready.scripts.variant_switcher] VariantSwitcher: Variant 'physx' not found in variant set 'Physics' on prim '/World/envs/env_116/Robot/FinalURDF_SLDASM'. Available variants: ['None', 'PhysX']
2026-06-18T01:34:32Z [30,519ms] [Warning] [omni.physics.isaacsimready.scripts.variant_switcher] VariantSwitcher: Variant 'physx' not found in variant set 'Physics' on prim '/World/envs/env_80/Robot/FinalURDF_SLDASM'. Available variants: ['None', 'PhysX']
2026-06-18T01:34:32Z [30,519ms] [Warning] [omni.physics.isaacsimready.scripts.variant_switcher] VariantSwitcher: Variant 'physx' not found in variant set 'Physics' on prim '/World/envs/env_98/Robot/FinalURDF_SLDASM'. Available variants: ['None', 'PhysX']
2026-06-18T01:34:32Z [30,520ms] [Warning] [omni.physics.isaacsimready.scripts.variant_switcher] VariantSwitcher: Variant 'physx' not found in variant set 'Physics' on prim '/World/envs/env_27/Robot/FinalURDF_SLDASM'. Available variants: ['None', 'PhysX']
2026-06-18T01:34:32Z [30,520ms] [Warning] [omni.physics.isaacsimready.scripts.variant_switcher] VariantSwitcher: Variant 'physx' not found in variant set 'Physics' on prim '/World/envs/env_108/Robot/FinalURDF_SLDASM'. Available variants: ['None', 'PhysX']
2026-06-18T01:34:32Z [30,520ms] [Warning] [omni.physics.isaacsimready.scripts.variant_switcher] VariantSwitcher: Variant 'physx' not found in variant set 'Physics' on prim '/World/envs/env_69/Robot/FinalURDF_SLDASM'. Available variants: ['None', 'PhysX']
2026-06-18T01:34:32Z [30,520ms] [Warning] [omni.physics.isaacsimready.scripts.variant_switcher] VariantSwitcher: Variant 'physx' not found in variant set 'Physics' on prim '/World/envs/env_41/Robot/FinalURDF_SLDASM'. Available variants: ['None', 'PhysX']
2026-06-18T01:34:32Z [30,520ms] [Warning] [omni.physics.isaacsimready.scripts.variant_switcher] VariantSwitcher: Variant 'physx' not found in variant set 'Physics' on prim '/World/envs/env_55/Robot/FinalURDF_SLDASM'. Available variants: ['None', 'PhysX']
2026-06-18T01:34:32Z [30,520ms] [Warning] [omni.physics.isaacsimready.scripts.variant_switcher] VariantSwitcher: Variant 'physx' not found in variant set 'Physics' on prim '/World/envs/env_19/Robot/FinalURDF_SLDASM'. Available variants: ['None', 'PhysX']
2026-06-18T01:34:32Z [30,520ms] [Warning] [omni.physics.isaacsimready.scripts.variant_switcher] VariantSwitcher: Variant 'physx' not found in variant set 'Physics' on prim '/World/envs/env_107/Robot/FinalURDF_SLDASM'. Available variants: ['None', 'PhysX']
2026-06-18T01:34:32Z [30,520ms] [Warning] [omni.physics.isaacsimready.scripts.variant_switcher] VariantSwitcher: Variant 'physx' not found in variant set 'Physics' on prim '/World/envs/env_87/Robot/FinalURDF_SLDASM'. Available variants: ['None', 'PhysX']
2026-06-18T01:34:32Z [30,520ms] [Warning] [omni.physics.isaacsimready.scripts.variant_switcher] VariantSwitcher: Variant 'physx' not found in variant set 'Physics' on prim '/World/envs/env_16/Robot/FinalURDF_SLDASM'. Available variants: ['None', 'PhysX']
2026-06-18T01:34:32Z [30,520ms] [Warning] [omni.physics.isaacsimready.scripts.variant_switcher] VariantSwitcher: Variant 'physx' not found in variant set 'Physics' on prim '/World/envs/env_39/Robot/FinalURDF_SLDASM'. Available variants: ['None', 'PhysX']
2026-06-18T01:34:32Z [30,520ms] [Warning] [omni.physics.isaacsimready.scripts.variant_switcher] VariantSwitcher: Variant 'physx' not found in variant set 'Physics' on prim '/World/envs/env_38/Robot/FinalURDF_SLDASM'. Available variants: ['None', 'PhysX']
2026-06-18T01:34:32Z [30,520ms] [Warning] [omni.physics.isaacsimready.scripts.variant_switcher] VariantSwitcher: Variant 'physx' not found in variant set 'Physics' on prim '/World/envs/env_105/Robot/FinalURDF_SLDASM'. Available variants: ['None', 'PhysX']
2026-06-18T01:34:32Z [30,520ms] [Warning] [omni.physics.isaacsimready.scripts.variant_switcher] VariantSwitcher: Variant 'physx' not found in variant set 'Physics' on prim '/World/envs/env_50/Robot/FinalURDF_SLDASM'. Available variants: ['None', 'PhysX']
2026-06-18T01:34:32Z [30,520ms] [Warning] [omni.physics.isaacsimready.scripts.variant_switcher] VariantSwitcher: Variant 'physx' not found in variant set 'Physics' on prim '/World/envs/env_103/Robot/FinalURDF_SLDASM'. Available variants: ['None', 'PhysX']
2026-06-18T01:34:32Z [30,520ms] [Warning] [omni.physics.isaacsimready.scripts.variant_switcher] VariantSwitcher: Variant 'physx' not found in variant set 'Physics' on prim '/World/envs/env_23/Robot/FinalURDF_SLDASM'. Available variants: ['None', 'PhysX']
2026-06-18T01:34:32Z [30,521ms] [Warning] [omni.physics.isaacsimready.scripts.variant_switcher] VariantSwitcher: Variant 'physx' not found in variant set 'Physics' on prim '/World/envs/env_123/Robot/FinalURDF_SLDASM'. Available variants: ['None', 'PhysX']
2026-06-18T01:34:32Z [30,521ms] [Warning] [omni.physics.isaacsimready.scripts.variant_switcher] VariantSwitcher: Variant 'physx' not found in variant set 'Physics' on prim '/World/envs/env_102/Robot/FinalURDF_SLDASM'. Available variants: ['None', 'PhysX']
2026-06-18T01:34:32Z [30,521ms] [Warning] [omni.physics.isaacsimready.scripts.variant_switcher] VariantSwitcher: Variant 'physx' not found in variant set 'Physics' on prim '/World/envs/env_104/Robot/FinalURDF_SLDASM'. Available variants: ['None', 'PhysX']
2026-06-18T01:34:32Z [30,521ms] [Warning] [omni.physics.isaacsimready.scripts.variant_switcher] VariantSwitcher: Variant 'physx' not found in variant set 'Physics' on prim '/World/envs/env_64/Robot/FinalURDF_SLDASM'. Available variants: ['None', 'PhysX']
2026-06-18T01:34:32Z [30,521ms] [Warning] [omni.physics.isaacsimready.scripts.variant_switcher] VariantSwitcher: Variant 'physx' not found in variant set 'Physics' on prim '/World/envs/env_126/Robot/FinalURDF_SLDASM'. Available variants: ['None', 'PhysX']
2026-06-18T01:34:32Z [30,521ms] [Warning] [omni.physics.isaacsimready.scripts.variant_switcher] VariantSwitcher: Variant 'physx' not found in variant set 'Physics' on prim '/World/envs/env_28/Robot/FinalURDF_SLDASM'. Available variants: ['None', 'PhysX']
2026-06-18T01:34:32Z [30,521ms] [Warning] [omni.physics.isaacsimready.scripts.variant_switcher] VariantSwitcher: Variant 'physx' not found in variant set 'Physics' on prim '/World/envs/env_5/Robot/FinalURDF_SLDASM'. Available variants: ['None', 'PhysX']
2026-06-18T01:34:32Z [30,521ms] [Warning] [omni.physics.isaacsimready.scripts.variant_switcher] VariantSwitcher: Variant 'physx' not found in variant set 'Physics' on prim '/World/envs/env_119/Robot/FinalURDF_SLDASM'. Available variants: ['None', 'PhysX']
2026-06-18T01:34:32Z [30,521ms] [Warning] [omni.physics.isaacsimready.scripts.variant_switcher] VariantSwitcher: Variant 'physx' not found in variant set 'Physics' on prim '/World/envs/env_61/Robot/FinalURDF_SLDASM'. Available variants: ['None', 'PhysX']
2026-06-18T01:34:32Z [30,521ms] [Warning] [omni.physics.isaacsimready.scripts.variant_switcher] VariantSwitcher: Variant 'physx' not found in variant set 'Physics' on prim '/World/envs/env_49/Robot/FinalURDF_SLDASM'. Available variants: ['None', 'PhysX']
2026-06-18T01:34:32Z [30,521ms] [Warning] [omni.physics.isaacsimready.scripts.variant_switcher] VariantSwitcher: Variant 'physx' not found in variant set 'Physics' on prim '/World/envs/env_81/Robot/FinalURDF_SLDASM'. Available variants: ['None', 'PhysX']
2026-06-18T01:34:32Z [30,521ms] [Warning] [omni.physics.isaacsimready.scripts.variant_switcher] VariantSwitcher: Variant 'physx' not found in variant set 'Physics' on prim '/World/envs/env_54/Robot/FinalURDF_SLDASM'. Available variants: ['None', 'PhysX']
2026-06-18T01:34:32Z [30,521ms] [Warning] [omni.physics.isaacsimready.scripts.variant_switcher] VariantSwitcher: Variant 'physx' not found in variant set 'Physics' on prim '/World/envs/env_93/Robot/FinalURDF_SLDASM'. Available variants: ['None', 'PhysX']
2026-06-18T01:34:32Z [30,522ms] [Warning] [omni.physics.isaacsimready.scripts.variant_switcher] VariantSwitcher: Variant 'physx' not found in variant set 'Physics' on prim '/World/envs/env_14/Robot/FinalURDF_SLDASM'. Available variants: ['None', 'PhysX']
2026-06-18T01:34:32Z [30,522ms] [Warning] [omni.physics.isaacsimready.scripts.variant_switcher] VariantSwitcher: Variant 'physx' not found in variant set 'Physics' on prim '/World/envs/env_66/Robot/FinalURDF_SLDASM'. Available variants: ['None', 'PhysX']
2026-06-18T01:34:32Z [30,522ms] [Warning] [omni.physics.isaacsimready.scripts.variant_switcher] VariantSwitcher: Variant 'physx' not found in variant set 'Physics' on prim '/World/envs/env_48/Robot/FinalURDF_SLDASM'. Available variants: ['None', 'PhysX']
2026-06-18T01:34:32Z [30,522ms] [Warning] [omni.physics.isaacsimready.scripts.variant_switcher] VariantSwitcher: Variant 'physx' not found in variant set 'Physics' on prim '/World/envs/env_68/Robot/FinalURDF_SLDASM'. Available variants: ['None', 'PhysX']
2026-06-18T01:34:32Z [30,522ms] [Warning] [omni.physics.isaacsimready.scripts.variant_switcher] VariantSwitcher: Variant 'physx' not found in variant set 'Physics' on prim '/World/envs/env_94/Robot/FinalURDF_SLDASM'. Available variants: ['None', 'PhysX']
2026-06-18T01:34:32Z [30,522ms] [Warning] [omni.physics.isaacsimready.scripts.variant_switcher] VariantSwitcher: Variant 'physx' not found in variant set 'Physics' on prim '/World/envs/env_74/Robot/FinalURDF_SLDASM'. Available variants: ['None', 'PhysX']
2026-06-18T01:34:32Z [30,522ms] [Warning] [omni.physics.isaacsimready.scripts.variant_switcher] VariantSwitcher: Variant 'physx' not found in variant set 'Physics' on prim '/World/envs/env_118/Robot/FinalURDF_SLDASM'. Available variants: ['None', 'PhysX']
2026-06-18T01:34:32Z [30,522ms] [Warning] [omni.physics.isaacsimready.scripts.variant_switcher] VariantSwitcher: Variant 'physx' not found in variant set 'Physics' on prim '/World/envs/env_57/Robot/FinalURDF_SLDASM'. Available variants: ['None', 'PhysX']
2026-06-18T01:34:32Z [30,522ms] [Warning] [omni.physics.isaacsimready.scripts.variant_switcher] VariantSwitcher: Variant 'physx' not found in variant set 'Physics' on prim '/World/envs/env_125/Robot/FinalURDF_SLDASM'. Available variants: ['None', 'PhysX']
2026-06-18T01:34:32Z [30,522ms] [Warning] [omni.physics.isaacsimready.scripts.variant_switcher] VariantSwitcher: Variant 'physx' not found in variant set 'Physics' on prim '/World/envs/env_63/Robot/FinalURDF_SLDASM'. Available variants: ['None', 'PhysX']
2026-06-18T01:34:32Z [30,522ms] [Warning] [omni.physics.isaacsimready.scripts.variant_switcher] VariantSwitcher: Variant 'physx' not found in variant set 'Physics' on prim '/World/envs/env_89/Robot/FinalURDF_SLDASM'. Available variants: ['None', 'PhysX']
2026-06-18T01:34:32Z [30,522ms] [Warning] [omni.physics.isaacsimready.scripts.variant_switcher] VariantSwitcher: Variant 'physx' not found in variant set 'Physics' on prim '/World/envs/env_47/Robot/FinalURDF_SLDASM'. Available variants: ['None', 'PhysX']
2026-06-18T01:34:32Z [30,522ms] [Warning] [omni.physics.isaacsimready.scripts.variant_switcher] VariantSwitcher: Variant 'physx' not found in variant set 'Physics' on prim '/World/envs/env_72/Robot/FinalURDF_SLDASM'. Available variants: ['None', 'PhysX']
2026-06-18T01:34:32Z [30,522ms] [Warning] [omni.physics.isaacsimready.scripts.variant_switcher] VariantSwitcher: Variant 'physx' not found in variant set 'Physics' on prim '/World/envs/env_25/Robot/FinalURDF_SLDASM'. Available variants: ['None', 'PhysX']
2026-06-18T01:34:32Z [30,523ms] [Warning] [omni.physics.isaacsimready.scripts.variant_switcher] VariantSwitcher: Variant 'physx' not found in variant set 'Physics' on prim '/World/envs/env_31/Robot/FinalURDF_SLDASM'. Available variants: ['None', 'PhysX']
2026-06-18T01:34:32Z [30,523ms] [Warning] [omni.physics.isaacsimready.scripts.variant_switcher] VariantSwitcher: Variant 'physx' not found in variant set 'Physics' on prim '/World/envs/env_15/Robot/FinalURDF_SLDASM'. Available variants: ['None', 'PhysX']
2026-06-18T01:34:32Z [30,523ms] [Warning] [omni.physics.isaacsimready.scripts.variant_switcher] VariantSwitcher: Variant 'physx' not found in variant set 'Physics' on prim '/World/envs/env_4/Robot/FinalURDF_SLDASM'. Available variants: ['None', 'PhysX']
2026-06-18T01:34:32Z [30,523ms] [Warning] [omni.physics.isaacsimready.scripts.variant_switcher] VariantSwitcher: Variant 'physx' not found in variant set 'Physics' on prim '/World/envs/env_121/Robot/FinalURDF_SLDASM'. Available variants: ['None', 'PhysX']
2026-06-18T01:34:32Z [30,523ms] [Warning] [omni.physics.isaacsimready.scripts.variant_switcher] VariantSwitcher: Variant 'physx' not found in variant set 'Physics' on prim '/World/envs/env_32/Robot/FinalURDF_SLDASM'. Available variants: ['None', 'PhysX']
2026-06-18T01:34:32Z [30,523ms] [Warning] [omni.physics.isaacsimready.scripts.variant_switcher] VariantSwitcher: Variant 'physx' not found in variant set 'Physics' on prim '/World/envs/env_18/Robot/FinalURDF_SLDASM'. Available variants: ['None', 'PhysX']
/workspace/isaaclab/_isaac_sim/kit/python/lib/python3.12/site-packages/gymnasium/wrappers/rendering.py:293: UserWarning: [33mWARN: Overwriting existing videos at /workspace/Ankybot_v2/logs/rsl_rl/imu_sensor/baseline/videos/play folder (try specifying a different `video_folder` for the `RecordVideo` wrapper if this is not desired)[0m
  logger.warn(
/workspace/isaaclab/_isaac_sim/kit/python/lib/python3.12/site-packages/rsl_rl/utils/utils.py:220: UserWarning: The observation configuration dictionary 'obs_groups' is empty and thus likely not configured. Consider configuring the 'obs_groups' dictionary explicitly
  warnings.warn(
/workspace/isaaclab/_isaac_sim/kit/python/lib/python3.12/site-packages/rsl_rl/utils/utils.py:251: UserWarning: The observation configuration dictionary 'obs_groups' does not contain the 'actor' key. As an observation group with the name 'policy' was found, this is assumed to be the appropriate observation. Consider adding the 'actor' key to the 'obs_groups' dictionary for clarity. This behavior will be removed in a future version.
  warnings.warn(
/workspace/isaaclab/_isaac_sim/kit/python/lib/python3.12/site-packages/rsl_rl/utils/utils.py:251: UserWarning: The observation configuration dictionary 'obs_groups' does not contain the 'critic' key. As an observation group with the name 'policy' was found, this is assumed to be the appropriate observation. Consider adding the 'critic' key to the 'obs_groups' dictionary for clarity. This behavior will be removed in a future version.
  warnings.warn(
/workspace/isaaclab/_isaac_sim/kit/python/lib/python3.12/copyreg.py:99: FutureWarning: `isinstance(treespec, LeafSpec)` is deprecated, use `isinstance(treespec, TreeSpec) and treespec.is_leaf()` instead.
  return cls.__new__(cls, *args)
Traceback (most recent call last):
  File "/workspace/isaaclab/source/isaaclab_tasks/isaaclab_tasks/utils/sim_launcher.py", line 223, in launch_simulation
    yield
  File "/workspace/Ankybot_v2/scripts/rsl_rl/play.py", line 199, in main
    obs, _, dones, _ = env.step(actions)
                       ^^^^^^^^^^^^^^^^^
  File "/workspace/isaaclab/source/isaaclab_rl/isaaclab_rl/rsl_rl/vecenv_wrapper.py", line 174, in step
    obs_dict, rew, terminated, truncated, extras = self.env.step(actions)
                                                   ^^^^^^^^^^^^^^^^^^^^^^
  File "/workspace/isaaclab/_isaac_sim/kit/python/lib/python3.12/site-packages/gymnasium/wrappers/rendering.py", line 363, in step
    obs, rew, terminated, truncated, info = self.env.step(action)
                                            ^^^^^^^^^^^^^^^^^^^^^
  File "/workspace/isaaclab/_isaac_sim/kit/python/lib/python3.12/site-packages/gymnasium/wrappers/common.py", line 393, in step
    return super().step(action)
           ^^^^^^^^^^^^^^^^^^^^
  File "/workspace/isaaclab/_isaac_sim/kit/python/lib/python3.12/site-packages/gymnasium/core.py", line 327, in step
    return self.env.step(action)
           ^^^^^^^^^^^^^^^^^^^^^
  File "/workspace/isaaclab/source/isaaclab/isaaclab/envs/manager_based_rl_env.py", line 197, in step
    self.scene.update(dt=self.physics_dt)
  File "/workspace/isaaclab/source/isaaclab/isaaclab/scene/interactive_scene.py", line 468, in update
    articulation.update(dt)
  File "/workspace/isaaclab/source/isaaclab_physx/isaaclab_physx/assets/articulation/articulation.py", line 281, in update
    self.data.update(dt)
  File "/workspace/isaaclab/source/isaaclab_physx/isaaclab_physx/assets/articulation/articulation_data.py", line 115, in update
    self.joint_acc
  File "/workspace/isaaclab/source/isaaclab_physx/isaaclab_physx/assets/articulation/articulation_data.py", line 813, in joint_acc
    self.joint_vel,
    ^^^^^^^^^^^^^^
  File "/workspace/isaaclab/source/isaaclab_physx/isaaclab_physx/assets/articulation/articulation_data.py", line 796, in joint_vel
    self._joint_vel.data = self._root_view.get_dof_velocities()
                           ^^^^^^^^^^^^^^^^^^^^^^^^^^^^^^^^^^
ReferenceError: weakly-referenced object no longer exists
[INFO] Using Python: "/workspace/isaaclab/_isaac_sim/python.sh"
=== Thu Jun 18 01:35:03 UTC 2026 | DONE  model_3000.pt ===
=== Thu Jun 18 01:35:03 UTC 2026 | START model_2000.pt | 15000 steps ===
[INFO]: Parsing configuration from: Ankybot_v2.tasks.manager_based.ankybot_v2.ankybot_v2_env_cfg:AnkybotV2EnvCfg_PLAY
[INFO]: Parsing configuration from: Ankybot_v2.tasks.manager_based.ankybot_v2.agents.rsl_rl_ppo_cfg:PPORunnerCfg
[2026-06-18 01:35:09,932][isaaclab.app.app_launcher][INFO] - Using device: cuda:0
[2026-06-18 01:35:09,933][isaaclab.app.app_launcher][INFO] - Loading experience file: /workspace/isaaclab/apps/isaaclab.python.rendering.kit
[2026-06-18 01:35:10,709][asyncio][DEBUG] - Using selector: EpollSelector
WARNING: All log messages before absl::InitializeLog() is called are written to STDERR
E0000 00:00:1781746510.748454  251233 descriptor_database.cc:633] File already exists in database: grpc/health/v1/health.proto
W0000 00:00:1781746510.748485  251233 message.cc:301] Protobuf GeneratedMessageFactory: File is already registered: grpc/health/v1/health.proto
[2026-06-18 01:35:18,561][trimesh.util][DEBUG] - falling back to hashlib hashing: `pip install xxhash`for 50x faster cache checks
[2026-06-18 01:35:21,267][AutoNode][DEBUG] - Defining data type 'any' as 'Any'
[2026-06-18 01:35:21,267][AutoNode][DEBUG] - Defining data type 'bool' as 'Bool' and array 'BoolArray
[2026-06-18 01:35:21,267][AutoNode][DEBUG] - Defining data type 'bundle' as 'Bundle'
[2026-06-18 01:35:21,267][AutoNode][DEBUG] - Defining data type 'colord[3]' as 'Color3d' and array 'Color3dArray
[2026-06-18 01:35:21,267][AutoNode][DEBUG] - Defining data type 'colorf[3]' as 'Color3f' and array 'Color3fArray
[2026-06-18 01:35:21,267][AutoNode][DEBUG] - Defining data type 'colorh[3]' as 'Color3h' and array 'Color3hArray
[2026-06-18 01:35:21,268][AutoNode][DEBUG] - Defining data type 'colord[4]' as 'Color4d' and array 'Color4dArray
[2026-06-18 01:35:21,268][AutoNode][DEBUG] - Defining data type 'colorf[4]' as 'Color4f' and array 'Color4fArray
[2026-06-18 01:35:21,268][AutoNode][DEBUG] - Defining data type 'colorh[4]' as 'Color4h' and array 'Color4hArray
[2026-06-18 01:35:21,268][AutoNode][DEBUG] - Defining data type 'double' as 'Double' and array 'DoubleArray
[2026-06-18 01:35:21,268][AutoNode][DEBUG] - Defining data type 'double[2]' as 'Double2' and array 'Double2Array
[2026-06-18 01:35:21,268][AutoNode][DEBUG] - Defining data type 'double[3]' as 'Double3' and array 'Double3Array
[2026-06-18 01:35:21,269][AutoNode][DEBUG] - Defining data type 'double[4]' as 'Double4' and array 'Double4Array
[2026-06-18 01:35:21,269][AutoNode][DEBUG] - Defining data type 'execution' as 'Execution'
[2026-06-18 01:35:21,269][AutoNode][DEBUG] - Defining data type 'float' as 'Float' and array 'FloatArray
[2026-06-18 01:35:21,269][AutoNode][DEBUG] - Defining data type 'float[2]' as 'Float2' and array 'Float2Array
[2026-06-18 01:35:21,269][AutoNode][DEBUG] - Defining data type 'float[3]' as 'Float3' and array 'Float3Array
[2026-06-18 01:35:21,269][AutoNode][DEBUG] - Defining data type 'float[4]' as 'Float4' and array 'Float4Array
[2026-06-18 01:35:21,270][AutoNode][DEBUG] - Defining data type 'frame[4]' as 'Frame' and array 'FrameArray
[2026-06-18 01:35:21,270][AutoNode][DEBUG] - Defining data type 'half' as 'Half' and array 'HalfArray
[2026-06-18 01:35:21,270][AutoNode][DEBUG] - Defining data type 'half[2]' as 'Half2' and array 'Half2Array
[2026-06-18 01:35:21,270][AutoNode][DEBUG] - Defining data type 'half[3]' as 'Half3' and array 'Half3Array
[2026-06-18 01:35:21,270][AutoNode][DEBUG] - Defining data type 'half[4]' as 'Half4' and array 'Half4Array
[2026-06-18 01:35:21,270][AutoNode][DEBUG] - Defining data type 'int' as 'Int' and array 'IntArray
[2026-06-18 01:35:21,271][AutoNode][DEBUG] - Defining data type 'int[2]' as 'Int2' and array 'Int2Array
[2026-06-18 01:35:21,271][AutoNode][DEBUG] - Defining data type 'int[3]' as 'Int3' and array 'Int3Array
[2026-06-18 01:35:21,271][AutoNode][DEBUG] - Defining data type 'int[4]' as 'Int4' and array 'Int4Array
[2026-06-18 01:35:21,271][AutoNode][DEBUG] - Defining data type 'int64' as 'Int64' and array 'Int64Array
[2026-06-18 01:35:21,271][AutoNode][DEBUG] - Defining data type 'matrixd[2]' as 'Matrix2d' and array 'Matrix2dArray
[2026-06-18 01:35:21,271][AutoNode][DEBUG] - Defining data type 'matrixd[3]' as 'Matrix3d' and array 'Matrix3dArray
[2026-06-18 01:35:21,272][AutoNode][DEBUG] - Defining data type 'matrixd[4]' as 'Matrix4d' and array 'Matrix4dArray
[2026-06-18 01:35:21,272][AutoNode][DEBUG] - Defining data type 'normald[3]' as 'Normal3d' and array 'Normal3dArray
[2026-06-18 01:35:21,272][AutoNode][DEBUG] - Defining data type 'normalf[3]' as 'Normal3f' and array 'Normal3fArray
[2026-06-18 01:35:21,272][AutoNode][DEBUG] - Defining data type 'normalh[3]' as 'Normal3h' and array 'Normal3hArray
[2026-06-18 01:35:21,272][AutoNode][DEBUG] - Defining data type 'objectId' as 'ObjectId' and array 'ObjectIdArray
[2026-06-18 01:35:21,272][AutoNode][DEBUG] - Defining data type 'path' as 'Path'
[2026-06-18 01:35:21,272][AutoNode][DEBUG] - Defining data type 'pointd[3]' as 'Point3d' and array 'Point3dArray
[2026-06-18 01:35:21,273][AutoNode][DEBUG] - Defining data type 'pointf[3]' as 'Point3f' and array 'Point3fArray
[2026-06-18 01:35:21,273][AutoNode][DEBUG] - Defining data type 'pointh[3]' as 'Point3h' and array 'Point3hArray
[2026-06-18 01:35:21,273][AutoNode][DEBUG] - Defining data type 'quatd[4]' as 'Quatd' and array 'QuatdArray
[2026-06-18 01:35:21,273][AutoNode][DEBUG] - Defining data type 'quatf[4]' as 'Quatf' and array 'QuatfArray
[2026-06-18 01:35:21,273][AutoNode][DEBUG] - Defining data type 'quath[4]' as 'Quath' and array 'QuathArray
[2026-06-18 01:35:21,273][AutoNode][DEBUG] - Defining data type 'string' as 'String'
[2026-06-18 01:35:21,274][AutoNode][DEBUG] - Defining data type 'target' as 'Target'
[2026-06-18 01:35:21,274][AutoNode][DEBUG] - Defining data type 'texcoordd[2]' as 'TexCoord2d' and array 'TexCoord2dArray
[2026-06-18 01:35:21,274][AutoNode][DEBUG] - Defining data type 'texcoordf[2]' as 'TexCoord2f' and array 'TexCoord2fArray
[2026-06-18 01:35:21,274][AutoNode][DEBUG] - Defining data type 'texcoordh[2]' as 'TexCoord2h' and array 'TexCoord2hArray
[2026-06-18 01:35:21,274][AutoNode][DEBUG] - Defining data type 'texcoordd[3]' as 'TexCoord3d' and array 'TexCoord3dArray
[2026-06-18 01:35:21,274][AutoNode][DEBUG] - Defining data type 'texcoordf[3]' as 'TexCoord3f' and array 'TexCoord3fArray
[2026-06-18 01:35:21,275][AutoNode][DEBUG] - Defining data type 'texcoordh[3]' as 'TexCoord3h' and array 'TexCoord3hArray
[2026-06-18 01:35:21,275][AutoNode][DEBUG] - Defining data type 'timecode' as 'Timecode' and array 'TimecodeArray
[2026-06-18 01:35:21,275][AutoNode][DEBUG] - Defining data type 'token' as 'Token' and array 'TokenArray
[2026-06-18 01:35:21,275][AutoNode][DEBUG] - Defining data type 'uchar' as 'UChar' and array 'UCharArray
[2026-06-18 01:35:21,275][AutoNode][DEBUG] - Defining data type 'uint' as 'UInt' and array 'UIntArray
[2026-06-18 01:35:21,275][AutoNode][DEBUG] - Defining data type 'uint64' as 'UInt64' and array 'UInt64Array
[2026-06-18 01:35:21,276][AutoNode][DEBUG] - Defining data type 'vectord[3]' as 'Vector3d' and array 'Vector3dArray
[2026-06-18 01:35:21,276][AutoNode][DEBUG] - Defining data type 'vectorf[3]' as 'Vector3f' and array 'Vector3fArray
[2026-06-18 01:35:21,276][AutoNode][DEBUG] - Defining data type 'vectorh[3]' as 'Vector3h' and array 'Vector3hArray
Loading user config located at: '/isaac-sim/kit/data/Kit/IsaacLab/3.0/user.config.json'
[Info] [carb] Logging to file: /isaac-sim/kit/logs/Kit/IsaacLab/3.0/kit_20260618_013509.log
2026-06-18T01:35:09Z [8ms] [Warning] [omni.ext.plugin] [ext: isaaclab_visualizers] Extensions config 'extension.toml' doesn't exist '/workspace/isaaclab/source/isaaclab_visualizers' or '/workspace/isaaclab/source/isaaclab_visualizers/config'

|---------------------------------------------------------------------------------------------|
| Driver Version: 580.159.03    | Graphics API: Vulkan
|=============================================================================================|
| GPU | Name                             | Active | LDA | GPU Memory | Vendor-ID | LUID       |
|     |                                  |        |     |            | Device-ID | UUID       |
|     |                                  |        |     |            | Bus-ID    |            |
|---------------------------------------------------------------------------------------------|
| 0   | NVIDIA GeForce RTX 2070          | Yes: 0 |     | 8438    MB | 10de      | 0          |
|     |                                  |        |     |            | 1f14      | a951febe.. |
|     |                                  |        |     |            | 1         |            |
|=============================================================================================|
| OS: 24.04.4 LTS (Noble Numbat) ubuntu, Version: 24.04.4, Kernel: 6.17.0-35-generic
| XServer Vendor: The X.Org Foundation, XServer Version: 12101011 (1.21.1.11)
| Processor: Intel(R) Core(TM) i7-10750H CPU @ 2.60GHz
| Cores: 6 | Logical Cores: 12
|---------------------------------------------------------------------------------------------|
| Total Memory (MB): 31854 | Free Memory: 26936
| Total Page/Swap (MB): 8191 | Free Page/Swap: 4800
|---------------------------------------------------------------------------------------------|
2026-06-18T01:35:11Z [1,725ms] [Warning] [gpu.foundation.plugin] CPU performance profile is set to powersave. This profile sets the CPU to the lowest frequency reducing performance.
2026-06-18T01:35:11Z [1,733ms] [Warning] [gpu.foundation.plugin] PCIe link width current (8) and maximum (16) for device 0 don't match.
2026-06-18T01:35:20Z [10,335ms] [Warning] [omni.log] Source: omni.hydra was already registered.
OmniReplicatorNvExtension starting up (ext_id: omni.replicator.nv-1.1.0).
2026-06-18T01:35:21Z [11,639ms] [Warning] [pxr.Semantics] pxr.Semantics is deprecated - please use Semantics instead
2026-06-18T01:35:21Z [11,804ms] [Warning] [omni.replicator.core.scripts.extension] No material configuration file, adding configuration to material settings directly.
2026-06-18T01:35:23Z [13,294ms] [Warning] [omni.usd] Encountered USD Warnings but USD Diagnostics are currently muted. To view USD Warnings, please set the '/persistent/app/usd/muteUsdDiagnostics' setting to false in Preferences page.
2026-06-18T01:35:24Z [14,781ms] [Warning] [omni.kit.window.filepicker.collections.collection_item] Failed to add '/root/Documents': '/root/Documents/' as dupliated path in 'Documents'
=== Thu Jun 18 01:57:26 UTC 2026 | START model_5999.pt | 1500 steps ===
[INFO]: Parsing configuration from: Ankybot_v2.tasks.manager_based.ankybot_v2.ankybot_v2_env_cfg:AnkybotV2EnvCfg_PLAY
[INFO]: Parsing configuration from: Ankybot_v2.tasks.manager_based.ankybot_v2.agents.rsl_rl_ppo_cfg:PPORunnerCfg
[2026-06-18 01:57:33,728][isaaclab.app.app_launcher][INFO] - Using device: cuda:0
[2026-06-18 01:57:33,729][isaaclab.app.app_launcher][INFO] - Loading experience file: /workspace/isaaclab/apps/isaaclab.python.rendering.kit
[2026-06-18 01:57:34,542][asyncio][DEBUG] - Using selector: EpollSelector
WARNING: All log messages before absl::InitializeLog() is called are written to STDERR
E0000 00:00:1781747854.580668  268096 descriptor_database.cc:633] File already exists in database: grpc/health/v1/health.proto
W0000 00:00:1781747854.580716  268096 message.cc:301] Protobuf GeneratedMessageFactory: File is already registered: grpc/health/v1/health.proto
[2026-06-18 01:57:46,234][trimesh.util][DEBUG] - falling back to hashlib hashing: `pip install xxhash`for 50x faster cache checks
[2026-06-18 01:57:48,784][AutoNode][DEBUG] - Defining data type 'any' as 'Any'
[2026-06-18 01:57:48,784][AutoNode][DEBUG] - Defining data type 'bool' as 'Bool' and array 'BoolArray
[2026-06-18 01:57:48,784][AutoNode][DEBUG] - Defining data type 'bundle' as 'Bundle'
[2026-06-18 01:57:48,784][AutoNode][DEBUG] - Defining data type 'colord[3]' as 'Color3d' and array 'Color3dArray
[2026-06-18 01:57:48,785][AutoNode][DEBUG] - Defining data type 'colorf[3]' as 'Color3f' and array 'Color3fArray
[2026-06-18 01:57:48,785][AutoNode][DEBUG] - Defining data type 'colorh[3]' as 'Color3h' and array 'Color3hArray
[2026-06-18 01:57:48,785][AutoNode][DEBUG] - Defining data type 'colord[4]' as 'Color4d' and array 'Color4dArray
[2026-06-18 01:57:48,785][AutoNode][DEBUG] - Defining data type 'colorf[4]' as 'Color4f' and array 'Color4fArray
[2026-06-18 01:57:48,785][AutoNode][DEBUG] - Defining data type 'colorh[4]' as 'Color4h' and array 'Color4hArray
[2026-06-18 01:57:48,785][AutoNode][DEBUG] - Defining data type 'double' as 'Double' and array 'DoubleArray
[2026-06-18 01:57:48,785][AutoNode][DEBUG] - Defining data type 'double[2]' as 'Double2' and array 'Double2Array
[2026-06-18 01:57:48,785][AutoNode][DEBUG] - Defining data type 'double[3]' as 'Double3' and array 'Double3Array
[2026-06-18 01:57:48,786][AutoNode][DEBUG] - Defining data type 'double[4]' as 'Double4' and array 'Double4Array
[2026-06-18 01:57:48,786][AutoNode][DEBUG] - Defining data type 'execution' as 'Execution'
[2026-06-18 01:57:48,786][AutoNode][DEBUG] - Defining data type 'float' as 'Float' and array 'FloatArray
[2026-06-18 01:57:48,786][AutoNode][DEBUG] - Defining data type 'float[2]' as 'Float2' and array 'Float2Array
[2026-06-18 01:57:48,786][AutoNode][DEBUG] - Defining data type 'float[3]' as 'Float3' and array 'Float3Array
[2026-06-18 01:57:48,786][AutoNode][DEBUG] - Defining data type 'float[4]' as 'Float4' and array 'Float4Array
[2026-06-18 01:57:48,786][AutoNode][DEBUG] - Defining data type 'frame[4]' as 'Frame' and array 'FrameArray
[2026-06-18 01:57:48,786][AutoNode][DEBUG] - Defining data type 'half' as 'Half' and array 'HalfArray
[2026-06-18 01:57:48,787][AutoNode][DEBUG] - Defining data type 'half[2]' as 'Half2' and array 'Half2Array
[2026-06-18 01:57:48,787][AutoNode][DEBUG] - Defining data type 'half[3]' as 'Half3' and array 'Half3Array
[2026-06-18 01:57:48,787][AutoNode][DEBUG] - Defining data type 'half[4]' as 'Half4' and array 'Half4Array
[2026-06-18 01:57:48,787][AutoNode][DEBUG] - Defining data type 'int' as 'Int' and array 'IntArray
[2026-06-18 01:57:48,787][AutoNode][DEBUG] - Defining data type 'int[2]' as 'Int2' and array 'Int2Array
[2026-06-18 01:57:48,787][AutoNode][DEBUG] - Defining data type 'int[3]' as 'Int3' and array 'Int3Array
[2026-06-18 01:57:48,787][AutoNode][DEBUG] - Defining data type 'int[4]' as 'Int4' and array 'Int4Array
[2026-06-18 01:57:48,788][AutoNode][DEBUG] - Defining data type 'int64' as 'Int64' and array 'Int64Array
[2026-06-18 01:57:48,788][AutoNode][DEBUG] - Defining data type 'matrixd[2]' as 'Matrix2d' and array 'Matrix2dArray
[2026-06-18 01:57:48,788][AutoNode][DEBUG] - Defining data type 'matrixd[3]' as 'Matrix3d' and array 'Matrix3dArray
[2026-06-18 01:57:48,788][AutoNode][DEBUG] - Defining data type 'matrixd[4]' as 'Matrix4d' and array 'Matrix4dArray
[2026-06-18 01:57:48,788][AutoNode][DEBUG] - Defining data type 'normald[3]' as 'Normal3d' and array 'Normal3dArray
[2026-06-18 01:57:48,788][AutoNode][DEBUG] - Defining data type 'normalf[3]' as 'Normal3f' and array 'Normal3fArray
[2026-06-18 01:57:48,788][AutoNode][DEBUG] - Defining data type 'normalh[3]' as 'Normal3h' and array 'Normal3hArray
[2026-06-18 01:57:48,788][AutoNode][DEBUG] - Defining data type 'objectId' as 'ObjectId' and array 'ObjectIdArray
[2026-06-18 01:57:48,789][AutoNode][DEBUG] - Defining data type 'path' as 'Path'
[2026-06-18 01:57:48,789][AutoNode][DEBUG] - Defining data type 'pointd[3]' as 'Point3d' and array 'Point3dArray
[2026-06-18 01:57:48,789][AutoNode][DEBUG] - Defining data type 'pointf[3]' as 'Point3f' and array 'Point3fArray
[2026-06-18 01:57:48,789][AutoNode][DEBUG] - Defining data type 'pointh[3]' as 'Point3h' and array 'Point3hArray
[2026-06-18 01:57:48,789][AutoNode][DEBUG] - Defining data type 'quatd[4]' as 'Quatd' and array 'QuatdArray
[2026-06-18 01:57:48,789][AutoNode][DEBUG] - Defining data type 'quatf[4]' as 'Quatf' and array 'QuatfArray
[2026-06-18 01:57:48,789][AutoNode][DEBUG] - Defining data type 'quath[4]' as 'Quath' and array 'QuathArray
[2026-06-18 01:57:48,789][AutoNode][DEBUG] - Defining data type 'string' as 'String'
[2026-06-18 01:57:48,790][AutoNode][DEBUG] - Defining data type 'target' as 'Target'
[2026-06-18 01:57:48,790][AutoNode][DEBUG] - Defining data type 'texcoordd[2]' as 'TexCoord2d' and array 'TexCoord2dArray
[2026-06-18 01:57:48,790][AutoNode][DEBUG] - Defining data type 'texcoordf[2]' as 'TexCoord2f' and array 'TexCoord2fArray
[2026-06-18 01:57:48,790][AutoNode][DEBUG] - Defining data type 'texcoordh[2]' as 'TexCoord2h' and array 'TexCoord2hArray
[2026-06-18 01:57:48,790][AutoNode][DEBUG] - Defining data type 'texcoordd[3]' as 'TexCoord3d' and array 'TexCoord3dArray
[2026-06-18 01:57:48,790][AutoNode][DEBUG] - Defining data type 'texcoordf[3]' as 'TexCoord3f' and array 'TexCoord3fArray
[2026-06-18 01:57:48,790][AutoNode][DEBUG] - Defining data type 'texcoordh[3]' as 'TexCoord3h' and array 'TexCoord3hArray
[2026-06-18 01:57:48,790][AutoNode][DEBUG] - Defining data type 'timecode' as 'Timecode' and array 'TimecodeArray
[2026-06-18 01:57:48,791][AutoNode][DEBUG] - Defining data type 'token' as 'Token' and array 'TokenArray
[2026-06-18 01:57:48,791][AutoNode][DEBUG] - Defining data type 'uchar' as 'UChar' and array 'UCharArray
[2026-06-18 01:57:48,791][AutoNode][DEBUG] - Defining data type 'uint' as 'UInt' and array 'UIntArray
[2026-06-18 01:57:48,791][AutoNode][DEBUG] - Defining data type 'uint64' as 'UInt64' and array 'UInt64Array
[2026-06-18 01:57:48,791][AutoNode][DEBUG] - Defining data type 'vectord[3]' as 'Vector3d' and array 'Vector3dArray
[2026-06-18 01:57:48,791][AutoNode][DEBUG] - Defining data type 'vectorf[3]' as 'Vector3f' and array 'Vector3fArray
[2026-06-18 01:57:48,791][AutoNode][DEBUG] - Defining data type 'vectorh[3]' as 'Vector3h' and array 'Vector3hArray
Loading user config located at: '/isaac-sim/kit/data/Kit/IsaacLab/3.0/user.config.json'
[Info] [carb] Logging to file: /isaac-sim/kit/logs/Kit/IsaacLab/3.0/kit_20260618_015733.log
2026-06-18T01:57:33Z [6ms] [Warning] [omni.ext.plugin] [ext: isaaclab_visualizers] Extensions config 'extension.toml' doesn't exist '/workspace/isaaclab/source/isaaclab_visualizers' or '/workspace/isaaclab/source/isaaclab_visualizers/config'

|---------------------------------------------------------------------------------------------|
| Driver Version: 580.159.03    | Graphics API: Vulkan
|=============================================================================================|
| GPU | Name                             | Active | LDA | GPU Memory | Vendor-ID | LUID       |
|     |                                  |        |     |            | Device-ID | UUID       |
|     |                                  |        |     |            | Bus-ID    |            |
|---------------------------------------------------------------------------------------------|
| 0   | NVIDIA GeForce RTX 2070          | Yes: 0 |     | 8438    MB | 10de      | 0          |
|     |                                  |        |     |            | 1f14      | a951febe.. |
|     |                                  |        |     |            | 1         |            |
|=============================================================================================|
| OS: 24.04.4 LTS (Noble Numbat) ubuntu, Version: 24.04.4, Kernel: 6.17.0-35-generic
| XServer Vendor: The X.Org Foundation, XServer Version: 12101011 (1.21.1.11)
| Processor: Intel(R) Core(TM) i7-10750H CPU @ 2.60GHz
| Cores: 6 | Logical Cores: 12
|---------------------------------------------------------------------------------------------|
| Total Memory (MB): 31854 | Free Memory: 21886
| Total Page/Swap (MB): 8191 | Free Page/Swap: 5213
|---------------------------------------------------------------------------------------------|
2026-06-18T01:57:35Z [1,684ms] [Warning] [gpu.foundation.plugin] CPU performance profile is set to powersave. This profile sets the CPU to the lowest frequency reducing performance.
2026-06-18T01:57:35Z [1,691ms] [Warning] [gpu.foundation.plugin] PCIe link width current (8) and maximum (16) for device 0 don't match.
2026-06-18T01:57:47Z [14,090ms] [Warning] [omni.log] Source: omni.hydra was already registered.
OmniReplicatorNvExtension starting up (ext_id: omni.replicator.nv-1.1.0).
2026-06-18T01:57:49Z [15,352ms] [Warning] [pxr.Semantics] pxr.Semantics is deprecated - please use Semantics instead
2026-06-18T01:57:49Z [15,511ms] [Warning] [omni.replicator.core.scripts.extension] No material configuration file, adding configuration to material settings directly.
2026-06-18T01:57:50Z [16,960ms] [Warning] [omni.usd] Encountered USD Warnings but USD Diagnostics are currently muted. To view USD Warnings, please set the '/persistent/app/usd/muteUsdDiagnostics' setting to false in Preferences page.
2026-06-18T01:57:52Z [18,428ms] [Warning] [omni.kit.window.filepicker.collections.collection_item] Failed to add '/root/Documents': '/root/Documents/' as dupliated path in 'Documents'
[WARNING]: The `policy` configuration is deprecated for rsl-rl >= 4.0.0. Please use, e.g., `actor` and `critic` model configurations instead.
[WARNING]: The `policy` configuration is used to infer the `actor` model configuration.
[WARNING]: The `policy` configuration is used to infer the `critic` model configuration.
[WARNING]: The `distribution_cfg` configuration is now used to specify the output distribution for stochastic policies. Consider updating the configuration to use `distribution_cfg` instead of `stochastic`, `init_noise_std`, `noise_std_type`, and `state_dependent_std` parameters.
[INFO] Loading experiment from directory: /workspace/Ankybot_v2/logs/rsl_rl/ankybot_v2
[2026-06-18 01:57:54,920][isaaclab_physx.physics.physx_manager][WARNING] - TGS solver with enable_external_forces_every_iteration=False may cause noisy velocities.
[INFO]: Base environment:
	Environment device    : cuda:0
	Environment seed      : 42
	Physics step-size     : 0.002
	Rendering step-size   : 0.002
	Environment step-size : 0.01
[2026-06-18 01:57:55,132][isaaclab.envs.manager_based_env][WARNING] - The render interval (1.0) is smaller than the decimation (5). Multiple render calls will happen for each environment step. If this is not intended, set the render interval to be equal to the decimation.
2026-06-18T01:57:53Z [20,202ms] [Warning] [omni.kit.menu.utils.layout] Multiple matching items found for layout "Physics". Found Create, Window. Change <<class 'omni.kit.menu.utils.layout.MenuLayout.SubMenu'> name:Physics> to use specific source. Using "source="Create/Physics""
2026-06-18T01:57:54Z [21,149ms] [Warning] [isaaclab_physx.physics.physx_manager] TGS solver with enable_external_forces_every_iteration=False may cause noisy velocities.
2026-06-18T01:57:55Z [21,360ms] [Warning] [isaaclab.envs.manager_based_env] The render interval (1.0) is smaller than the decimation (5). Multiple render calls will happen for each environment step. If this is not intended, set the render interval to be equal to the decimation.
2026-06-18T01:57:57Z [23,639ms] [Warning] [omni.fabric.plugin] Warning: attribute material:binding not found for path /__Prototype_6314448075664896028/BaseLink

2026-06-18T01:57:58Z [24,370ms] [Warning] [isaacsim.core.simulation_manager.impl.simulation_manager] Changing backend from 'numpy' to 'torch' since NumPy cannot be used with GPU piplines
2026-06-18T01:57:58Z [24,751ms] [Warning] [omni.physics.isaacsimready.scripts.variant_switcher] VariantSwitcher: Variant 'physx' not found in variant set 'Physics' on prim '/World/envs/env_59/Robot/FinalURDF_SLDASM'. Available variants: ['None', 'PhysX']
2026-06-18T01:57:58Z [24,751ms] [Warning] [omni.physics.isaacsimready.scripts.variant_switcher] VariantSwitcher: Variant 'physx' not found in variant set 'Physics' on prim '/World/envs/env_86/Robot/FinalURDF_SLDASM'. Available variants: ['None', 'PhysX']
2026-06-18T01:57:58Z [24,751ms] [Warning] [omni.physics.isaacsimready.scripts.variant_switcher] VariantSwitcher: Variant 'physx' not found in variant set 'Physics' on prim '/World/envs/env_15/Robot/FinalURDF_SLDASM'. Available variants: ['None', 'PhysX']
2026-06-18T01:57:58Z [24,751ms] [Warning] [omni.physics.isaacsimready.scripts.variant_switcher] VariantSwitcher: Variant 'physx' not found in variant set 'Physics' on prim '/World/envs/env_104/Robot/FinalURDF_SLDASM'. Available variants: ['None', 'PhysX']
2026-06-18T01:57:58Z [24,751ms] [Warning] [omni.physics.isaacsimready.scripts.variant_switcher] VariantSwitcher: Variant 'physx' not found in variant set 'Physics' on prim '/World/envs/env_17/Robot/FinalURDF_SLDASM'. Available variants: ['None', 'PhysX']
2026-06-18T01:57:58Z [24,751ms] [Warning] [omni.physics.isaacsimready.scripts.variant_switcher] VariantSwitcher: Variant 'physx' not found in variant set 'Physics' on prim '/World/envs/env_24/Robot/FinalURDF_SLDASM'. Available variants: ['None', 'PhysX']
2026-06-18T01:57:58Z [24,751ms] [Warning] [omni.physics.isaacsimready.scripts.variant_switcher] VariantSwitcher: Variant 'physx' not found in variant set 'Physics' on prim '/World/envs/env_30/Robot/FinalURDF_SLDASM'. Available variants: ['None', 'PhysX']
2026-06-18T01:57:58Z [24,751ms] [Warning] [omni.physics.isaacsimready.scripts.variant_switcher] VariantSwitcher: Variant 'physx' not found in variant set 'Physics' on prim '/World/envs/env_84/Robot/FinalURDF_SLDASM'. Available variants: ['None', 'PhysX']
2026-06-18T01:57:58Z [24,751ms] [Warning] [omni.physics.isaacsimready.scripts.variant_switcher] VariantSwitcher: Variant 'physx' not found in variant set 'Physics' on prim '/World/envs/env_58/Robot/FinalURDF_SLDASM'. Available variants: ['None', 'PhysX']
2026-06-18T01:57:58Z [24,751ms] [Warning] [omni.physics.isaacsimready.scripts.variant_switcher] VariantSwitcher: Variant 'physx' not found in variant set 'Physics' on prim '/World/envs/env_78/Robot/FinalURDF_SLDASM'. Available variants: ['None', 'PhysX']
2026-06-18T01:57:58Z [24,751ms] [Warning] [omni.physics.isaacsimready.scripts.variant_switcher] VariantSwitcher: Variant 'physx' not found in variant set 'Physics' on prim '/World/envs/env_82/Robot/FinalURDF_SLDASM'. Available variants: ['None', 'PhysX']
2026-06-18T01:57:58Z [24,751ms] [Warning] [omni.physics.isaacsimready.scripts.variant_switcher] VariantSwitcher: Variant 'physx' not found in variant set 'Physics' on prim '/World/envs/env_80/Robot/FinalURDF_SLDASM'. Available variants: ['None', 'PhysX']
2026-06-18T01:57:58Z [24,751ms] [Warning] [omni.physics.isaacsimready.scripts.variant_switcher] VariantSwitcher: Variant 'physx' not found in variant set 'Physics' on prim '/World/envs/env_99/Robot/FinalURDF_SLDASM'. Available variants: ['None', 'PhysX']
2026-06-18T01:57:58Z [24,751ms] [Warning] [omni.physics.isaacsimready.scripts.variant_switcher] VariantSwitcher: Variant 'physx' not found in variant set 'Physics' on prim '/World/envs/env_27/Robot/FinalURDF_SLDASM'. Available variants: ['None', 'PhysX']
2026-06-18T01:57:58Z [24,752ms] [Warning] [omni.physics.isaacsimready.scripts.variant_switcher] VariantSwitcher: Variant 'physx' not found in variant set 'Physics' on prim '/World/envs/env_67/Robot/FinalURDF_SLDASM'. Available variants: ['None', 'PhysX']
2026-06-18T01:57:58Z [24,752ms] [Warning] [omni.physics.isaacsimready.scripts.variant_switcher] VariantSwitcher: Variant 'physx' not found in variant set 'Physics' on prim '/World/envs/env_40/Robot/FinalURDF_SLDASM'. Available variants: ['None', 'PhysX']
2026-06-18T01:57:58Z [24,752ms] [Warning] [omni.physics.isaacsimready.scripts.variant_switcher] VariantSwitcher: Variant 'physx' not found in variant set 'Physics' on prim '/World/envs/env_73/Robot/FinalURDF_SLDASM'. Available variants: ['None', 'PhysX']
2026-06-18T01:57:58Z [24,752ms] [Warning] [omni.physics.isaacsimready.scripts.variant_switcher] VariantSwitcher: Variant 'physx' not found in variant set 'Physics' on prim '/World/envs/env_105/Robot/FinalURDF_SLDASM'. Available variants: ['None', 'PhysX']
2026-06-18T01:57:58Z [24,752ms] [Warning] [omni.physics.isaacsimready.scripts.variant_switcher] VariantSwitcher: Variant 'physx' not found in variant set 'Physics' on prim '/World/envs/env_10/Robot/FinalURDF_SLDASM'. Available variants: ['None', 'PhysX']
2026-06-18T01:57:58Z [24,752ms] [Warning] [omni.physics.isaacsimready.scripts.variant_switcher] VariantSwitcher: Variant 'physx' not found in variant set 'Physics' on prim '/World/envs/env_92/Robot/FinalURDF_SLDASM'. Available variants: ['None', 'PhysX']
2026-06-18T01:57:58Z [24,752ms] [Warning] [omni.physics.isaacsimready.scripts.variant_switcher] VariantSwitcher: Variant 'physx' not found in variant set 'Physics' on prim '/World/envs/env_127/Robot/FinalURDF_SLDASM'. Available variants: ['None', 'PhysX']
2026-06-18T01:57:58Z [24,752ms] [Warning] [omni.physics.isaacsimready.scripts.variant_switcher] VariantSwitcher: Variant 'physx' not found in variant set 'Physics' on prim '/World/envs/env_121/Robot/FinalURDF_SLDASM'. Available variants: ['None', 'PhysX']
2026-06-18T01:57:58Z [24,752ms] [Warning] [omni.physics.isaacsimready.scripts.variant_switcher] VariantSwitcher: Variant 'physx' not found in variant set 'Physics' on prim '/World/envs/env_57/Robot/FinalURDF_SLDASM'. Available variants: ['None', 'PhysX']
2026-06-18T01:57:58Z [24,752ms] [Warning] [omni.physics.isaacsimready.scripts.variant_switcher] VariantSwitcher: Variant 'physx' not found in variant set 'Physics' on prim '/World/envs/env_120/Robot/FinalURDF_SLDASM'. Available variants: ['None', 'PhysX']
2026-06-18T01:57:58Z [24,752ms] [Warning] [omni.physics.isaacsimready.scripts.variant_switcher] VariantSwitcher: Variant 'physx' not found in variant set 'Physics' on prim '/World/envs/env_41/Robot/FinalURDF_SLDASM'. Available variants: ['None', 'PhysX']
2026-06-18T01:57:58Z [24,752ms] [Warning] [omni.physics.isaacsimready.scripts.variant_switcher] VariantSwitcher: Variant 'physx' not found in variant set 'Physics' on prim '/World/envs/env_56/Robot/FinalURDF_SLDASM'. Available variants: ['None', 'PhysX']
2026-06-18T01:57:58Z [24,752ms] [Warning] [omni.physics.isaacsimready.scripts.variant_switcher] VariantSwitcher: Variant 'physx' not found in variant set 'Physics' on prim '/World/envs/env_35/Robot/FinalURDF_SLDASM'. Available variants: ['None', 'PhysX']
2026-06-18T01:57:58Z [24,752ms] [Warning] [omni.physics.isaacsimready.scripts.variant_switcher] VariantSwitcher: Variant 'physx' not found in variant set 'Physics' on prim '/World/envs/env_7/Robot/FinalURDF_SLDASM'. Available variants: ['None', 'PhysX']
2026-06-18T01:57:58Z [24,752ms] [Warning] [omni.physics.isaacsimready.scripts.variant_switcher] VariantSwitcher: Variant 'physx' not found in variant set 'Physics' on prim '/World/envs/env_62/Robot/FinalURDF_SLDASM'. Available variants: ['None', 'PhysX']
2026-06-18T01:57:58Z [24,753ms] [Warning] [omni.physics.isaacsimready.scripts.variant_switcher] VariantSwitcher: Variant 'physx' not found in variant set 'Physics' on prim '/World/envs/env_87/Robot/FinalURDF_SLDASM'. Available variants: ['None', 'PhysX']
2026-06-18T01:57:58Z [24,753ms] [Warning] [omni.physics.isaacsimready.scripts.variant_switcher] VariantSwitcher: Variant 'physx' not found in variant set 'Physics' on prim '/World/envs/env_75/Robot/FinalURDF_SLDASM'. Available variants: ['None', 'PhysX']
2026-06-18T01:57:58Z [24,753ms] [Warning] [omni.physics.isaacsimready.scripts.variant_switcher] VariantSwitcher: Variant 'physx' not found in variant set 'Physics' on prim '/World/envs/env_20/Robot/FinalURDF_SLDASM'. Available variants: ['None', 'PhysX']
2026-06-18T01:57:58Z [24,753ms] [Warning] [omni.physics.isaacsimready.scripts.variant_switcher] VariantSwitcher: Variant 'physx' not found in variant set 'Physics' on prim '/World/envs/env_42/Robot/FinalURDF_SLDASM'. Available variants: ['None', 'PhysX']
2026-06-18T01:57:58Z [24,753ms] [Warning] [omni.physics.isaacsimready.scripts.variant_switcher] VariantSwitcher: Variant 'physx' not found in variant set 'Physics' on prim '/World/envs/env_25/Robot/FinalURDF_SLDASM'. Available variants: ['None', 'PhysX']
2026-06-18T01:57:58Z [24,753ms] [Warning] [omni.physics.isaacsimready.scripts.variant_switcher] VariantSwitcher: Variant 'physx' not found in variant set 'Physics' on prim '/World/envs/env_18/Robot/FinalURDF_SLDASM'. Available variants: ['None', 'PhysX']
2026-06-18T01:57:58Z [24,753ms] [Warning] [omni.physics.isaacsimready.scripts.variant_switcher] VariantSwitcher: Variant 'physx' not found in variant set 'Physics' on prim '/World/envs/env_16/Robot/FinalURDF_SLDASM'. Available variants: ['None', 'PhysX']
2026-06-18T01:57:58Z [24,753ms] [Warning] [omni.physics.isaacsimready.scripts.variant_switcher] VariantSwitcher: Variant 'physx' not found in variant set 'Physics' on prim '/World/envs/env_90/Robot/FinalURDF_SLDASM'. Available variants: ['None', 'PhysX']
2026-06-18T01:57:58Z [24,753ms] [Warning] [omni.physics.isaacsimready.scripts.variant_switcher] VariantSwitcher: Variant 'physx' not found in variant set 'Physics' on prim '/World/envs/env_1/Robot/FinalURDF_SLDASM'. Available variants: ['None', 'PhysX']
2026-06-18T01:57:58Z [24,753ms] [Warning] [omni.physics.isaacsimready.scripts.variant_switcher] VariantSwitcher: Variant 'physx' not found in variant set 'Physics' on prim '/World/envs/env_2/Robot/FinalURDF_SLDASM'. Available variants: ['None', 'PhysX']
2026-06-18T01:57:58Z [24,753ms] [Warning] [omni.physics.isaacsimready.scripts.variant_switcher] VariantSwitcher: Variant 'physx' not found in variant set 'Physics' on prim '/World/envs/env_72/Robot/FinalURDF_SLDASM'. Available variants: ['None', 'PhysX']
2026-06-18T01:57:58Z [24,753ms] [Warning] [omni.physics.isaacsimready.scripts.variant_switcher] VariantSwitcher: Variant 'physx' not found in variant set 'Physics' on prim '/World/envs/env_43/Robot/FinalURDF_SLDASM'. Available variants: ['None', 'PhysX']
2026-06-18T01:57:58Z [24,753ms] [Warning] [omni.physics.isaacsimready.scripts.variant_switcher] VariantSwitcher: Variant 'physx' not found in variant set 'Physics' on prim '/World/envs/env_101/Robot/FinalURDF_SLDASM'. Available variants: ['None', 'PhysX']
2026-06-18T01:57:58Z [24,753ms] [Warning] [omni.physics.isaacsimready.scripts.variant_switcher] VariantSwitcher: Variant 'physx' not found in variant set 'Physics' on prim '/World/envs/env_77/Robot/FinalURDF_SLDASM'. Available variants: ['None', 'PhysX']
2026-06-18T01:57:58Z [24,753ms] [Warning] [omni.physics.isaacsimready.scripts.variant_switcher] VariantSwitcher: Variant 'physx' not found in variant set 'Physics' on prim '/World/envs/env_69/Robot/FinalURDF_SLDASM'. Available variants: ['None', 'PhysX']
2026-06-18T01:57:58Z [24,753ms] [Warning] [omni.physics.isaacsimready.scripts.variant_switcher] VariantSwitcher: Variant 'physx' not found in variant set 'Physics' on prim '/World/envs/env_44/Robot/FinalURDF_SLDASM'. Available variants: ['None', 'PhysX']
2026-06-18T01:57:58Z [24,754ms] [Warning] [omni.physics.isaacsimready.scripts.variant_switcher] VariantSwitcher: Variant 'physx' not found in variant set 'Physics' on prim '/World/envs/env_117/Robot/FinalURDF_SLDASM'. Available variants: ['None', 'PhysX']
2026-06-18T01:57:58Z [24,754ms] [Warning] [omni.physics.isaacsimready.scripts.variant_switcher] VariantSwitcher: Variant 'physx' not found in variant set 'Physics' on prim '/World/envs/env_61/Robot/FinalURDF_SLDASM'. Available variants: ['None', 'PhysX']
2026-06-18T01:57:58Z [24,754ms] [Warning] [omni.physics.isaacsimready.scripts.variant_switcher] VariantSwitcher: Variant 'physx' not found in variant set 'Physics' on prim '/World/envs/env_79/Robot/FinalURDF_SLDASM'. Available variants: ['None', 'PhysX']
2026-06-18T01:57:58Z [24,754ms] [Warning] [omni.physics.isaacsimready.scripts.variant_switcher] VariantSwitcher: Variant 'physx' not found in variant set 'Physics' on prim '/World/envs/env_3/Robot/FinalURDF_SLDASM'. Available variants: ['None', 'PhysX']
2026-06-18T01:57:58Z [24,754ms] [Warning] [omni.physics.isaacsimready.scripts.variant_switcher] VariantSwitcher: Variant 'physx' not found in variant set 'Physics' on prim '/World/envs/env_111/Robot/FinalURDF_SLDASM'. Available variants: ['None', 'PhysX']
2026-06-18T01:57:58Z [24,754ms] [Warning] [omni.physics.isaacsimready.scripts.variant_switcher] VariantSwitcher: Variant 'physx' not found in variant set 'Physics' on prim '/World/envs/env_97/Robot/FinalURDF_SLDASM'. Available variants: ['None', 'PhysX']
2026-06-18T01:57:58Z [24,754ms] [Warning] [omni.physics.isaacsimready.scripts.variant_switcher] VariantSwitcher: Variant 'physx' not found in variant set 'Physics' on prim '/World/envs/env_81/Robot/FinalURDF_SLDASM'. Available variants: ['None', 'PhysX']
2026-06-18T01:57:58Z [24,754ms] [Warning] [omni.physics.isaacsimready.scripts.variant_switcher] VariantSwitcher: Variant 'physx' not found in variant set 'Physics' on prim '/World/envs/env_6/Robot/FinalURDF_SLDASM'. Available variants: ['None', 'PhysX']
2026-06-18T01:57:58Z [24,754ms] [Warning] [omni.physics.isaacsimready.scripts.variant_switcher] VariantSwitcher: Variant 'physx' not found in variant set 'Physics' on prim '/World/envs/env_45/Robot/FinalURDF_SLDASM'. Available variants: ['None', 'PhysX']
2026-06-18T01:57:58Z [24,754ms] [Warning] [omni.physics.isaacsimready.scripts.variant_switcher] VariantSwitcher: Variant 'physx' not found in variant set 'Physics' on prim '/World/envs/env_112/Robot/FinalURDF_SLDASM'. Available variants: ['None', 'PhysX']
2026-06-18T01:57:58Z [24,754ms] [Warning] [omni.physics.isaacsimready.scripts.variant_switcher] VariantSwitcher: Variant 'physx' not found in variant set 'Physics' on prim '/World/envs/env_115/Robot/FinalURDF_SLDASM'. Available variants: ['None', 'PhysX']
2026-06-18T01:57:58Z [24,754ms] [Warning] [omni.physics.isaacsimready.scripts.variant_switcher] VariantSwitcher: Variant 'physx' not found in variant set 'Physics' on prim '/World/envs/env_46/Robot/FinalURDF_SLDASM'. Available variants: ['None', 'PhysX']
2026-06-18T01:57:58Z [24,754ms] [Warning] [omni.physics.isaacsimready.scripts.variant_switcher] VariantSwitcher: Variant 'physx' not found in variant set 'Physics' on prim '/World/envs/env_65/Robot/FinalURDF_SLDASM'. Available variants: ['None', 'PhysX']
2026-06-18T01:57:58Z [24,754ms] [Warning] [omni.physics.isaacsimready.scripts.variant_switcher] VariantSwitcher: Variant 'physx' not found in variant set 'Physics' on prim '/World/envs/env_37/Robot/FinalURDF_SLDASM'. Available variants: ['None', 'PhysX']
2026-06-18T01:57:58Z [24,754ms] [Warning] [omni.physics.isaacsimready.scripts.variant_switcher] VariantSwitcher: Variant 'physx' not found in variant set 'Physics' on prim '/World/envs/env_51/Robot/FinalURDF_SLDASM'. Available variants: ['None', 'PhysX']
2026-06-18T01:57:58Z [24,755ms] [Warning] [omni.physics.isaacsimready.scripts.variant_switcher] VariantSwitcher: Variant 'physx' not found in variant set 'Physics' on prim '/World/envs/env_60/Robot/FinalURDF_SLDASM'. Available variants: ['None', 'PhysX']
2026-06-18T01:57:58Z [24,755ms] [Warning] [omni.physics.isaacsimready.scripts.variant_switcher] VariantSwitcher: Variant 'physx' not found in variant set 'Physics' on prim '/World/envs/env_29/Robot/FinalURDF_SLDASM'. Available variants: ['None', 'PhysX']
2026-06-18T01:57:58Z [24,755ms] [Warning] [omni.physics.isaacsimready.scripts.variant_switcher] VariantSwitcher: Variant 'physx' not found in variant set 'Physics' on prim '/World/envs/env_21/Robot/FinalURDF_SLDASM'. Available variants: ['None', 'PhysX']
2026-06-18T01:57:58Z [24,755ms] [Warning] [omni.physics.isaacsimready.scripts.variant_switcher] VariantSwitcher: Variant 'physx' not found in variant set 'Physics' on prim '/World/envs/env_33/Robot/FinalURDF_SLDASM'. Available variants: ['None', 'PhysX']
2026-06-18T01:57:58Z [24,755ms] [Warning] [omni.physics.isaacsimready.scripts.variant_switcher] VariantSwitcher: Variant 'physx' not found in variant set 'Physics' on prim '/World/envs/env_64/Robot/FinalURDF_SLDASM'. Available variants: ['None', 'PhysX']
2026-06-18T01:57:58Z [24,755ms] [Warning] [omni.physics.isaacsimready.scripts.variant_switcher] VariantSwitcher: Variant 'physx' not found in variant set 'Physics' on prim '/World/envs/env_13/Robot/FinalURDF_SLDASM'. Available variants: ['None', 'PhysX']
2026-06-18T01:57:58Z [24,755ms] [Warning] [omni.physics.isaacsimready.scripts.variant_switcher] VariantSwitcher: Variant 'physx' not found in variant set 'Physics' on prim '/World/envs/env_123/Robot/FinalURDF_SLDASM'. Available variants: ['None', 'PhysX']
2026-06-18T01:57:58Z [24,755ms] [Warning] [omni.physics.isaacsimready.scripts.variant_switcher] VariantSwitcher: Variant 'physx' not found in variant set 'Physics' on prim '/World/envs/env_76/Robot/FinalURDF_SLDASM'. Available variants: ['None', 'PhysX']
2026-06-18T01:57:58Z [24,755ms] [Warning] [omni.physics.isaacsimready.scripts.variant_switcher] VariantSwitcher: Variant 'physx' not found in variant set 'Physics' on prim '/World/envs/env_8/Robot/FinalURDF_SLDASM'. Available variants: ['None', 'PhysX']
2026-06-18T01:57:58Z [24,755ms] [Warning] [omni.physics.isaacsimready.scripts.variant_switcher] VariantSwitcher: Variant 'physx' not found in variant set 'Physics' on prim '/World/envs/env_19/Robot/FinalURDF_SLDASM'. Available variants: ['None', 'PhysX']
2026-06-18T01:57:58Z [24,755ms] [Warning] [omni.physics.isaacsimready.scripts.variant_switcher] VariantSwitcher: Variant 'physx' not found in variant set 'Physics' on prim '/World/envs/env_5/Robot/FinalURDF_SLDASM'. Available variants: ['None', 'PhysX']
2026-06-18T01:57:58Z [24,755ms] [Warning] [omni.physics.isaacsimready.scripts.variant_switcher] VariantSwitcher: Variant 'physx' not found in variant set 'Physics' on prim '/World/envs/env_39/Robot/FinalURDF_SLDASM'. Available variants: ['None', 'PhysX']
2026-06-18T01:57:58Z [24,755ms] [Warning] [omni.physics.isaacsimready.scripts.variant_switcher] VariantSwitcher: Variant 'physx' not found in variant set 'Physics' on prim '/World/envs/env_122/Robot/FinalURDF_SLDASM'. Available variants: ['None', 'PhysX']
2026-06-18T01:57:58Z [24,755ms] [Warning] [omni.physics.isaacsimready.scripts.variant_switcher] VariantSwitcher: Variant 'physx' not found in variant set 'Physics' on prim '/World/envs/env_34/Robot/FinalURDF_SLDASM'. Available variants: ['None', 'PhysX']
2026-06-18T01:57:58Z [24,755ms] [Warning] [omni.physics.isaacsimready.scripts.variant_switcher] VariantSwitcher: Variant 'physx' not found in variant set 'Physics' on prim '/World/envs/env_95/Robot/FinalURDF_SLDASM'. Available variants: ['None', 'PhysX']
2026-06-18T01:57:58Z [24,756ms] [Warning] [omni.physics.isaacsimready.scripts.variant_switcher] VariantSwitcher: Variant 'physx' not found in variant set 'Physics' on prim '/World/envs/env_0/Robot/FinalURDF_SLDASM'. Available variants: ['None', 'PhysX']
2026-06-18T01:57:58Z [24,756ms] [Warning] [omni.physics.isaacsimready.scripts.variant_switcher] VariantSwitcher: Variant 'physx' not found in variant set 'Physics' on prim '/World/envs/env_89/Robot/FinalURDF_SLDASM'. Available variants: ['None', 'PhysX']
2026-06-18T01:57:58Z [24,756ms] [Warning] [omni.physics.isaacsimready.scripts.variant_switcher] VariantSwitcher: Variant 'physx' not found in variant set 'Physics' on prim '/World/envs/env_63/Robot/FinalURDF_SLDASM'. Available variants: ['None', 'PhysX']
2026-06-18T01:57:58Z [24,756ms] [Warning] [omni.physics.isaacsimready.scripts.variant_switcher] VariantSwitcher: Variant 'physx' not found in variant set 'Physics' on prim '/World/envs/env_70/Robot/FinalURDF_SLDASM'. Available variants: ['None', 'PhysX']
2026-06-18T01:57:58Z [24,756ms] [Warning] [omni.physics.isaacsimready.scripts.variant_switcher] VariantSwitcher: Variant 'physx' not found in variant set 'Physics' on prim '/World/envs/env_22/Robot/FinalURDF_SLDASM'. Available variants: ['None', 'PhysX']
2026-06-18T01:57:58Z [24,756ms] [Warning] [omni.physics.isaacsimready.scripts.variant_switcher] VariantSwitcher: Variant 'physx' not found in variant set 'Physics' on prim '/World/envs/env_106/Robot/FinalURDF_SLDASM'. Available variants: ['None', 'PhysX']
2026-06-18T01:57:58Z [24,756ms] [Warning] [omni.physics.isaacsimready.scripts.variant_switcher] VariantSwitcher: Variant 'physx' not found in variant set 'Physics' on prim '/World/envs/env_4/Robot/FinalURDF_SLDASM'. Available variants: ['None', 'PhysX']
2026-06-18T01:57:58Z [24,756ms] [Warning] [omni.physics.isaacsimready.scripts.variant_switcher] VariantSwitcher: Variant 'physx' not found in variant set 'Physics' on prim '/World/envs/env_100/Robot/FinalURDF_SLDASM'. Available variants: ['None', 'PhysX']
2026-06-18T01:57:58Z [24,756ms] [Warning] [omni.physics.isaacsimready.scripts.variant_switcher] VariantSwitcher: Variant 'physx' not found in variant set 'Physics' on prim '/World/envs/env_12/Robot/FinalURDF_SLDASM'. Available variants: ['None', 'PhysX']
2026-06-18T01:57:58Z [24,756ms] [Warning] [omni.physics.isaacsimready.scripts.variant_switcher] VariantSwitcher: Variant 'physx' not found in variant set 'Physics' on prim '/World/envs/env_31/Robot/FinalURDF_SLDASM'. Available variants: ['None', 'PhysX']
2026-06-18T01:57:58Z [24,756ms] [Warning] [omni.physics.isaacsimready.scripts.variant_switcher] VariantSwitcher: Variant 'physx' not found in variant set 'Physics' on prim '/World/envs/env_96/Robot/FinalURDF_SLDASM'. Available variants: ['None', 'PhysX']
2026-06-18T01:57:58Z [24,756ms] [Warning] [omni.physics.isaacsimready.scripts.variant_switcher] VariantSwitcher: Variant 'physx' not found in variant set 'Physics' on prim '/World/envs/env_107/Robot/FinalURDF_SLDASM'. Available variants: ['None', 'PhysX']
2026-06-18T01:57:58Z [24,756ms] [Warning] [omni.physics.isaacsimready.scripts.variant_switcher] VariantSwitcher: Variant 'physx' not found in variant set 'Physics' on prim '/World/envs/env_126/Robot/FinalURDF_SLDASM'. Available variants: ['None', 'PhysX']
2026-06-18T01:57:58Z [24,756ms] [Warning] [omni.physics.isaacsimready.scripts.variant_switcher] VariantSwitcher: Variant 'physx' not found in variant set 'Physics' on prim '/World/envs/env_66/Robot/FinalURDF_SLDASM'. Available variants: ['None', 'PhysX']
2026-06-18T01:57:58Z [24,756ms] [Warning] [omni.physics.isaacsimready.scripts.variant_switcher] VariantSwitcher: Variant 'physx' not found in variant set 'Physics' on prim '/World/envs/env_119/Robot/FinalURDF_SLDASM'. Available variants: ['None', 'PhysX']
2026-06-18T01:57:58Z [24,757ms] [Warning] [omni.physics.isaacsimready.scripts.variant_switcher] VariantSwitcher: Variant 'physx' not found in variant set 'Physics' on prim '/World/envs/env_28/Robot/FinalURDF_SLDASM'. Available variants: ['None', 'PhysX']
2026-06-18T01:57:58Z [24,757ms] [Warning] [omni.physics.isaacsimready.scripts.variant_switcher] VariantSwitcher: Variant 'physx' not found in variant set 'Physics' on prim '/World/envs/env_14/Robot/FinalURDF_SLDASM'. Available variants: ['None', 'PhysX']
2026-06-18T01:57:58Z [24,757ms] [Warning] [omni.physics.isaacsimready.scripts.variant_switcher] VariantSwitcher: Variant 'physx' not found in variant set 'Physics' on prim '/World/envs/env_55/Robot/FinalURDF_SLDASM'. Available variants: ['None', 'PhysX']
2026-06-18T01:57:58Z [24,757ms] [Warning] [omni.physics.isaacsimready.scripts.variant_switcher] VariantSwitcher: Variant 'physx' not found in variant set 'Physics' on prim '/World/envs/env_108/Robot/FinalURDF_SLDASM'. Available variants: ['None', 'PhysX']
2026-06-18T01:57:58Z [24,757ms] [Warning] [omni.physics.isaacsimready.scripts.variant_switcher] VariantSwitcher: Variant 'physx' not found in variant set 'Physics' on prim '/World/envs/env_118/Robot/FinalURDF_SLDASM'. Available variants: ['None', 'PhysX']
2026-06-18T01:57:58Z [24,757ms] [Warning] [omni.physics.isaacsimready.scripts.variant_switcher] VariantSwitcher: Variant 'physx' not found in variant set 'Physics' on prim '/World/envs/env_36/Robot/FinalURDF_SLDASM'. Available variants: ['None', 'PhysX']
2026-06-18T01:57:58Z [24,757ms] [Warning] [omni.physics.isaacsimready.scripts.variant_switcher] VariantSwitcher: Variant 'physx' not found in variant set 'Physics' on prim '/World/envs/env_54/Robot/FinalURDF_SLDASM'. Available variants: ['None', 'PhysX']
2026-06-18T01:57:58Z [24,757ms] [Warning] [omni.physics.isaacsimready.scripts.variant_switcher] VariantSwitcher: Variant 'physx' not found in variant set 'Physics' on prim '/World/envs/env_93/Robot/FinalURDF_SLDASM'. Available variants: ['None', 'PhysX']
2026-06-18T01:57:58Z [24,757ms] [Warning] [omni.physics.isaacsimready.scripts.variant_switcher] VariantSwitcher: Variant 'physx' not found in variant set 'Physics' on prim '/World/envs/env_85/Robot/FinalURDF_SLDASM'. Available variants: ['None', 'PhysX']
2026-06-18T01:57:58Z [24,757ms] [Warning] [omni.physics.isaacsimready.scripts.variant_switcher] VariantSwitcher: Variant 'physx' not found in variant set 'Physics' on prim '/World/envs/env_109/Robot/FinalURDF_SLDASM'. Available variants: ['None', 'PhysX']
2026-06-18T01:57:58Z [24,757ms] [Warning] [omni.physics.isaacsimready.scripts.variant_switcher] VariantSwitcher: Variant 'physx' not found in variant set 'Physics' on prim '/World/envs/env_110/Robot/FinalURDF_SLDASM'. Available variants: ['None', 'PhysX']
2026-06-18T01:57:58Z [24,757ms] [Warning] [omni.physics.isaacsimready.scripts.variant_switcher] VariantSwitcher: Variant 'physx' not found in variant set 'Physics' on prim '/World/envs/env_9/Robot/FinalURDF_SLDASM'. Available variants: ['None', 'PhysX']
2026-06-18T01:57:58Z [24,757ms] [Warning] [omni.physics.isaacsimready.scripts.variant_switcher] VariantSwitcher: Variant 'physx' not found in variant set 'Physics' on prim '/World/envs/env_32/Robot/FinalURDF_SLDASM'. Available variants: ['None', 'PhysX']
2026-06-18T01:57:58Z [24,757ms] [Warning] [omni.physics.isaacsimready.scripts.variant_switcher] VariantSwitcher: Variant 'physx' not found in variant set 'Physics' on prim '/World/envs/env_116/Robot/FinalURDF_SLDASM'. Available variants: ['None', 'PhysX']
2026-06-18T01:57:58Z [24,758ms] [Warning] [omni.physics.isaacsimready.scripts.variant_switcher] VariantSwitcher: Variant 'physx' not found in variant set 'Physics' on prim '/World/envs/env_125/Robot/FinalURDF_SLDASM'. Available variants: ['None', 'PhysX']
2026-06-18T01:57:58Z [24,758ms] [Warning] [omni.physics.isaacsimready.scripts.variant_switcher] VariantSwitcher: Variant 'physx' not found in variant set 'Physics' on prim '/World/envs/env_53/Robot/FinalURDF_SLDASM'. Available variants: ['None', 'PhysX']
2026-06-18T01:57:58Z [24,758ms] [Warning] [omni.physics.isaacsimready.scripts.variant_switcher] VariantSwitcher: Variant 'physx' not found in variant set 'Physics' on prim '/World/envs/env_83/Robot/FinalURDF_SLDASM'. Available variants: ['None', 'PhysX']
2026-06-18T01:57:58Z [24,758ms] [Warning] [omni.physics.isaacsimready.scripts.variant_switcher] VariantSwitcher: Variant 'physx' not found in variant set 'Physics' on prim '/World/envs/env_52/Robot/FinalURDF_SLDASM'. Available variants: ['None', 'PhysX']
2026-06-18T01:57:58Z [24,758ms] [Warning] [omni.physics.isaacsimready.scripts.variant_switcher] VariantSwitcher: Variant 'physx' not found in variant set 'Physics' on prim '/World/envs/env_114/Robot/FinalURDF_SLDASM'. Available variants: ['None', 'PhysX']
2026-06-18T01:57:58Z [24,758ms] [Warning] [omni.physics.isaacsimready.scripts.variant_switcher] VariantSwitcher: Variant 'physx' not found in variant set 'Physics' on prim '/World/envs/env_23/Robot/FinalURDF_SLDASM'. Available variants: ['None', 'PhysX']
2026-06-18T01:57:58Z [24,758ms] [Warning] [omni.physics.isaacsimready.scripts.variant_switcher] VariantSwitcher: Variant 'physx' not found in variant set 'Physics' on prim '/World/envs/env_113/Robot/FinalURDF_SLDASM'. Available variants: ['None', 'PhysX']
2026-06-18T01:57:58Z [24,758ms] [Warning] [omni.physics.isaacsimready.scripts.variant_switcher] VariantSwitcher: Variant 'physx' not found in variant set 'Physics' on prim '/World/envs/env_102/Robot/FinalURDF_SLDASM'. Available variants: ['None', 'PhysX']
2026-06-18T01:57:58Z [24,758ms] [Warning] [omni.physics.isaacsimready.scripts.variant_switcher] VariantSwitcher: Variant 'physx' not found in variant set 'Physics' on prim '/World/envs/env_50/Robot/FinalURDF_SLDASM'. Available variants: ['None', 'PhysX']
2026-06-18T01:57:58Z [24,758ms] [Warning] [omni.physics.isaacsimready.scripts.variant_switcher] VariantSwitcher: Variant 'physx' not found in variant set 'Physics' on prim '/World/envs/env_48/Robot/FinalURDF_SLDASM'. Available variants: ['None', 'PhysX']
/workspace/isaaclab/_isaac_sim/kit/python/lib/python3.12/site-packages/rsl_rl/utils/utils.py:220: UserWarning: The observation configuration dictionary 'obs_groups' is empty and thus likely not configured. Consider configuring the 'obs_groups' dictionary explicitly
  warnings.warn(
/workspace/isaaclab/_isaac_sim/kit/python/lib/python3.12/site-packages/rsl_rl/utils/utils.py:251: UserWarning: The observation configuration dictionary 'obs_groups' does not contain the 'actor' key. As an observation group with the name 'policy' was found, this is assumed to be the appropriate observation. Consider adding the 'actor' key to the 'obs_groups' dictionary for clarity. This behavior will be removed in a future version.
  warnings.warn(
/workspace/isaaclab/_isaac_sim/kit/python/lib/python3.12/site-packages/rsl_rl/utils/utils.py:251: UserWarning: The observation configuration dictionary 'obs_groups' does not contain the 'critic' key. As an observation group with the name 'policy' was found, this is assumed to be the appropriate observation. Consider adding the 'critic' key to the 'obs_groups' dictionary for clarity. This behavior will be removed in a future version.
  warnings.warn(
/workspace/isaaclab/_isaac_sim/kit/python/lib/python3.12/copyreg.py:99: FutureWarning: `isinstance(treespec, LeafSpec)` is deprecated, use `isinstance(treespec, TreeSpec) and treespec.is_leaf()` instead.
  return cls.__new__(cls, *args)
2026-06-18T01:57:58Z [24,758ms] [Warning] [omni.physics.isaacsimready.scripts.variant_switcher] VariantSwitcher: Variant 'physx' not found in variant set 'Physics' on prim '/World/envs/env_47/Robot/FinalURDF_SLDASM'. Available variants: ['None', 'PhysX']
2026-06-18T01:57:58Z [24,758ms] [Warning] [omni.physics.isaacsimready.scripts.variant_switcher] VariantSwitcher: Variant 'physx' not found in variant set 'Physics' on prim '/World/envs/env_88/Robot/FinalURDF_SLDASM'. Available variants: ['None', 'PhysX']
2026-06-18T01:57:58Z [24,758ms] [Warning] [omni.physics.isaacsimready.scripts.variant_switcher] VariantSwitcher: Variant 'physx' not found in variant set 'Physics' on prim '/World/envs/env_124/Robot/FinalURDF_SLDASM'. Available variants: ['None', 'PhysX']
2026-06-18T01:57:58Z [24,758ms] [Warning] [omni.physics.isaacsimready.scripts.variant_switcher] VariantSwitcher: Variant 'physx' not found in variant set 'Physics' on prim '/World/envs/env_74/Robot/FinalURDF_SLDASM'. Available variants: ['None', 'PhysX']
2026-06-18T01:57:58Z [24,758ms] [Warning] [omni.physics.isaacsimready.scripts.variant_switcher] VariantSwitcher: Variant 'physx' not found in variant set 'Physics' on prim '/World/envs/env_49/Robot/FinalURDF_SLDASM'. Available variants: ['None', 'PhysX']
2026-06-18T01:57:58Z [24,759ms] [Warning] [omni.physics.isaacsimready.scripts.variant_switcher] VariantSwitcher: Variant 'physx' not found in variant set 'Physics' on prim '/World/envs/env_26/Robot/FinalURDF_SLDASM'. Available variants: ['None', 'PhysX']
2026-06-18T01:57:58Z [24,759ms] [Warning] [omni.physics.isaacsimready.scripts.variant_switcher] VariantSwitcher: Variant 'physx' not found in variant set 'Physics' on prim '/World/envs/env_11/Robot/FinalURDF_SLDASM'. Available variants: ['None', 'PhysX']
2026-06-18T01:57:58Z [24,759ms] [Warning] [omni.physics.isaacsimready.scripts.variant_switcher] VariantSwitcher: Variant 'physx' not found in variant set 'Physics' on prim '/World/envs/env_94/Robot/FinalURDF_SLDASM'. Available variants: ['None', 'PhysX']
2026-06-18T01:57:58Z [24,759ms] [Warning] [omni.physics.isaacsimready.scripts.variant_switcher] VariantSwitcher: Variant 'physx' not found in variant set 'Physics' on prim '/World/envs/env_68/Robot/FinalURDF_SLDASM'. Available variants: ['None', 'PhysX']
2026-06-18T01:57:58Z [24,759ms] [Warning] [omni.physics.isaacsimready.scripts.variant_switcher] VariantSwitcher: Variant 'physx' not found in variant set 'Physics' on prim '/World/envs/env_38/Robot/FinalURDF_SLDASM'. Available variants: ['None', 'PhysX']
2026-06-18T01:57:58Z [24,759ms] [Warning] [omni.physics.isaacsimready.scripts.variant_switcher] VariantSwitcher: Variant 'physx' not found in variant set 'Physics' on prim '/World/envs/env_91/Robot/FinalURDF_SLDASM'. Available variants: ['None', 'PhysX']
2026-06-18T01:57:58Z [24,759ms] [Warning] [omni.physics.isaacsimready.scripts.variant_switcher] VariantSwitcher: Variant 'physx' not found in variant set 'Physics' on prim '/World/envs/env_98/Robot/FinalURDF_SLDASM'. Available variants: ['None', 'PhysX']
2026-06-18T01:57:58Z [24,759ms] [Warning] [omni.physics.isaacsimready.scripts.variant_switcher] VariantSwitcher: Variant 'physx' not found in variant set 'Physics' on prim '/World/envs/env_103/Robot/FinalURDF_SLDASM'. Available variants: ['None', 'PhysX']
2026-06-18T01:57:58Z [24,759ms] [Warning] [omni.physics.isaacsimready.scripts.variant_switcher] VariantSwitcher: Variant 'physx' not found in variant set 'Physics' on prim '/World/envs/env_71/Robot/FinalURDF_SLDASM'. Available variants: ['None', 'PhysX']
2026-06-18T01:58:05Z [31,874ms] [Warning] [omni.syntheticdata.plugin] OgnSdPostRenderVarToHost : rendervar copy from texture directly to host buffer is counter-performant. Please use copy from texture to device buffer first.
[INFO] Using Python: "/workspace/isaaclab/_isaac_sim/python.sh"
=== Thu Jun 18 02:09:36 UTC 2026 | DONE  model_5999.pt ===
=== Thu Jun 18 02:09:36 UTC 2026 | START model_5000.pt | 1500 steps ===
[INFO]: Parsing configuration from: Ankybot_v2.tasks.manager_based.ankybot_v2.ankybot_v2_env_cfg:AnkybotV2EnvCfg_PLAY
[INFO]: Parsing configuration from: Ankybot_v2.tasks.manager_based.ankybot_v2.agents.rsl_rl_ppo_cfg:PPORunnerCfg
[2026-06-18 02:09:43,508][isaaclab.app.app_launcher][INFO] - Using device: cuda:0
[2026-06-18 02:09:43,509][isaaclab.app.app_launcher][INFO] - Loading experience file: /workspace/isaaclab/apps/isaaclab.python.rendering.kit
[2026-06-18 02:09:44,293][asyncio][DEBUG] - Using selector: EpollSelector
WARNING: All log messages before absl::InitializeLog() is called are written to STDERR
E0000 00:00:1781748584.331544  276332 descriptor_database.cc:633] File already exists in database: grpc/health/v1/health.proto
W0000 00:00:1781748584.331580  276332 message.cc:301] Protobuf GeneratedMessageFactory: File is already registered: grpc/health/v1/health.proto
[2026-06-18 02:09:53,954][trimesh.util][DEBUG] - falling back to hashlib hashing: `pip install xxhash`for 50x faster cache checks
[2026-06-18 02:09:56,403][AutoNode][DEBUG] - Defining data type 'any' as 'Any'
[2026-06-18 02:09:56,403][AutoNode][DEBUG] - Defining data type 'bool' as 'Bool' and array 'BoolArray
[2026-06-18 02:09:56,404][AutoNode][DEBUG] - Defining data type 'bundle' as 'Bundle'
[2026-06-18 02:09:56,404][AutoNode][DEBUG] - Defining data type 'colord[3]' as 'Color3d' and array 'Color3dArray
[2026-06-18 02:09:56,404][AutoNode][DEBUG] - Defining data type 'colorf[3]' as 'Color3f' and array 'Color3fArray
[2026-06-18 02:09:56,404][AutoNode][DEBUG] - Defining data type 'colorh[3]' as 'Color3h' and array 'Color3hArray
[2026-06-18 02:09:56,404][AutoNode][DEBUG] - Defining data type 'colord[4]' as 'Color4d' and array 'Color4dArray
[2026-06-18 02:09:56,404][AutoNode][DEBUG] - Defining data type 'colorf[4]' as 'Color4f' and array 'Color4fArray
[2026-06-18 02:09:56,404][AutoNode][DEBUG] - Defining data type 'colorh[4]' as 'Color4h' and array 'Color4hArray
[2026-06-18 02:09:56,405][AutoNode][DEBUG] - Defining data type 'double' as 'Double' and array 'DoubleArray
[2026-06-18 02:09:56,405][AutoNode][DEBUG] - Defining data type 'double[2]' as 'Double2' and array 'Double2Array
[2026-06-18 02:09:56,405][AutoNode][DEBUG] - Defining data type 'double[3]' as 'Double3' and array 'Double3Array
[2026-06-18 02:09:56,405][AutoNode][DEBUG] - Defining data type 'double[4]' as 'Double4' and array 'Double4Array
[2026-06-18 02:09:56,405][AutoNode][DEBUG] - Defining data type 'execution' as 'Execution'
[2026-06-18 02:09:56,405][AutoNode][DEBUG] - Defining data type 'float' as 'Float' and array 'FloatArray
[2026-06-18 02:09:56,405][AutoNode][DEBUG] - Defining data type 'float[2]' as 'Float2' and array 'Float2Array
[2026-06-18 02:09:56,405][AutoNode][DEBUG] - Defining data type 'float[3]' as 'Float3' and array 'Float3Array
[2026-06-18 02:09:56,406][AutoNode][DEBUG] - Defining data type 'float[4]' as 'Float4' and array 'Float4Array
[2026-06-18 02:09:56,406][AutoNode][DEBUG] - Defining data type 'frame[4]' as 'Frame' and array 'FrameArray
[2026-06-18 02:09:56,406][AutoNode][DEBUG] - Defining data type 'half' as 'Half' and array 'HalfArray
[2026-06-18 02:09:56,406][AutoNode][DEBUG] - Defining data type 'half[2]' as 'Half2' and array 'Half2Array
[2026-06-18 02:09:56,406][AutoNode][DEBUG] - Defining data type 'half[3]' as 'Half3' and array 'Half3Array
[2026-06-18 02:09:56,406][AutoNode][DEBUG] - Defining data type 'half[4]' as 'Half4' and array 'Half4Array
[2026-06-18 02:09:56,406][AutoNode][DEBUG] - Defining data type 'int' as 'Int' and array 'IntArray
[2026-06-18 02:09:56,406][AutoNode][DEBUG] - Defining data type 'int[2]' as 'Int2' and array 'Int2Array
[2026-06-18 02:09:56,407][AutoNode][DEBUG] - Defining data type 'int[3]' as 'Int3' and array 'Int3Array
[2026-06-18 02:09:56,407][AutoNode][DEBUG] - Defining data type 'int[4]' as 'Int4' and array 'Int4Array
[2026-06-18 02:09:56,407][AutoNode][DEBUG] - Defining data type 'int64' as 'Int64' and array 'Int64Array
[2026-06-18 02:09:56,407][AutoNode][DEBUG] - Defining data type 'matrixd[2]' as 'Matrix2d' and array 'Matrix2dArray
[2026-06-18 02:09:56,407][AutoNode][DEBUG] - Defining data type 'matrixd[3]' as 'Matrix3d' and array 'Matrix3dArray
[2026-06-18 02:09:56,407][AutoNode][DEBUG] - Defining data type 'matrixd[4]' as 'Matrix4d' and array 'Matrix4dArray
[2026-06-18 02:09:56,407][AutoNode][DEBUG] - Defining data type 'normald[3]' as 'Normal3d' and array 'Normal3dArray
[2026-06-18 02:09:56,407][AutoNode][DEBUG] - Defining data type 'normalf[3]' as 'Normal3f' and array 'Normal3fArray
[2026-06-18 02:09:56,408][AutoNode][DEBUG] - Defining data type 'normalh[3]' as 'Normal3h' and array 'Normal3hArray
[2026-06-18 02:09:56,408][AutoNode][DEBUG] - Defining data type 'objectId' as 'ObjectId' and array 'ObjectIdArray
[2026-06-18 02:09:56,408][AutoNode][DEBUG] - Defining data type 'path' as 'Path'
[2026-06-18 02:09:56,408][AutoNode][DEBUG] - Defining data type 'pointd[3]' as 'Point3d' and array 'Point3dArray
[2026-06-18 02:09:56,408][AutoNode][DEBUG] - Defining data type 'pointf[3]' as 'Point3f' and array 'Point3fArray
[2026-06-18 02:09:56,408][AutoNode][DEBUG] - Defining data type 'pointh[3]' as 'Point3h' and array 'Point3hArray
[2026-06-18 02:09:56,408][AutoNode][DEBUG] - Defining data type 'quatd[4]' as 'Quatd' and array 'QuatdArray
[2026-06-18 02:09:56,408][AutoNode][DEBUG] - Defining data type 'quatf[4]' as 'Quatf' and array 'QuatfArray
[2026-06-18 02:09:56,409][AutoNode][DEBUG] - Defining data type 'quath[4]' as 'Quath' and array 'QuathArray
[2026-06-18 02:09:56,409][AutoNode][DEBUG] - Defining data type 'string' as 'String'
[2026-06-18 02:09:56,409][AutoNode][DEBUG] - Defining data type 'target' as 'Target'
[2026-06-18 02:09:56,409][AutoNode][DEBUG] - Defining data type 'texcoordd[2]' as 'TexCoord2d' and array 'TexCoord2dArray
[2026-06-18 02:09:56,409][AutoNode][DEBUG] - Defining data type 'texcoordf[2]' as 'TexCoord2f' and array 'TexCoord2fArray
[2026-06-18 02:09:56,409][AutoNode][DEBUG] - Defining data type 'texcoordh[2]' as 'TexCoord2h' and array 'TexCoord2hArray
[2026-06-18 02:09:56,409][AutoNode][DEBUG] - Defining data type 'texcoordd[3]' as 'TexCoord3d' and array 'TexCoord3dArray
[2026-06-18 02:09:56,409][AutoNode][DEBUG] - Defining data type 'texcoordf[3]' as 'TexCoord3f' and array 'TexCoord3fArray
[2026-06-18 02:09:56,410][AutoNode][DEBUG] - Defining data type 'texcoordh[3]' as 'TexCoord3h' and array 'TexCoord3hArray
[2026-06-18 02:09:56,410][AutoNode][DEBUG] - Defining data type 'timecode' as 'Timecode' and array 'TimecodeArray
[2026-06-18 02:09:56,410][AutoNode][DEBUG] - Defining data type 'token' as 'Token' and array 'TokenArray
[2026-06-18 02:09:56,410][AutoNode][DEBUG] - Defining data type 'uchar' as 'UChar' and array 'UCharArray
[2026-06-18 02:09:56,410][AutoNode][DEBUG] - Defining data type 'uint' as 'UInt' and array 'UIntArray
[2026-06-18 02:09:56,410][AutoNode][DEBUG] - Defining data type 'uint64' as 'UInt64' and array 'UInt64Array
[2026-06-18 02:09:56,410][AutoNode][DEBUG] - Defining data type 'vectord[3]' as 'Vector3d' and array 'Vector3dArray
[2026-06-18 02:09:56,410][AutoNode][DEBUG] - Defining data type 'vectorf[3]' as 'Vector3f' and array 'Vector3fArray
[2026-06-18 02:09:56,411][AutoNode][DEBUG] - Defining data type 'vectorh[3]' as 'Vector3h' and array 'Vector3hArray
Loading user config located at: '/isaac-sim/kit/data/Kit/IsaacLab/3.0/user.config.json'
[Info] [carb] Logging to file: /isaac-sim/kit/logs/Kit/IsaacLab/3.0/kit_20260618_020943.log
2026-06-18T02:09:43Z [8ms] [Warning] [omni.ext.plugin] [ext: isaaclab_visualizers] Extensions config 'extension.toml' doesn't exist '/workspace/isaaclab/source/isaaclab_visualizers' or '/workspace/isaaclab/source/isaaclab_visualizers/config'

|---------------------------------------------------------------------------------------------|
| Driver Version: 580.159.03    | Graphics API: Vulkan
|=============================================================================================|
| GPU | Name                             | Active | LDA | GPU Memory | Vendor-ID | LUID       |
|     |                                  |        |     |            | Device-ID | UUID       |
|     |                                  |        |     |            | Bus-ID    |            |
|---------------------------------------------------------------------------------------------|
| 0   | NVIDIA GeForce RTX 2070          | Yes: 0 |     | 8438    MB | 10de      | 0          |
|     |                                  |        |     |            | 1f14      | a951febe.. |
|     |                                  |        |     |            | 1         |            |
|=============================================================================================|
| OS: 24.04.4 LTS (Noble Numbat) ubuntu, Version: 24.04.4, Kernel: 6.17.0-35-generic
| XServer Vendor: The X.Org Foundation, XServer Version: 12101011 (1.21.1.11)
| Processor: Intel(R) Core(TM) i7-10750H CPU @ 2.60GHz
| Cores: 6 | Logical Cores: 12
|---------------------------------------------------------------------------------------------|
| Total Memory (MB): 31854 | Free Memory: 24318
| Total Page/Swap (MB): 8191 | Free Page/Swap: 5363
|---------------------------------------------------------------------------------------------|
2026-06-18T02:09:45Z [1,607ms] [Warning] [gpu.foundation.plugin] CPU performance profile is set to powersave. This profile sets the CPU to the lowest frequency reducing performance.
2026-06-18T02:09:45Z [1,615ms] [Warning] [gpu.foundation.plugin] PCIe link width current (8) and maximum (16) for device 0 don't match.
2026-06-18T02:09:55Z [11,936ms] [Warning] [omni.log] Source: omni.hydra was already registered.
OmniReplicatorNvExtension starting up (ext_id: omni.replicator.nv-1.1.0).
2026-06-18T02:09:56Z [13,186ms] [Warning] [pxr.Semantics] pxr.Semantics is deprecated - please use Semantics instead
2026-06-18T02:09:56Z [13,345ms] [Warning] [omni.replicator.core.scripts.extension] No material configuration file, adding configuration to material settings directly.
2026-06-18T02:09:58Z [14,727ms] [Warning] [omni.usd] Encountered USD Warnings but USD Diagnostics are currently muted. To view USD Warnings, please set the '/persistent/app/usd/muteUsdDiagnostics' setting to false in Preferences page.
2026-06-18T02:09:59Z [16,192ms] [Warning] [omni.kit.window.filepicker.collections.collection_item] Failed to add '/root/Documents': '/root/Documents/' as dupliated path in 'Documents'
[WARNING]: The `policy` configuration is deprecated for rsl-rl >= 4.0.0. Please use, e.g., `actor` and `critic` model configurations instead.
[WARNING]: The `policy` configuration is used to infer the `actor` model configuration.
[WARNING]: The `policy` configuration is used to infer the `critic` model configuration.
[WARNING]: The `distribution_cfg` configuration is now used to specify the output distribution for stochastic policies. Consider updating the configuration to use `distribution_cfg` instead of `stochastic`, `init_noise_std`, `noise_std_type`, and `state_dependent_std` parameters.
[INFO] Loading experiment from directory: /workspace/Ankybot_v2/logs/rsl_rl/ankybot_v2
[2026-06-18 02:10:02,496][isaaclab_physx.physics.physx_manager][WARNING] - TGS solver with enable_external_forces_every_iteration=False may cause noisy velocities.
[INFO]: Base environment:
	Environment device    : cuda:0
	Environment seed      : 42
	Physics step-size     : 0.002
	Rendering step-size   : 0.002
	Environment step-size : 0.01
[2026-06-18 02:10:02,715][isaaclab.envs.manager_based_env][WARNING] - The render interval (1.0) is smaller than the decimation (5). Multiple render calls will happen for each environment step. If this is not intended, set the render interval to be equal to the decimation.
2026-06-18T02:10:01Z [17,996ms] [Warning] [omni.kit.menu.utils.layout] Multiple matching items found for layout "Physics". Found Create, Window. Change <<class 'omni.kit.menu.utils.layout.MenuLayout.SubMenu'> name:Physics> to use specific source. Using "source="Create/Physics""
2026-06-18T02:10:02Z [18,942ms] [Warning] [isaaclab_physx.physics.physx_manager] TGS solver with enable_external_forces_every_iteration=False may cause noisy velocities.
2026-06-18T02:10:02Z [19,160ms] [Warning] [isaaclab.envs.manager_based_env] The render interval (1.0) is smaller than the decimation (5). Multiple render calls will happen for each environment step. If this is not intended, set the render interval to be equal to the decimation.
2026-06-18T02:10:04Z [21,416ms] [Warning] [omni.fabric.plugin] Warning: attribute material:binding not found for path /__Prototype_16605567747932664364/BLFoot

2026-06-18T02:10:05Z [22,147ms] [Warning] [isaacsim.core.simulation_manager.impl.simulation_manager] Changing backend from 'numpy' to 'torch' since NumPy cannot be used with GPU piplines
2026-06-18T02:10:06Z [22,527ms] [Warning] [omni.physics.isaacsimready.scripts.variant_switcher] VariantSwitcher: Variant 'physx' not found in variant set 'Physics' on prim '/World/envs/env_106/Robot/FinalURDF_SLDASM'. Available variants: ['None', 'PhysX']
2026-06-18T02:10:06Z [22,527ms] [Warning] [omni.physics.isaacsimready.scripts.variant_switcher] VariantSwitcher: Variant 'physx' not found in variant set 'Physics' on prim '/World/envs/env_86/Robot/FinalURDF_SLDASM'. Available variants: ['None', 'PhysX']
2026-06-18T02:10:06Z [22,527ms] [Warning] [omni.physics.isaacsimready.scripts.variant_switcher] VariantSwitcher: Variant 'physx' not found in variant set 'Physics' on prim '/World/envs/env_58/Robot/FinalURDF_SLDASM'. Available variants: ['None', 'PhysX']
2026-06-18T02:10:06Z [22,527ms] [Warning] [omni.physics.isaacsimready.scripts.variant_switcher] VariantSwitcher: Variant 'physx' not found in variant set 'Physics' on prim '/World/envs/env_63/Robot/FinalURDF_SLDASM'. Available variants: ['None', 'PhysX']
2026-06-18T02:10:06Z [22,527ms] [Warning] [omni.physics.isaacsimready.scripts.variant_switcher] VariantSwitcher: Variant 'physx' not found in variant set 'Physics' on prim '/World/envs/env_62/Robot/FinalURDF_SLDASM'. Available variants: ['None', 'PhysX']
2026-06-18T02:10:06Z [22,527ms] [Warning] [omni.physics.isaacsimready.scripts.variant_switcher] VariantSwitcher: Variant 'physx' not found in variant set 'Physics' on prim '/World/envs/env_21/Robot/FinalURDF_SLDASM'. Available variants: ['None', 'PhysX']
2026-06-18T02:10:06Z [22,528ms] [Warning] [omni.physics.isaacsimready.scripts.variant_switcher] VariantSwitcher: Variant 'physx' not found in variant set 'Physics' on prim '/World/envs/env_60/Robot/FinalURDF_SLDASM'. Available variants: ['None', 'PhysX']
2026-06-18T02:10:06Z [22,528ms] [Warning] [omni.physics.isaacsimready.scripts.variant_switcher] VariantSwitcher: Variant 'physx' not found in variant set 'Physics' on prim '/World/envs/env_59/Robot/FinalURDF_SLDASM'. Available variants: ['None', 'PhysX']
2026-06-18T02:10:06Z [22,528ms] [Warning] [omni.physics.isaacsimready.scripts.variant_switcher] VariantSwitcher: Variant 'physx' not found in variant set 'Physics' on prim '/World/envs/env_49/Robot/FinalURDF_SLDASM'. Available variants: ['None', 'PhysX']
2026-06-18T02:10:06Z [22,528ms] [Warning] [omni.physics.isaacsimready.scripts.variant_switcher] VariantSwitcher: Variant 'physx' not found in variant set 'Physics' on prim '/World/envs/env_61/Robot/FinalURDF_SLDASM'. Available variants: ['None', 'PhysX']
2026-06-18T02:10:06Z [22,528ms] [Warning] [omni.physics.isaacsimready.scripts.variant_switcher] VariantSwitcher: Variant 'physx' not found in variant set 'Physics' on prim '/World/envs/env_80/Robot/FinalURDF_SLDASM'. Available variants: ['None', 'PhysX']
2026-06-18T02:10:06Z [22,528ms] [Warning] [omni.physics.isaacsimready.scripts.variant_switcher] VariantSwitcher: Variant 'physx' not found in variant set 'Physics' on prim '/World/envs/env_15/Robot/FinalURDF_SLDASM'. Available variants: ['None', 'PhysX']
2026-06-18T02:10:06Z [22,528ms] [Warning] [omni.physics.isaacsimready.scripts.variant_switcher] VariantSwitcher: Variant 'physx' not found in variant set 'Physics' on prim '/World/envs/env_18/Robot/FinalURDF_SLDASM'. Available variants: ['None', 'PhysX']
2026-06-18T02:10:06Z [22,528ms] [Warning] [omni.physics.isaacsimready.scripts.variant_switcher] VariantSwitcher: Variant 'physx' not found in variant set 'Physics' on prim '/World/envs/env_6/Robot/FinalURDF_SLDASM'. Available variants: ['None', 'PhysX']
2026-06-18T02:10:06Z [22,528ms] [Warning] [omni.physics.isaacsimready.scripts.variant_switcher] VariantSwitcher: Variant 'physx' not found in variant set 'Physics' on prim '/World/envs/env_0/Robot/FinalURDF_SLDASM'. Available variants: ['None', 'PhysX']
2026-06-18T02:10:06Z [22,528ms] [Warning] [omni.physics.isaacsimready.scripts.variant_switcher] VariantSwitcher: Variant 'physx' not found in variant set 'Physics' on prim '/World/envs/env_41/Robot/FinalURDF_SLDASM'. Available variants: ['None', 'PhysX']
2026-06-18T02:10:06Z [22,528ms] [Warning] [omni.physics.isaacsimready.scripts.variant_switcher] VariantSwitcher: Variant 'physx' not found in variant set 'Physics' on prim '/World/envs/env_38/Robot/FinalURDF_SLDASM'. Available variants: ['None', 'PhysX']
2026-06-18T02:10:06Z [22,528ms] [Warning] [omni.physics.isaacsimready.scripts.variant_switcher] VariantSwitcher: Variant 'physx' not found in variant set 'Physics' on prim '/World/envs/env_11/Robot/FinalURDF_SLDASM'. Available variants: ['None', 'PhysX']
2026-06-18T02:10:06Z [22,528ms] [Warning] [omni.physics.isaacsimready.scripts.variant_switcher] VariantSwitcher: Variant 'physx' not found in variant set 'Physics' on prim '/World/envs/env_71/Robot/FinalURDF_SLDASM'. Available variants: ['None', 'PhysX']
2026-06-18T02:10:06Z [22,528ms] [Warning] [omni.physics.isaacsimready.scripts.variant_switcher] VariantSwitcher: Variant 'physx' not found in variant set 'Physics' on prim '/World/envs/env_50/Robot/FinalURDF_SLDASM'. Available variants: ['None', 'PhysX']
2026-06-18T02:10:06Z [22,529ms] [Warning] [omni.physics.isaacsimready.scripts.variant_switcher] VariantSwitcher: Variant 'physx' not found in variant set 'Physics' on prim '/World/envs/env_117/Robot/FinalURDF_SLDASM'. Available variants: ['None', 'PhysX']
2026-06-18T02:10:06Z [22,529ms] [Warning] [omni.physics.isaacsimready.scripts.variant_switcher] VariantSwitcher: Variant 'physx' not found in variant set 'Physics' on prim '/World/envs/env_1/Robot/FinalURDF_SLDASM'. Available variants: ['None', 'PhysX']
2026-06-18T02:10:06Z [22,529ms] [Warning] [omni.physics.isaacsimready.scripts.variant_switcher] VariantSwitcher: Variant 'physx' not found in variant set 'Physics' on prim '/World/envs/env_101/Robot/FinalURDF_SLDASM'. Available variants: ['None', 'PhysX']
2026-06-18T02:10:06Z [22,529ms] [Warning] [omni.physics.isaacsimready.scripts.variant_switcher] VariantSwitcher: Variant 'physx' not found in variant set 'Physics' on prim '/World/envs/env_92/Robot/FinalURDF_SLDASM'. Available variants: ['None', 'PhysX']
2026-06-18T02:10:06Z [22,529ms] [Warning] [omni.physics.isaacsimready.scripts.variant_switcher] VariantSwitcher: Variant 'physx' not found in variant set 'Physics' on prim '/World/envs/env_104/Robot/FinalURDF_SLDASM'. Available variants: ['None', 'PhysX']
2026-06-18T02:10:06Z [22,529ms] [Warning] [omni.physics.isaacsimready.scripts.variant_switcher] VariantSwitcher: Variant 'physx' not found in variant set 'Physics' on prim '/World/envs/env_25/Robot/FinalURDF_SLDASM'. Available variants: ['None', 'PhysX']
2026-06-18T02:10:06Z [22,529ms] [Warning] [omni.physics.isaacsimready.scripts.variant_switcher] VariantSwitcher: Variant 'physx' not found in variant set 'Physics' on prim '/World/envs/env_14/Robot/FinalURDF_SLDASM'. Available variants: ['None', 'PhysX']
2026-06-18T02:10:06Z [22,529ms] [Warning] [omni.physics.isaacsimready.scripts.variant_switcher] VariantSwitcher: Variant 'physx' not found in variant set 'Physics' on prim '/World/envs/env_10/Robot/FinalURDF_SLDASM'. Available variants: ['None', 'PhysX']
2026-06-18T02:10:06Z [22,529ms] [Warning] [omni.physics.isaacsimready.scripts.variant_switcher] VariantSwitcher: Variant 'physx' not found in variant set 'Physics' on prim '/World/envs/env_118/Robot/FinalURDF_SLDASM'. Available variants: ['None', 'PhysX']
2026-06-18T02:10:06Z [22,529ms] [Warning] [omni.physics.isaacsimready.scripts.variant_switcher] VariantSwitcher: Variant 'physx' not found in variant set 'Physics' on prim '/World/envs/env_85/Robot/FinalURDF_SLDASM'. Available variants: ['None', 'PhysX']
2026-06-18T02:10:06Z [22,529ms] [Warning] [omni.physics.isaacsimready.scripts.variant_switcher] VariantSwitcher: Variant 'physx' not found in variant set 'Physics' on prim '/World/envs/env_4/Robot/FinalURDF_SLDASM'. Available variants: ['None', 'PhysX']
2026-06-18T02:10:06Z [22,529ms] [Warning] [omni.physics.isaacsimready.scripts.variant_switcher] VariantSwitcher: Variant 'physx' not found in variant set 'Physics' on prim '/World/envs/env_42/Robot/FinalURDF_SLDASM'. Available variants: ['None', 'PhysX']
2026-06-18T02:10:06Z [22,529ms] [Warning] [omni.physics.isaacsimready.scripts.variant_switcher] VariantSwitcher: Variant 'physx' not found in variant set 'Physics' on prim '/World/envs/env_27/Robot/FinalURDF_SLDASM'. Available variants: ['None', 'PhysX']
2026-06-18T02:10:06Z [22,529ms] [Warning] [omni.physics.isaacsimready.scripts.variant_switcher] VariantSwitcher: Variant 'physx' not found in variant set 'Physics' on prim '/World/envs/env_46/Robot/FinalURDF_SLDASM'. Available variants: ['None', 'PhysX']
2026-06-18T02:10:06Z [22,529ms] [Warning] [omni.physics.isaacsimready.scripts.variant_switcher] VariantSwitcher: Variant 'physx' not found in variant set 'Physics' on prim '/World/envs/env_82/Robot/FinalURDF_SLDASM'. Available variants: ['None', 'PhysX']
2026-06-18T02:10:06Z [22,529ms] [Warning] [omni.physics.isaacsimready.scripts.variant_switcher] VariantSwitcher: Variant 'physx' not found in variant set 'Physics' on prim '/World/envs/env_17/Robot/FinalURDF_SLDASM'. Available variants: ['None', 'PhysX']
2026-06-18T02:10:06Z [22,530ms] [Warning] [omni.physics.isaacsimready.scripts.variant_switcher] VariantSwitcher: Variant 'physx' not found in variant set 'Physics' on prim '/World/envs/env_108/Robot/FinalURDF_SLDASM'. Available variants: ['None', 'PhysX']
2026-06-18T02:10:06Z [22,530ms] [Warning] [omni.physics.isaacsimready.scripts.variant_switcher] VariantSwitcher: Variant 'physx' not found in variant set 'Physics' on prim '/World/envs/env_39/Robot/FinalURDF_SLDASM'. Available variants: ['None', 'PhysX']
2026-06-18T02:10:06Z [22,530ms] [Warning] [omni.physics.isaacsimready.scripts.variant_switcher] VariantSwitcher: Variant 'physx' not found in variant set 'Physics' on prim '/World/envs/env_3/Robot/FinalURDF_SLDASM'. Available variants: ['None', 'PhysX']
2026-06-18T02:10:06Z [22,530ms] [Warning] [omni.physics.isaacsimready.scripts.variant_switcher] VariantSwitcher: Variant 'physx' not found in variant set 'Physics' on prim '/World/envs/env_68/Robot/FinalURDF_SLDASM'. Available variants: ['None', 'PhysX']
2026-06-18T02:10:06Z [22,530ms] [Warning] [omni.physics.isaacsimready.scripts.variant_switcher] VariantSwitcher: Variant 'physx' not found in variant set 'Physics' on prim '/World/envs/env_22/Robot/FinalURDF_SLDASM'. Available variants: ['None', 'PhysX']
2026-06-18T02:10:06Z [22,530ms] [Warning] [omni.physics.isaacsimready.scripts.variant_switcher] VariantSwitcher: Variant 'physx' not found in variant set 'Physics' on prim '/World/envs/env_34/Robot/FinalURDF_SLDASM'. Available variants: ['None', 'PhysX']
2026-06-18T02:10:06Z [22,530ms] [Warning] [omni.physics.isaacsimready.scripts.variant_switcher] VariantSwitcher: Variant 'physx' not found in variant set 'Physics' on prim '/World/envs/env_53/Robot/FinalURDF_SLDASM'. Available variants: ['None', 'PhysX']
2026-06-18T02:10:06Z [22,530ms] [Warning] [omni.physics.isaacsimready.scripts.variant_switcher] VariantSwitcher: Variant 'physx' not found in variant set 'Physics' on prim '/World/envs/env_102/Robot/FinalURDF_SLDASM'. Available variants: ['None', 'PhysX']
2026-06-18T02:10:06Z [22,530ms] [Warning] [omni.physics.isaacsimready.scripts.variant_switcher] VariantSwitcher: Variant 'physx' not found in variant set 'Physics' on prim '/World/envs/env_47/Robot/FinalURDF_SLDASM'. Available variants: ['None', 'PhysX']
2026-06-18T02:10:06Z [22,530ms] [Warning] [omni.physics.isaacsimready.scripts.variant_switcher] VariantSwitcher: Variant 'physx' not found in variant set 'Physics' on prim '/World/envs/env_43/Robot/FinalURDF_SLDASM'. Available variants: ['None', 'PhysX']
2026-06-18T02:10:06Z [22,530ms] [Warning] [omni.physics.isaacsimready.scripts.variant_switcher] VariantSwitcher: Variant 'physx' not found in variant set 'Physics' on prim '/World/envs/env_54/Robot/FinalURDF_SLDASM'. Available variants: ['None', 'PhysX']
2026-06-18T02:10:06Z [22,530ms] [Warning] [omni.physics.isaacsimready.scripts.variant_switcher] VariantSwitcher: Variant 'physx' not found in variant set 'Physics' on prim '/World/envs/env_67/Robot/FinalURDF_SLDASM'. Available variants: ['None', 'PhysX']
2026-06-18T02:10:06Z [22,530ms] [Warning] [omni.physics.isaacsimready.scripts.variant_switcher] VariantSwitcher: Variant 'physx' not found in variant set 'Physics' on prim '/World/envs/env_124/Robot/FinalURDF_SLDASM'. Available variants: ['None', 'PhysX']
2026-06-18T02:10:06Z [22,530ms] [Warning] [omni.physics.isaacsimready.scripts.variant_switcher] VariantSwitcher: Variant 'physx' not found in variant set 'Physics' on prim '/World/envs/env_125/Robot/FinalURDF_SLDASM'. Available variants: ['None', 'PhysX']
2026-06-18T02:10:06Z [22,530ms] [Warning] [omni.physics.isaacsimready.scripts.variant_switcher] VariantSwitcher: Variant 'physx' not found in variant set 'Physics' on prim '/World/envs/env_16/Robot/FinalURDF_SLDASM'. Available variants: ['None', 'PhysX']
2026-06-18T02:10:06Z [22,531ms] [Warning] [omni.physics.isaacsimready.scripts.variant_switcher] VariantSwitcher: Variant 'physx' not found in variant set 'Physics' on prim '/World/envs/env_24/Robot/FinalURDF_SLDASM'. Available variants: ['None', 'PhysX']
2026-06-18T02:10:06Z [22,531ms] [Warning] [omni.physics.isaacsimready.scripts.variant_switcher] VariantSwitcher: Variant 'physx' not found in variant set 'Physics' on prim '/World/envs/env_109/Robot/FinalURDF_SLDASM'. Available variants: ['None', 'PhysX']
2026-06-18T02:10:06Z [22,531ms] [Warning] [omni.physics.isaacsimready.scripts.variant_switcher] VariantSwitcher: Variant 'physx' not found in variant set 'Physics' on prim '/World/envs/env_32/Robot/FinalURDF_SLDASM'. Available variants: ['None', 'PhysX']
2026-06-18T02:10:06Z [22,531ms] [Warning] [omni.physics.isaacsimready.scripts.variant_switcher] VariantSwitcher: Variant 'physx' not found in variant set 'Physics' on prim '/World/envs/env_40/Robot/FinalURDF_SLDASM'. Available variants: ['None', 'PhysX']
2026-06-18T02:10:06Z [22,531ms] [Warning] [omni.physics.isaacsimready.scripts.variant_switcher] VariantSwitcher: Variant 'physx' not found in variant set 'Physics' on prim '/World/envs/env_37/Robot/FinalURDF_SLDASM'. Available variants: ['None', 'PhysX']
2026-06-18T02:10:06Z [22,531ms] [Warning] [omni.physics.isaacsimready.scripts.variant_switcher] VariantSwitcher: Variant 'physx' not found in variant set 'Physics' on prim '/World/envs/env_73/Robot/FinalURDF_SLDASM'. Available variants: ['None', 'PhysX']
2026-06-18T02:10:06Z [22,531ms] [Warning] [omni.physics.isaacsimready.scripts.variant_switcher] VariantSwitcher: Variant 'physx' not found in variant set 'Physics' on prim '/World/envs/env_93/Robot/FinalURDF_SLDASM'. Available variants: ['None', 'PhysX']
2026-06-18T02:10:06Z [22,531ms] [Warning] [omni.physics.isaacsimready.scripts.variant_switcher] VariantSwitcher: Variant 'physx' not found in variant set 'Physics' on prim '/World/envs/env_48/Robot/FinalURDF_SLDASM'. Available variants: ['None', 'PhysX']
2026-06-18T02:10:06Z [22,531ms] [Warning] [omni.physics.isaacsimready.scripts.variant_switcher] VariantSwitcher: Variant 'physx' not found in variant set 'Physics' on prim '/World/envs/env_26/Robot/FinalURDF_SLDASM'. Available variants: ['None', 'PhysX']
2026-06-18T02:10:06Z [22,531ms] [Warning] [omni.physics.isaacsimready.scripts.variant_switcher] VariantSwitcher: Variant 'physx' not found in variant set 'Physics' on prim '/World/envs/env_30/Robot/FinalURDF_SLDASM'. Available variants: ['None', 'PhysX']
2026-06-18T02:10:06Z [22,531ms] [Warning] [omni.physics.isaacsimready.scripts.variant_switcher] VariantSwitcher: Variant 'physx' not found in variant set 'Physics' on prim '/World/envs/env_56/Robot/FinalURDF_SLDASM'. Available variants: ['None', 'PhysX']
2026-06-18T02:10:06Z [22,531ms] [Warning] [omni.physics.isaacsimready.scripts.variant_switcher] VariantSwitcher: Variant 'physx' not found in variant set 'Physics' on prim '/World/envs/env_65/Robot/FinalURDF_SLDASM'. Available variants: ['None', 'PhysX']
2026-06-18T02:10:06Z [22,531ms] [Warning] [omni.physics.isaacsimready.scripts.variant_switcher] VariantSwitcher: Variant 'physx' not found in variant set 'Physics' on prim '/World/envs/env_28/Robot/FinalURDF_SLDASM'. Available variants: ['None', 'PhysX']
2026-06-18T02:10:06Z [22,531ms] [Warning] [omni.physics.isaacsimready.scripts.variant_switcher] VariantSwitcher: Variant 'physx' not found in variant set 'Physics' on prim '/World/envs/env_100/Robot/FinalURDF_SLDASM'. Available variants: ['None', 'PhysX']
2026-06-18T02:10:06Z [22,531ms] [Warning] [omni.physics.isaacsimready.scripts.variant_switcher] VariantSwitcher: Variant 'physx' not found in variant set 'Physics' on prim '/World/envs/env_77/Robot/FinalURDF_SLDASM'. Available variants: ['None', 'PhysX']
2026-06-18T02:10:06Z [22,532ms] [Warning] [omni.physics.isaacsimready.scripts.variant_switcher] VariantSwitcher: Variant 'physx' not found in variant set 'Physics' on prim '/World/envs/env_64/Robot/FinalURDF_SLDASM'. Available variants: ['None', 'PhysX']
2026-06-18T02:10:06Z [22,532ms] [Warning] [omni.physics.isaacsimready.scripts.variant_switcher] VariantSwitcher: Variant 'physx' not found in variant set 'Physics' on prim '/World/envs/env_44/Robot/FinalURDF_SLDASM'. Available variants: ['None', 'PhysX']
2026-06-18T02:10:06Z [22,532ms] [Warning] [omni.physics.isaacsimready.scripts.variant_switcher] VariantSwitcher: Variant 'physx' not found in variant set 'Physics' on prim '/World/envs/env_7/Robot/FinalURDF_SLDASM'. Available variants: ['None', 'PhysX']
2026-06-18T02:10:06Z [22,532ms] [Warning] [omni.physics.isaacsimready.scripts.variant_switcher] VariantSwitcher: Variant 'physx' not found in variant set 'Physics' on prim '/World/envs/env_57/Robot/FinalURDF_SLDASM'. Available variants: ['None', 'PhysX']
2026-06-18T02:10:06Z [22,532ms] [Warning] [omni.physics.isaacsimready.scripts.variant_switcher] VariantSwitcher: Variant 'physx' not found in variant set 'Physics' on prim '/World/envs/env_115/Robot/FinalURDF_SLDASM'. Available variants: ['None', 'PhysX']
2026-06-18T02:10:06Z [22,532ms] [Warning] [omni.physics.isaacsimready.scripts.variant_switcher] VariantSwitcher: Variant 'physx' not found in variant set 'Physics' on prim '/World/envs/env_110/Robot/FinalURDF_SLDASM'. Available variants: ['None', 'PhysX']
2026-06-18T02:10:06Z [22,532ms] [Warning] [omni.physics.isaacsimready.scripts.variant_switcher] VariantSwitcher: Variant 'physx' not found in variant set 'Physics' on prim '/World/envs/env_72/Robot/FinalURDF_SLDASM'. Available variants: ['None', 'PhysX']
2026-06-18T02:10:06Z [22,532ms] [Warning] [omni.physics.isaacsimready.scripts.variant_switcher] VariantSwitcher: Variant 'physx' not found in variant set 'Physics' on prim '/World/envs/env_103/Robot/FinalURDF_SLDASM'. Available variants: ['None', 'PhysX']
2026-06-18T02:10:06Z [22,532ms] [Warning] [omni.physics.isaacsimready.scripts.variant_switcher] VariantSwitcher: Variant 'physx' not found in variant set 'Physics' on prim '/World/envs/env_35/Robot/FinalURDF_SLDASM'. Available variants: ['None', 'PhysX']
2026-06-18T02:10:06Z [22,532ms] [Warning] [omni.physics.isaacsimready.scripts.variant_switcher] VariantSwitcher: Variant 'physx' not found in variant set 'Physics' on prim '/World/envs/env_98/Robot/FinalURDF_SLDASM'. Available variants: ['None', 'PhysX']
2026-06-18T02:10:06Z [22,532ms] [Warning] [omni.physics.isaacsimready.scripts.variant_switcher] VariantSwitcher: Variant 'physx' not found in variant set 'Physics' on prim '/World/envs/env_116/Robot/FinalURDF_SLDASM'. Available variants: ['None', 'PhysX']
2026-06-18T02:10:06Z [22,532ms] [Warning] [omni.physics.isaacsimready.scripts.variant_switcher] VariantSwitcher: Variant 'physx' not found in variant set 'Physics' on prim '/World/envs/env_83/Robot/FinalURDF_SLDASM'. Available variants: ['None', 'PhysX']
2026-06-18T02:10:06Z [22,532ms] [Warning] [omni.physics.isaacsimready.scripts.variant_switcher] VariantSwitcher: Variant 'physx' not found in variant set 'Physics' on prim '/World/envs/env_88/Robot/FinalURDF_SLDASM'. Available variants: ['None', 'PhysX']
2026-06-18T02:10:06Z [22,532ms] [Warning] [omni.physics.isaacsimready.scripts.variant_switcher] VariantSwitcher: Variant 'physx' not found in variant set 'Physics' on prim '/World/envs/env_76/Robot/FinalURDF_SLDASM'. Available variants: ['None', 'PhysX']
2026-06-18T02:10:06Z [22,532ms] [Warning] [omni.physics.isaacsimready.scripts.variant_switcher] VariantSwitcher: Variant 'physx' not found in variant set 'Physics' on prim '/World/envs/env_23/Robot/FinalURDF_SLDASM'. Available variants: ['None', 'PhysX']
2026-06-18T02:10:06Z [22,533ms] [Warning] [omni.physics.isaacsimready.scripts.variant_switcher] VariantSwitcher: Variant 'physx' not found in variant set 'Physics' on prim '/World/envs/env_45/Robot/FinalURDF_SLDASM'. Available variants: ['None', 'PhysX']
2026-06-18T02:10:06Z [22,533ms] [Warning] [omni.physics.isaacsimready.scripts.variant_switcher] VariantSwitcher: Variant 'physx' not found in variant set 'Physics' on prim '/World/envs/env_96/Robot/FinalURDF_SLDASM'. Available variants: ['None', 'PhysX']
2026-06-18T02:10:06Z [22,533ms] [Warning] [omni.physics.isaacsimready.scripts.variant_switcher] VariantSwitcher: Variant 'physx' not found in variant set 'Physics' on prim '/World/envs/env_33/Robot/FinalURDF_SLDASM'. Available variants: ['None', 'PhysX']
2026-06-18T02:10:06Z [22,533ms] [Warning] [omni.physics.isaacsimready.scripts.variant_switcher] VariantSwitcher: Variant 'physx' not found in variant set 'Physics' on prim '/World/envs/env_111/Robot/FinalURDF_SLDASM'. Available variants: ['None', 'PhysX']
2026-06-18T02:10:06Z [22,533ms] [Warning] [omni.physics.isaacsimready.scripts.variant_switcher] VariantSwitcher: Variant 'physx' not found in variant set 'Physics' on prim '/World/envs/env_107/Robot/FinalURDF_SLDASM'. Available variants: ['None', 'PhysX']
2026-06-18T02:10:06Z [22,533ms] [Warning] [omni.physics.isaacsimready.scripts.variant_switcher] VariantSwitcher: Variant 'physx' not found in variant set 'Physics' on prim '/World/envs/env_90/Robot/FinalURDF_SLDASM'. Available variants: ['None', 'PhysX']
2026-06-18T02:10:06Z [22,533ms] [Warning] [omni.physics.isaacsimready.scripts.variant_switcher] VariantSwitcher: Variant 'physx' not found in variant set 'Physics' on prim '/World/envs/env_5/Robot/FinalURDF_SLDASM'. Available variants: ['None', 'PhysX']
2026-06-18T02:10:06Z [22,533ms] [Warning] [omni.physics.isaacsimready.scripts.variant_switcher] VariantSwitcher: Variant 'physx' not found in variant set 'Physics' on prim '/World/envs/env_94/Robot/FinalURDF_SLDASM'. Available variants: ['None', 'PhysX']
2026-06-18T02:10:06Z [22,533ms] [Warning] [omni.physics.isaacsimready.scripts.variant_switcher] VariantSwitcher: Variant 'physx' not found in variant set 'Physics' on prim '/World/envs/env_70/Robot/FinalURDF_SLDASM'. Available variants: ['None', 'PhysX']
2026-06-18T02:10:06Z [22,533ms] [Warning] [omni.physics.isaacsimready.scripts.variant_switcher] VariantSwitcher: Variant 'physx' not found in variant set 'Physics' on prim '/World/envs/env_31/Robot/FinalURDF_SLDASM'. Available variants: ['None', 'PhysX']
2026-06-18T02:10:06Z [22,533ms] [Warning] [omni.physics.isaacsimready.scripts.variant_switcher] VariantSwitcher: Variant 'physx' not found in variant set 'Physics' on prim '/World/envs/env_51/Robot/FinalURDF_SLDASM'. Available variants: ['None', 'PhysX']
2026-06-18T02:10:06Z [22,533ms] [Warning] [omni.physics.isaacsimready.scripts.variant_switcher] VariantSwitcher: Variant 'physx' not found in variant set 'Physics' on prim '/World/envs/env_79/Robot/FinalURDF_SLDASM'. Available variants: ['None', 'PhysX']
2026-06-18T02:10:06Z [22,533ms] [Warning] [omni.physics.isaacsimready.scripts.variant_switcher] VariantSwitcher: Variant 'physx' not found in variant set 'Physics' on prim '/World/envs/env_20/Robot/FinalURDF_SLDASM'. Available variants: ['None', 'PhysX']
2026-06-18T02:10:06Z [22,533ms] [Warning] [omni.physics.isaacsimready.scripts.variant_switcher] VariantSwitcher: Variant 'physx' not found in variant set 'Physics' on prim '/World/envs/env_75/Robot/FinalURDF_SLDASM'. Available variants: ['None', 'PhysX']
2026-06-18T02:10:06Z [22,533ms] [Warning] [omni.physics.isaacsimready.scripts.variant_switcher] VariantSwitcher: Variant 'physx' not found in variant set 'Physics' on prim '/World/envs/env_29/Robot/FinalURDF_SLDASM'. Available variants: ['None', 'PhysX']
2026-06-18T02:10:06Z [22,533ms] [Warning] [omni.physics.isaacsimready.scripts.variant_switcher] VariantSwitcher: Variant 'physx' not found in variant set 'Physics' on prim '/World/envs/env_36/Robot/FinalURDF_SLDASM'. Available variants: ['None', 'PhysX']
2026-06-18T02:10:06Z [22,534ms] [Warning] [omni.physics.isaacsimready.scripts.variant_switcher] VariantSwitcher: Variant 'physx' not found in variant set 'Physics' on prim '/World/envs/env_112/Robot/FinalURDF_SLDASM'. Available variants: ['None', 'PhysX']
2026-06-18T02:10:06Z [22,534ms] [Warning] [omni.physics.isaacsimready.scripts.variant_switcher] VariantSwitcher: Variant 'physx' not found in variant set 'Physics' on prim '/World/envs/env_119/Robot/FinalURDF_SLDASM'. Available variants: ['None', 'PhysX']
2026-06-18T02:10:06Z [22,534ms] [Warning] [omni.physics.isaacsimready.scripts.variant_switcher] VariantSwitcher: Variant 'physx' not found in variant set 'Physics' on prim '/World/envs/env_52/Robot/FinalURDF_SLDASM'. Available variants: ['None', 'PhysX']
2026-06-18T02:10:06Z [22,534ms] [Warning] [omni.physics.isaacsimready.scripts.variant_switcher] VariantSwitcher: Variant 'physx' not found in variant set 'Physics' on prim '/World/envs/env_69/Robot/FinalURDF_SLDASM'. Available variants: ['None', 'PhysX']
2026-06-18T02:10:06Z [22,534ms] [Warning] [omni.physics.isaacsimready.scripts.variant_switcher] VariantSwitcher: Variant 'physx' not found in variant set 'Physics' on prim '/World/envs/env_99/Robot/FinalURDF_SLDASM'. Available variants: ['None', 'PhysX']
2026-06-18T02:10:06Z [22,534ms] [Warning] [omni.physics.isaacsimready.scripts.variant_switcher] VariantSwitcher: Variant 'physx' not found in variant set 'Physics' on prim '/World/envs/env_120/Robot/FinalURDF_SLDASM'. Available variants: ['None', 'PhysX']
2026-06-18T02:10:06Z [22,534ms] [Warning] [omni.physics.isaacsimready.scripts.variant_switcher] VariantSwitcher: Variant 'physx' not found in variant set 'Physics' on prim '/World/envs/env_87/Robot/FinalURDF_SLDASM'. Available variants: ['None', 'PhysX']
2026-06-18T02:10:06Z [22,534ms] [Warning] [omni.physics.isaacsimready.scripts.variant_switcher] VariantSwitcher: Variant 'physx' not found in variant set 'Physics' on prim '/World/envs/env_9/Robot/FinalURDF_SLDASM'. Available variants: ['None', 'PhysX']
2026-06-18T02:10:06Z [22,534ms] [Warning] [omni.physics.isaacsimready.scripts.variant_switcher] VariantSwitcher: Variant 'physx' not found in variant set 'Physics' on prim '/World/envs/env_74/Robot/FinalURDF_SLDASM'. Available variants: ['None', 'PhysX']
2026-06-18T02:10:06Z [22,534ms] [Warning] [omni.physics.isaacsimready.scripts.variant_switcher] VariantSwitcher: Variant 'physx' not found in variant set 'Physics' on prim '/World/envs/env_2/Robot/FinalURDF_SLDASM'. Available variants: ['None', 'PhysX']
2026-06-18T02:10:06Z [22,534ms] [Warning] [omni.physics.isaacsimready.scripts.variant_switcher] VariantSwitcher: Variant 'physx' not found in variant set 'Physics' on prim '/World/envs/env_121/Robot/FinalURDF_SLDASM'. Available variants: ['None', 'PhysX']
2026-06-18T02:10:06Z [22,534ms] [Warning] [omni.physics.isaacsimready.scripts.variant_switcher] VariantSwitcher: Variant 'physx' not found in variant set 'Physics' on prim '/World/envs/env_78/Robot/FinalURDF_SLDASM'. Available variants: ['None', 'PhysX']
2026-06-18T02:10:06Z [22,534ms] [Warning] [omni.physics.isaacsimready.scripts.variant_switcher] VariantSwitcher: Variant 'physx' not found in variant set 'Physics' on prim '/World/envs/env_113/Robot/FinalURDF_SLDASM'. Available variants: ['None', 'PhysX']
2026-06-18T02:10:06Z [22,534ms] [Warning] [omni.physics.isaacsimready.scripts.variant_switcher] VariantSwitcher: Variant 'physx' not found in variant set 'Physics' on prim '/World/envs/env_13/Robot/FinalURDF_SLDASM'. Available variants: ['None', 'PhysX']
2026-06-18T02:10:06Z [22,535ms] [Warning] [omni.physics.isaacsimready.scripts.variant_switcher] VariantSwitcher: Variant 'physx' not found in variant set 'Physics' on prim '/World/envs/env_122/Robot/FinalURDF_SLDASM'. Available variants: ['None', 'PhysX']
2026-06-18T02:10:06Z [22,535ms] [Warning] [omni.physics.isaacsimready.scripts.variant_switcher] VariantSwitcher: Variant 'physx' not found in variant set 'Physics' on prim '/World/envs/env_105/Robot/FinalURDF_SLDASM'. Available variants: ['None', 'PhysX']
2026-06-18T02:10:06Z [22,535ms] [Warning] [omni.physics.isaacsimready.scripts.variant_switcher] VariantSwitcher: Variant 'physx' not found in variant set 'Physics' on prim '/World/envs/env_97/Robot/FinalURDF_SLDASM'. Available variants: ['None', 'PhysX']
/workspace/isaaclab/_isaac_sim/kit/python/lib/python3.12/site-packages/rsl_rl/utils/utils.py:220: UserWarning: The observation configuration dictionary 'obs_groups' is empty and thus likely not configured. Consider configuring the 'obs_groups' dictionary explicitly
  warnings.warn(
/workspace/isaaclab/_isaac_sim/kit/python/lib/python3.12/site-packages/rsl_rl/utils/utils.py:251: UserWarning: The observation configuration dictionary 'obs_groups' does not contain the 'actor' key. As an observation group with the name 'policy' was found, this is assumed to be the appropriate observation. Consider adding the 'actor' key to the 'obs_groups' dictionary for clarity. This behavior will be removed in a future version.
  warnings.warn(
/workspace/isaaclab/_isaac_sim/kit/python/lib/python3.12/site-packages/rsl_rl/utils/utils.py:251: UserWarning: The observation configuration dictionary 'obs_groups' does not contain the 'critic' key. As an observation group with the name 'policy' was found, this is assumed to be the appropriate observation. Consider adding the 'critic' key to the 'obs_groups' dictionary for clarity. This behavior will be removed in a future version.
  warnings.warn(
/workspace/isaaclab/_isaac_sim/kit/python/lib/python3.12/copyreg.py:99: FutureWarning: `isinstance(treespec, LeafSpec)` is deprecated, use `isinstance(treespec, TreeSpec) and treespec.is_leaf()` instead.
  return cls.__new__(cls, *args)
2026-06-18T02:10:06Z [22,535ms] [Warning] [omni.physics.isaacsimready.scripts.variant_switcher] VariantSwitcher: Variant 'physx' not found in variant set 'Physics' on prim '/World/envs/env_123/Robot/FinalURDF_SLDASM'. Available variants: ['None', 'PhysX']
2026-06-18T02:10:06Z [22,535ms] [Warning] [omni.physics.isaacsimready.scripts.variant_switcher] VariantSwitcher: Variant 'physx' not found in variant set 'Physics' on prim '/World/envs/env_126/Robot/FinalURDF_SLDASM'. Available variants: ['None', 'PhysX']
2026-06-18T02:10:06Z [22,535ms] [Warning] [omni.physics.isaacsimready.scripts.variant_switcher] VariantSwitcher: Variant 'physx' not found in variant set 'Physics' on prim '/World/envs/env_84/Robot/FinalURDF_SLDASM'. Available variants: ['None', 'PhysX']
2026-06-18T02:10:06Z [22,535ms] [Warning] [omni.physics.isaacsimready.scripts.variant_switcher] VariantSwitcher: Variant 'physx' not found in variant set 'Physics' on prim '/World/envs/env_89/Robot/FinalURDF_SLDASM'. Available variants: ['None', 'PhysX']
2026-06-18T02:10:06Z [22,535ms] [Warning] [omni.physics.isaacsimready.scripts.variant_switcher] VariantSwitcher: Variant 'physx' not found in variant set 'Physics' on prim '/World/envs/env_127/Robot/FinalURDF_SLDASM'. Available variants: ['None', 'PhysX']
2026-06-18T02:10:06Z [22,535ms] [Warning] [omni.physics.isaacsimready.scripts.variant_switcher] VariantSwitcher: Variant 'physx' not found in variant set 'Physics' on prim '/World/envs/env_8/Robot/FinalURDF_SLDASM'. Available variants: ['None', 'PhysX']
2026-06-18T02:10:06Z [22,535ms] [Warning] [omni.physics.isaacsimready.scripts.variant_switcher] VariantSwitcher: Variant 'physx' not found in variant set 'Physics' on prim '/World/envs/env_19/Robot/FinalURDF_SLDASM'. Available variants: ['None', 'PhysX']
2026-06-18T02:10:06Z [22,535ms] [Warning] [omni.physics.isaacsimready.scripts.variant_switcher] VariantSwitcher: Variant 'physx' not found in variant set 'Physics' on prim '/World/envs/env_81/Robot/FinalURDF_SLDASM'. Available variants: ['None', 'PhysX']
2026-06-18T02:10:06Z [22,535ms] [Warning] [omni.physics.isaacsimready.scripts.variant_switcher] VariantSwitcher: Variant 'physx' not found in variant set 'Physics' on prim '/World/envs/env_66/Robot/FinalURDF_SLDASM'. Available variants: ['None', 'PhysX']
2026-06-18T02:10:06Z [22,535ms] [Warning] [omni.physics.isaacsimready.scripts.variant_switcher] VariantSwitcher: Variant 'physx' not found in variant set 'Physics' on prim '/World/envs/env_95/Robot/FinalURDF_SLDASM'. Available variants: ['None', 'PhysX']
2026-06-18T02:10:06Z [22,535ms] [Warning] [omni.physics.isaacsimready.scripts.variant_switcher] VariantSwitcher: Variant 'physx' not found in variant set 'Physics' on prim '/World/envs/env_114/Robot/FinalURDF_SLDASM'. Available variants: ['None', 'PhysX']
2026-06-18T02:10:06Z [22,535ms] [Warning] [omni.physics.isaacsimready.scripts.variant_switcher] VariantSwitcher: Variant 'physx' not found in variant set 'Physics' on prim '/World/envs/env_91/Robot/FinalURDF_SLDASM'. Available variants: ['None', 'PhysX']
2026-06-18T02:10:06Z [22,536ms] [Warning] [omni.physics.isaacsimready.scripts.variant_switcher] VariantSwitcher: Variant 'physx' not found in variant set 'Physics' on prim '/World/envs/env_55/Robot/FinalURDF_SLDASM'. Available variants: ['None', 'PhysX']
2026-06-18T02:10:06Z [22,536ms] [Warning] [omni.physics.isaacsimready.scripts.variant_switcher] VariantSwitcher: Variant 'physx' not found in variant set 'Physics' on prim '/World/envs/env_12/Robot/FinalURDF_SLDASM'. Available variants: ['None', 'PhysX']
2026-06-18T02:10:13Z [29,479ms] [Warning] [omni.syntheticdata.plugin] OgnSdPostRenderVarToHost : rendervar copy from texture directly to host buffer is counter-performant. Please use copy from texture to device buffer first.
[INFO] Using Python: "/workspace/isaaclab/_isaac_sim/python.sh"
=== Thu Jun 18 02:21:50 UTC 2026 | DONE  model_5000.pt ===
=== Thu Jun 18 02:21:50 UTC 2026 | START model_4000.pt | 1500 steps ===
[INFO]: Parsing configuration from: Ankybot_v2.tasks.manager_based.ankybot_v2.ankybot_v2_env_cfg:AnkybotV2EnvCfg_PLAY
[INFO]: Parsing configuration from: Ankybot_v2.tasks.manager_based.ankybot_v2.agents.rsl_rl_ppo_cfg:PPORunnerCfg
[2026-06-18 02:21:57,589][isaaclab.app.app_launcher][INFO] - Using device: cuda:0
[2026-06-18 02:21:57,590][isaaclab.app.app_launcher][INFO] - Loading experience file: /workspace/isaaclab/apps/isaaclab.python.rendering.kit
[2026-06-18 02:21:58,357][asyncio][DEBUG] - Using selector: EpollSelector
WARNING: All log messages before absl::InitializeLog() is called are written to STDERR
E0000 00:00:1781749318.395318  284612 descriptor_database.cc:633] File already exists in database: grpc/health/v1/health.proto
W0000 00:00:1781749318.395355  284612 message.cc:301] Protobuf GeneratedMessageFactory: File is already registered: grpc/health/v1/health.proto
[2026-06-18 02:22:08,054][trimesh.util][DEBUG] - falling back to hashlib hashing: `pip install xxhash`for 50x faster cache checks
[2026-06-18 02:22:10,537][AutoNode][DEBUG] - Defining data type 'any' as 'Any'
[2026-06-18 02:22:10,538][AutoNode][DEBUG] - Defining data type 'bool' as 'Bool' and array 'BoolArray
[2026-06-18 02:22:10,538][AutoNode][DEBUG] - Defining data type 'bundle' as 'Bundle'
[2026-06-18 02:22:10,538][AutoNode][DEBUG] - Defining data type 'colord[3]' as 'Color3d' and array 'Color3dArray
[2026-06-18 02:22:10,538][AutoNode][DEBUG] - Defining data type 'colorf[3]' as 'Color3f' and array 'Color3fArray
[2026-06-18 02:22:10,538][AutoNode][DEBUG] - Defining data type 'colorh[3]' as 'Color3h' and array 'Color3hArray
[2026-06-18 02:22:10,538][AutoNode][DEBUG] - Defining data type 'colord[4]' as 'Color4d' and array 'Color4dArray
[2026-06-18 02:22:10,538][AutoNode][DEBUG] - Defining data type 'colorf[4]' as 'Color4f' and array 'Color4fArray
[2026-06-18 02:22:10,538][AutoNode][DEBUG] - Defining data type 'colorh[4]' as 'Color4h' and array 'Color4hArray
[2026-06-18 02:22:10,539][AutoNode][DEBUG] - Defining data type 'double' as 'Double' and array 'DoubleArray
[2026-06-18 02:22:10,539][AutoNode][DEBUG] - Defining data type 'double[2]' as 'Double2' and array 'Double2Array
[2026-06-18 02:22:10,539][AutoNode][DEBUG] - Defining data type 'double[3]' as 'Double3' and array 'Double3Array
[2026-06-18 02:22:10,539][AutoNode][DEBUG] - Defining data type 'double[4]' as 'Double4' and array 'Double4Array
[2026-06-18 02:22:10,539][AutoNode][DEBUG] - Defining data type 'execution' as 'Execution'
[2026-06-18 02:22:10,539][AutoNode][DEBUG] - Defining data type 'float' as 'Float' and array 'FloatArray
[2026-06-18 02:22:10,539][AutoNode][DEBUG] - Defining data type 'float[2]' as 'Float2' and array 'Float2Array
[2026-06-18 02:22:10,539][AutoNode][DEBUG] - Defining data type 'float[3]' as 'Float3' and array 'Float3Array
[2026-06-18 02:22:10,540][AutoNode][DEBUG] - Defining data type 'float[4]' as 'Float4' and array 'Float4Array
[2026-06-18 02:22:10,540][AutoNode][DEBUG] - Defining data type 'frame[4]' as 'Frame' and array 'FrameArray
[2026-06-18 02:22:10,540][AutoNode][DEBUG] - Defining data type 'half' as 'Half' and array 'HalfArray
[2026-06-18 02:22:10,540][AutoNode][DEBUG] - Defining data type 'half[2]' as 'Half2' and array 'Half2Array
[2026-06-18 02:22:10,540][AutoNode][DEBUG] - Defining data type 'half[3]' as 'Half3' and array 'Half3Array
[2026-06-18 02:22:10,540][AutoNode][DEBUG] - Defining data type 'half[4]' as 'Half4' and array 'Half4Array
[2026-06-18 02:22:10,540][AutoNode][DEBUG] - Defining data type 'int' as 'Int' and array 'IntArray
[2026-06-18 02:22:10,540][AutoNode][DEBUG] - Defining data type 'int[2]' as 'Int2' and array 'Int2Array
[2026-06-18 02:22:10,541][AutoNode][DEBUG] - Defining data type 'int[3]' as 'Int3' and array 'Int3Array
[2026-06-18 02:22:10,541][AutoNode][DEBUG] - Defining data type 'int[4]' as 'Int4' and array 'Int4Array
[2026-06-18 02:22:10,541][AutoNode][DEBUG] - Defining data type 'int64' as 'Int64' and array 'Int64Array
[2026-06-18 02:22:10,541][AutoNode][DEBUG] - Defining data type 'matrixd[2]' as 'Matrix2d' and array 'Matrix2dArray
[2026-06-18 02:22:10,541][AutoNode][DEBUG] - Defining data type 'matrixd[3]' as 'Matrix3d' and array 'Matrix3dArray
[2026-06-18 02:22:10,541][AutoNode][DEBUG] - Defining data type 'matrixd[4]' as 'Matrix4d' and array 'Matrix4dArray
[2026-06-18 02:22:10,541][AutoNode][DEBUG] - Defining data type 'normald[3]' as 'Normal3d' and array 'Normal3dArray
[2026-06-18 02:22:10,541][AutoNode][DEBUG] - Defining data type 'normalf[3]' as 'Normal3f' and array 'Normal3fArray
[2026-06-18 02:22:10,542][AutoNode][DEBUG] - Defining data type 'normalh[3]' as 'Normal3h' and array 'Normal3hArray
[2026-06-18 02:22:10,542][AutoNode][DEBUG] - Defining data type 'objectId' as 'ObjectId' and array 'ObjectIdArray
[2026-06-18 02:22:10,542][AutoNode][DEBUG] - Defining data type 'path' as 'Path'
[2026-06-18 02:22:10,542][AutoNode][DEBUG] - Defining data type 'pointd[3]' as 'Point3d' and array 'Point3dArray
[2026-06-18 02:22:10,542][AutoNode][DEBUG] - Defining data type 'pointf[3]' as 'Point3f' and array 'Point3fArray
[2026-06-18 02:22:10,542][AutoNode][DEBUG] - Defining data type 'pointh[3]' as 'Point3h' and array 'Point3hArray
[2026-06-18 02:22:10,542][AutoNode][DEBUG] - Defining data type 'quatd[4]' as 'Quatd' and array 'QuatdArray
[2026-06-18 02:22:10,542][AutoNode][DEBUG] - Defining data type 'quatf[4]' as 'Quatf' and array 'QuatfArray
[2026-06-18 02:22:10,543][AutoNode][DEBUG] - Defining data type 'quath[4]' as 'Quath' and array 'QuathArray
[2026-06-18 02:22:10,543][AutoNode][DEBUG] - Defining data type 'string' as 'String'
[2026-06-18 02:22:10,543][AutoNode][DEBUG] - Defining data type 'target' as 'Target'
[2026-06-18 02:22:10,543][AutoNode][DEBUG] - Defining data type 'texcoordd[2]' as 'TexCoord2d' and array 'TexCoord2dArray
[2026-06-18 02:22:10,543][AutoNode][DEBUG] - Defining data type 'texcoordf[2]' as 'TexCoord2f' and array 'TexCoord2fArray
[2026-06-18 02:22:10,543][AutoNode][DEBUG] - Defining data type 'texcoordh[2]' as 'TexCoord2h' and array 'TexCoord2hArray
[2026-06-18 02:22:10,543][AutoNode][DEBUG] - Defining data type 'texcoordd[3]' as 'TexCoord3d' and array 'TexCoord3dArray
[2026-06-18 02:22:10,543][AutoNode][DEBUG] - Defining data type 'texcoordf[3]' as 'TexCoord3f' and array 'TexCoord3fArray
[2026-06-18 02:22:10,544][AutoNode][DEBUG] - Defining data type 'texcoordh[3]' as 'TexCoord3h' and array 'TexCoord3hArray
[2026-06-18 02:22:10,544][AutoNode][DEBUG] - Defining data type 'timecode' as 'Timecode' and array 'TimecodeArray
[2026-06-18 02:22:10,544][AutoNode][DEBUG] - Defining data type 'token' as 'Token' and array 'TokenArray
[2026-06-18 02:22:10,544][AutoNode][DEBUG] - Defining data type 'uchar' as 'UChar' and array 'UCharArray
[2026-06-18 02:22:10,544][AutoNode][DEBUG] - Defining data type 'uint' as 'UInt' and array 'UIntArray
[2026-06-18 02:22:10,544][AutoNode][DEBUG] - Defining data type 'uint64' as 'UInt64' and array 'UInt64Array
[2026-06-18 02:22:10,544][AutoNode][DEBUG] - Defining data type 'vectord[3]' as 'Vector3d' and array 'Vector3dArray
[2026-06-18 02:22:10,544][AutoNode][DEBUG] - Defining data type 'vectorf[3]' as 'Vector3f' and array 'Vector3fArray
[2026-06-18 02:22:10,545][AutoNode][DEBUG] - Defining data type 'vectorh[3]' as 'Vector3h' and array 'Vector3hArray
Loading user config located at: '/isaac-sim/kit/data/Kit/IsaacLab/3.0/user.config.json'
[Info] [carb] Logging to file: /isaac-sim/kit/logs/Kit/IsaacLab/3.0/kit_20260618_022157.log
2026-06-18T02:21:57Z [8ms] [Warning] [omni.ext.plugin] [ext: isaaclab_visualizers] Extensions config 'extension.toml' doesn't exist '/workspace/isaaclab/source/isaaclab_visualizers' or '/workspace/isaaclab/source/isaaclab_visualizers/config'

|---------------------------------------------------------------------------------------------|
| Driver Version: 580.159.03    | Graphics API: Vulkan
|=============================================================================================|
| GPU | Name                             | Active | LDA | GPU Memory | Vendor-ID | LUID       |
|     |                                  |        |     |            | Device-ID | UUID       |
|     |                                  |        |     |            | Bus-ID    |            |
|---------------------------------------------------------------------------------------------|
| 0   | NVIDIA GeForce RTX 2070          | Yes: 0 |     | 8438    MB | 10de      | 0          |
|     |                                  |        |     |            | 1f14      | a951febe.. |
|     |                                  |        |     |            | 1         |            |
|=============================================================================================|
| OS: 24.04.4 LTS (Noble Numbat) ubuntu, Version: 24.04.4, Kernel: 6.17.0-35-generic
| XServer Vendor: The X.Org Foundation, XServer Version: 12101011 (1.21.1.11)
| Processor: Intel(R) Core(TM) i7-10750H CPU @ 2.60GHz
| Cores: 6 | Logical Cores: 12
|---------------------------------------------------------------------------------------------|
| Total Memory (MB): 31854 | Free Memory: 24328
| Total Page/Swap (MB): 8191 | Free Page/Swap: 5363
|---------------------------------------------------------------------------------------------|
2026-06-18T02:21:59Z [1,608ms] [Warning] [gpu.foundation.plugin] CPU performance profile is set to powersave. This profile sets the CPU to the lowest frequency reducing performance.
2026-06-18T02:21:59Z [1,616ms] [Warning] [gpu.foundation.plugin] PCIe link width current (8) and maximum (16) for device 0 don't match.
2026-06-18T02:22:09Z [11,986ms] [Warning] [omni.log] Source: omni.hydra was already registered.
OmniReplicatorNvExtension starting up (ext_id: omni.replicator.nv-1.1.0).
2026-06-18T02:22:10Z [13,273ms] [Warning] [pxr.Semantics] pxr.Semantics is deprecated - please use Semantics instead
2026-06-18T02:22:11Z [13,432ms] [Warning] [omni.replicator.core.scripts.extension] No material configuration file, adding configuration to material settings directly.
2026-06-18T02:22:12Z [14,823ms] [Warning] [omni.usd] Encountered USD Warnings but USD Diagnostics are currently muted. To view USD Warnings, please set the '/persistent/app/usd/muteUsdDiagnostics' setting to false in Preferences page.
2026-06-18T02:22:15Z [18,290ms] [Warning] [omni.kit.window.filepicker.collections.collection_item] Failed to add '/root/Documents': '/root/Documents/' as dupliated path in 'Documents'
[WARNING]: The `policy` configuration is deprecated for rsl-rl >= 4.0.0. Please use, e.g., `actor` and `critic` model configurations instead.
[WARNING]: The `policy` configuration is used to infer the `actor` model configuration.
[WARNING]: The `policy` configuration is used to infer the `critic` model configuration.
[WARNING]: The `distribution_cfg` configuration is now used to specify the output distribution for stochastic policies. Consider updating the configuration to use `distribution_cfg` instead of `stochastic`, `init_noise_std`, `noise_std_type`, and `state_dependent_std` parameters.
[INFO] Loading experiment from directory: /workspace/Ankybot_v2/logs/rsl_rl/ankybot_v2
[2026-06-18 02:22:18,650][isaaclab_physx.physics.physx_manager][WARNING] - TGS solver with enable_external_forces_every_iteration=False may cause noisy velocities.
[INFO]: Base environment:
	Environment device    : cuda:0
	Environment seed      : 42
	Physics step-size     : 0.002
	Rendering step-size   : 0.002
	Environment step-size : 0.01
[2026-06-18 02:22:18,861][isaaclab.envs.manager_based_env][WARNING] - The render interval (1.0) is smaller than the decimation (5). Multiple render calls will happen for each environment step. If this is not intended, set the render interval to be equal to the decimation.
2026-06-18T02:22:17Z [20,085ms] [Warning] [omni.kit.menu.utils.layout] Multiple matching items found for layout "Physics". Found Create, Window. Change <<class 'omni.kit.menu.utils.layout.MenuLayout.SubMenu'> name:Physics> to use specific source. Using "source="Create/Physics""
2026-06-18T02:22:18Z [21,018ms] [Warning] [isaaclab_physx.physics.physx_manager] TGS solver with enable_external_forces_every_iteration=False may cause noisy velocities.
2026-06-18T02:22:18Z [21,229ms] [Warning] [isaaclab.envs.manager_based_env] The render interval (1.0) is smaller than the decimation (5). Multiple render calls will happen for each environment step. If this is not intended, set the render interval to be equal to the decimation.
2026-06-18T02:22:20Z [23,318ms] [Warning] [omni.fabric.plugin] Warning: attribute material:binding not found for path /__Prototype_16192262218931130544/FLThigh

2026-06-18T02:22:21Z [24,053ms] [Warning] [isaacsim.core.simulation_manager.impl.simulation_manager] Changing backend from 'numpy' to 'torch' since NumPy cannot be used with GPU piplines
2026-06-18T02:22:22Z [24,432ms] [Warning] [omni.physics.isaacsimready.scripts.variant_switcher] VariantSwitcher: Variant 'physx' not found in variant set 'Physics' on prim '/World/envs/env_66/Robot/FinalURDF_SLDASM'. Available variants: ['None', 'PhysX']
2026-06-18T02:22:22Z [24,432ms] [Warning] [omni.physics.isaacsimready.scripts.variant_switcher] VariantSwitcher: Variant 'physx' not found in variant set 'Physics' on prim '/World/envs/env_93/Robot/FinalURDF_SLDASM'. Available variants: ['None', 'PhysX']
2026-06-18T02:22:22Z [24,432ms] [Warning] [omni.physics.isaacsimready.scripts.variant_switcher] VariantSwitcher: Variant 'physx' not found in variant set 'Physics' on prim '/World/envs/env_22/Robot/FinalURDF_SLDASM'. Available variants: ['None', 'PhysX']
2026-06-18T02:22:22Z [24,432ms] [Warning] [omni.physics.isaacsimready.scripts.variant_switcher] VariantSwitcher: Variant 'physx' not found in variant set 'Physics' on prim '/World/envs/env_111/Robot/FinalURDF_SLDASM'. Available variants: ['None', 'PhysX']
2026-06-18T02:22:22Z [24,432ms] [Warning] [omni.physics.isaacsimready.scripts.variant_switcher] VariantSwitcher: Variant 'physx' not found in variant set 'Physics' on prim '/World/envs/env_24/Robot/FinalURDF_SLDASM'. Available variants: ['None', 'PhysX']
2026-06-18T02:22:22Z [24,432ms] [Warning] [omni.physics.isaacsimready.scripts.variant_switcher] VariantSwitcher: Variant 'physx' not found in variant set 'Physics' on prim '/World/envs/env_31/Robot/FinalURDF_SLDASM'. Available variants: ['None', 'PhysX']
2026-06-18T02:22:22Z [24,432ms] [Warning] [omni.physics.isaacsimready.scripts.variant_switcher] VariantSwitcher: Variant 'physx' not found in variant set 'Physics' on prim '/World/envs/env_37/Robot/FinalURDF_SLDASM'. Available variants: ['None', 'PhysX']
2026-06-18T02:22:22Z [24,432ms] [Warning] [omni.physics.isaacsimready.scripts.variant_switcher] VariantSwitcher: Variant 'physx' not found in variant set 'Physics' on prim '/World/envs/env_91/Robot/FinalURDF_SLDASM'. Available variants: ['None', 'PhysX']
2026-06-18T02:22:22Z [24,432ms] [Warning] [omni.physics.isaacsimready.scripts.variant_switcher] VariantSwitcher: Variant 'physx' not found in variant set 'Physics' on prim '/World/envs/env_65/Robot/FinalURDF_SLDASM'. Available variants: ['None', 'PhysX']
2026-06-18T02:22:22Z [24,432ms] [Warning] [omni.physics.isaacsimready.scripts.variant_switcher] VariantSwitcher: Variant 'physx' not found in variant set 'Physics' on prim '/World/envs/env_85/Robot/FinalURDF_SLDASM'. Available variants: ['None', 'PhysX']
2026-06-18T02:22:22Z [24,432ms] [Warning] [omni.physics.isaacsimready.scripts.variant_switcher] VariantSwitcher: Variant 'physx' not found in variant set 'Physics' on prim '/World/envs/env_4/Robot/FinalURDF_SLDASM'. Available variants: ['None', 'PhysX']
2026-06-18T02:22:22Z [24,432ms] [Warning] [omni.physics.isaacsimready.scripts.variant_switcher] VariantSwitcher: Variant 'physx' not found in variant set 'Physics' on prim '/World/envs/env_89/Robot/FinalURDF_SLDASM'. Available variants: ['None', 'PhysX']
2026-06-18T02:22:22Z [24,433ms] [Warning] [omni.physics.isaacsimready.scripts.variant_switcher] VariantSwitcher: Variant 'physx' not found in variant set 'Physics' on prim '/World/envs/env_87/Robot/FinalURDF_SLDASM'. Available variants: ['None', 'PhysX']
2026-06-18T02:22:22Z [24,433ms] [Warning] [omni.physics.isaacsimready.scripts.variant_switcher] VariantSwitcher: Variant 'physx' not found in variant set 'Physics' on prim '/World/envs/env_106/Robot/FinalURDF_SLDASM'. Available variants: ['None', 'PhysX']
2026-06-18T02:22:22Z [24,433ms] [Warning] [omni.physics.isaacsimready.scripts.variant_switcher] VariantSwitcher: Variant 'physx' not found in variant set 'Physics' on prim '/World/envs/env_34/Robot/FinalURDF_SLDASM'. Available variants: ['None', 'PhysX']
2026-06-18T02:22:22Z [24,433ms] [Warning] [omni.physics.isaacsimready.scripts.variant_switcher] VariantSwitcher: Variant 'physx' not found in variant set 'Physics' on prim '/World/envs/env_74/Robot/FinalURDF_SLDASM'. Available variants: ['None', 'PhysX']
2026-06-18T02:22:22Z [24,433ms] [Warning] [omni.physics.isaacsimready.scripts.variant_switcher] VariantSwitcher: Variant 'physx' not found in variant set 'Physics' on prim '/World/envs/env_47/Robot/FinalURDF_SLDASM'. Available variants: ['None', 'PhysX']
2026-06-18T02:22:22Z [24,433ms] [Warning] [omni.physics.isaacsimready.scripts.variant_switcher] VariantSwitcher: Variant 'physx' not found in variant set 'Physics' on prim '/World/envs/env_80/Robot/FinalURDF_SLDASM'. Available variants: ['None', 'PhysX']
2026-06-18T02:22:22Z [24,433ms] [Warning] [omni.physics.isaacsimready.scripts.variant_switcher] VariantSwitcher: Variant 'physx' not found in variant set 'Physics' on prim '/World/envs/env_112/Robot/FinalURDF_SLDASM'. Available variants: ['None', 'PhysX']
2026-06-18T02:22:22Z [24,433ms] [Warning] [omni.physics.isaacsimready.scripts.variant_switcher] VariantSwitcher: Variant 'physx' not found in variant set 'Physics' on prim '/World/envs/env_17/Robot/FinalURDF_SLDASM'. Available variants: ['None', 'PhysX']
2026-06-18T02:22:22Z [24,433ms] [Warning] [omni.physics.isaacsimready.scripts.variant_switcher] VariantSwitcher: Variant 'physx' not found in variant set 'Physics' on prim '/World/envs/env_99/Robot/FinalURDF_SLDASM'. Available variants: ['None', 'PhysX']
2026-06-18T02:22:22Z [24,433ms] [Warning] [omni.physics.isaacsimready.scripts.variant_switcher] VariantSwitcher: Variant 'physx' not found in variant set 'Physics' on prim '/World/envs/env_8/Robot/FinalURDF_SLDASM'. Available variants: ['None', 'PhysX']
2026-06-18T02:22:22Z [24,433ms] [Warning] [omni.physics.isaacsimready.scripts.variant_switcher] VariantSwitcher: Variant 'physx' not found in variant set 'Physics' on prim '/World/envs/env_64/Robot/FinalURDF_SLDASM'. Available variants: ['None', 'PhysX']
2026-06-18T02:22:22Z [24,433ms] [Warning] [omni.physics.isaacsimready.scripts.variant_switcher] VariantSwitcher: Variant 'physx' not found in variant set 'Physics' on prim '/World/envs/env_127/Robot/FinalURDF_SLDASM'. Available variants: ['None', 'PhysX']
2026-06-18T02:22:22Z [24,433ms] [Warning] [omni.physics.isaacsimready.scripts.variant_switcher] VariantSwitcher: Variant 'physx' not found in variant set 'Physics' on prim '/World/envs/env_48/Robot/FinalURDF_SLDASM'. Available variants: ['None', 'PhysX']
2026-06-18T02:22:22Z [24,433ms] [Warning] [omni.physics.isaacsimready.scripts.variant_switcher] VariantSwitcher: Variant 'physx' not found in variant set 'Physics' on prim '/World/envs/env_63/Robot/FinalURDF_SLDASM'. Available variants: ['None', 'PhysX']
2026-06-18T02:22:22Z [24,433ms] [Warning] [omni.physics.isaacsimready.scripts.variant_switcher] VariantSwitcher: Variant 'physx' not found in variant set 'Physics' on prim '/World/envs/env_42/Robot/FinalURDF_SLDASM'. Available variants: ['None', 'PhysX']
2026-06-18T02:22:22Z [24,434ms] [Warning] [omni.physics.isaacsimready.scripts.variant_switcher] VariantSwitcher: Variant 'physx' not found in variant set 'Physics' on prim '/World/envs/env_14/Robot/FinalURDF_SLDASM'. Available variants: ['None', 'PhysX']
2026-06-18T02:22:22Z [24,434ms] [Warning] [omni.physics.isaacsimready.scripts.variant_switcher] VariantSwitcher: Variant 'physx' not found in variant set 'Physics' on prim '/World/envs/env_69/Robot/FinalURDF_SLDASM'. Available variants: ['None', 'PhysX']
2026-06-18T02:22:22Z [24,434ms] [Warning] [omni.physics.isaacsimready.scripts.variant_switcher] VariantSwitcher: Variant 'physx' not found in variant set 'Physics' on prim '/World/envs/env_94/Robot/FinalURDF_SLDASM'. Available variants: ['None', 'PhysX']
2026-06-18T02:22:22Z [24,434ms] [Warning] [omni.physics.isaacsimready.scripts.variant_switcher] VariantSwitcher: Variant 'physx' not found in variant set 'Physics' on prim '/World/envs/env_82/Robot/FinalURDF_SLDASM'. Available variants: ['None', 'PhysX']
2026-06-18T02:22:22Z [24,434ms] [Warning] [omni.physics.isaacsimready.scripts.variant_switcher] VariantSwitcher: Variant 'physx' not found in variant set 'Physics' on prim '/World/envs/env_27/Robot/FinalURDF_SLDASM'. Available variants: ['None', 'PhysX']
2026-06-18T02:22:22Z [24,434ms] [Warning] [omni.physics.isaacsimready.scripts.variant_switcher] VariantSwitcher: Variant 'physx' not found in variant set 'Physics' on prim '/World/envs/env_49/Robot/FinalURDF_SLDASM'. Available variants: ['None', 'PhysX']
2026-06-18T02:22:22Z [24,434ms] [Warning] [omni.physics.isaacsimready.scripts.variant_switcher] VariantSwitcher: Variant 'physx' not found in variant set 'Physics' on prim '/World/envs/env_32/Robot/FinalURDF_SLDASM'. Available variants: ['None', 'PhysX']
2026-06-18T02:22:22Z [24,434ms] [Warning] [omni.physics.isaacsimready.scripts.variant_switcher] VariantSwitcher: Variant 'physx' not found in variant set 'Physics' on prim '/World/envs/env_25/Robot/FinalURDF_SLDASM'. Available variants: ['None', 'PhysX']
2026-06-18T02:22:22Z [24,434ms] [Warning] [omni.physics.isaacsimready.scripts.variant_switcher] VariantSwitcher: Variant 'physx' not found in variant set 'Physics' on prim '/World/envs/env_2/Robot/FinalURDF_SLDASM'. Available variants: ['None', 'PhysX']
2026-06-18T02:22:22Z [24,434ms] [Warning] [omni.physics.isaacsimready.scripts.variant_switcher] VariantSwitcher: Variant 'physx' not found in variant set 'Physics' on prim '/World/envs/env_23/Robot/FinalURDF_SLDASM'. Available variants: ['None', 'PhysX']
2026-06-18T02:22:22Z [24,434ms] [Warning] [omni.physics.isaacsimready.scripts.variant_switcher] VariantSwitcher: Variant 'physx' not found in variant set 'Physics' on prim '/World/envs/env_97/Robot/FinalURDF_SLDASM'. Available variants: ['None', 'PhysX']
2026-06-18T02:22:22Z [24,434ms] [Warning] [omni.physics.isaacsimready.scripts.variant_switcher] VariantSwitcher: Variant 'physx' not found in variant set 'Physics' on prim '/World/envs/env_79/Robot/FinalURDF_SLDASM'. Available variants: ['None', 'PhysX']
2026-06-18T02:22:22Z [24,434ms] [Warning] [omni.physics.isaacsimready.scripts.variant_switcher] VariantSwitcher: Variant 'physx' not found in variant set 'Physics' on prim '/World/envs/env_50/Robot/FinalURDF_SLDASM'. Available variants: ['None', 'PhysX']
2026-06-18T02:22:22Z [24,434ms] [Warning] [omni.physics.isaacsimready.scripts.variant_switcher] VariantSwitcher: Variant 'physx' not found in variant set 'Physics' on prim '/World/envs/env_108/Robot/FinalURDF_SLDASM'. Available variants: ['None', 'PhysX']
2026-06-18T02:22:22Z [24,435ms] [Warning] [omni.physics.isaacsimready.scripts.variant_switcher] VariantSwitcher: Variant 'physx' not found in variant set 'Physics' on prim '/World/envs/env_84/Robot/FinalURDF_SLDASM'. Available variants: ['None', 'PhysX']
2026-06-18T02:22:22Z [24,435ms] [Warning] [omni.physics.isaacsimready.scripts.variant_switcher] VariantSwitcher: Variant 'physx' not found in variant set 'Physics' on prim '/World/envs/env_76/Robot/FinalURDF_SLDASM'. Available variants: ['None', 'PhysX']
2026-06-18T02:22:22Z [24,435ms] [Warning] [omni.physics.isaacsimready.scripts.variant_switcher] VariantSwitcher: Variant 'physx' not found in variant set 'Physics' on prim '/World/envs/env_51/Robot/FinalURDF_SLDASM'. Available variants: ['None', 'PhysX']
2026-06-18T02:22:22Z [24,435ms] [Warning] [omni.physics.isaacsimready.scripts.variant_switcher] VariantSwitcher: Variant 'physx' not found in variant set 'Physics' on prim '/World/envs/env_124/Robot/FinalURDF_SLDASM'. Available variants: ['None', 'PhysX']
2026-06-18T02:22:22Z [24,435ms] [Warning] [omni.physics.isaacsimready.scripts.variant_switcher] VariantSwitcher: Variant 'physx' not found in variant set 'Physics' on prim '/World/envs/env_68/Robot/FinalURDF_SLDASM'. Available variants: ['None', 'PhysX']
2026-06-18T02:22:22Z [24,435ms] [Warning] [omni.physics.isaacsimready.scripts.variant_switcher] VariantSwitcher: Variant 'physx' not found in variant set 'Physics' on prim '/World/envs/env_86/Robot/FinalURDF_SLDASM'. Available variants: ['None', 'PhysX']
2026-06-18T02:22:22Z [24,435ms] [Warning] [omni.physics.isaacsimready.scripts.variant_switcher] VariantSwitcher: Variant 'physx' not found in variant set 'Physics' on prim '/World/envs/env_10/Robot/FinalURDF_SLDASM'. Available variants: ['None', 'PhysX']
2026-06-18T02:22:22Z [24,435ms] [Warning] [omni.physics.isaacsimready.scripts.variant_switcher] VariantSwitcher: Variant 'physx' not found in variant set 'Physics' on prim '/World/envs/env_118/Robot/FinalURDF_SLDASM'. Available variants: ['None', 'PhysX']
2026-06-18T02:22:22Z [24,435ms] [Warning] [omni.physics.isaacsimready.scripts.variant_switcher] VariantSwitcher: Variant 'physx' not found in variant set 'Physics' on prim '/World/envs/env_104/Robot/FinalURDF_SLDASM'. Available variants: ['None', 'PhysX']
2026-06-18T02:22:22Z [24,435ms] [Warning] [omni.physics.isaacsimready.scripts.variant_switcher] VariantSwitcher: Variant 'physx' not found in variant set 'Physics' on prim '/World/envs/env_88/Robot/FinalURDF_SLDASM'. Available variants: ['None', 'PhysX']
2026-06-18T02:22:22Z [24,435ms] [Warning] [omni.physics.isaacsimready.scripts.variant_switcher] VariantSwitcher: Variant 'physx' not found in variant set 'Physics' on prim '/World/envs/env_13/Robot/FinalURDF_SLDASM'. Available variants: ['None', 'PhysX']
2026-06-18T02:22:22Z [24,435ms] [Warning] [omni.physics.isaacsimready.scripts.variant_switcher] VariantSwitcher: Variant 'physx' not found in variant set 'Physics' on prim '/World/envs/env_52/Robot/FinalURDF_SLDASM'. Available variants: ['None', 'PhysX']
2026-06-18T02:22:22Z [24,435ms] [Warning] [omni.physics.isaacsimready.scripts.variant_switcher] VariantSwitcher: Variant 'physx' not found in variant set 'Physics' on prim '/World/envs/env_119/Robot/FinalURDF_SLDASM'. Available variants: ['None', 'PhysX']
2026-06-18T02:22:22Z [24,435ms] [Warning] [omni.physics.isaacsimready.scripts.variant_switcher] VariantSwitcher: Variant 'physx' not found in variant set 'Physics' on prim '/World/envs/env_122/Robot/FinalURDF_SLDASM'. Available variants: ['None', 'PhysX']
2026-06-18T02:22:22Z [24,435ms] [Warning] [omni.physics.isaacsimready.scripts.variant_switcher] VariantSwitcher: Variant 'physx' not found in variant set 'Physics' on prim '/World/envs/env_53/Robot/FinalURDF_SLDASM'. Available variants: ['None', 'PhysX']
2026-06-18T02:22:22Z [24,436ms] [Warning] [omni.physics.isaacsimready.scripts.variant_switcher] VariantSwitcher: Variant 'physx' not found in variant set 'Physics' on prim '/World/envs/env_72/Robot/FinalURDF_SLDASM'. Available variants: ['None', 'PhysX']
2026-06-18T02:22:22Z [24,436ms] [Warning] [omni.physics.isaacsimready.scripts.variant_switcher] VariantSwitcher: Variant 'physx' not found in variant set 'Physics' on prim '/World/envs/env_44/Robot/FinalURDF_SLDASM'. Available variants: ['None', 'PhysX']
2026-06-18T02:22:22Z [24,436ms] [Warning] [omni.physics.isaacsimready.scripts.variant_switcher] VariantSwitcher: Variant 'physx' not found in variant set 'Physics' on prim '/World/envs/env_58/Robot/FinalURDF_SLDASM'. Available variants: ['None', 'PhysX']
2026-06-18T02:22:22Z [24,436ms] [Warning] [omni.physics.isaacsimready.scripts.variant_switcher] VariantSwitcher: Variant 'physx' not found in variant set 'Physics' on prim '/World/envs/env_67/Robot/FinalURDF_SLDASM'. Available variants: ['None', 'PhysX']
2026-06-18T02:22:22Z [24,436ms] [Warning] [omni.physics.isaacsimready.scripts.variant_switcher] VariantSwitcher: Variant 'physx' not found in variant set 'Physics' on prim '/World/envs/env_78/Robot/FinalURDF_SLDASM'. Available variants: ['None', 'PhysX']
2026-06-18T02:22:22Z [24,436ms] [Warning] [omni.physics.isaacsimready.scripts.variant_switcher] VariantSwitcher: Variant 'physx' not found in variant set 'Physics' on prim '/World/envs/env_36/Robot/FinalURDF_SLDASM'. Available variants: ['None', 'PhysX']
2026-06-18T02:22:22Z [24,436ms] [Warning] [omni.physics.isaacsimready.scripts.variant_switcher] VariantSwitcher: Variant 'physx' not found in variant set 'Physics' on prim '/World/envs/env_28/Robot/FinalURDF_SLDASM'. Available variants: ['None', 'PhysX']
2026-06-18T02:22:22Z [24,436ms] [Warning] [omni.physics.isaacsimready.scripts.variant_switcher] VariantSwitcher: Variant 'physx' not found in variant set 'Physics' on prim '/World/envs/env_40/Robot/FinalURDF_SLDASM'. Available variants: ['None', 'PhysX']
2026-06-18T02:22:22Z [24,436ms] [Warning] [omni.physics.isaacsimready.scripts.variant_switcher] VariantSwitcher: Variant 'physx' not found in variant set 'Physics' on prim '/World/envs/env_5/Robot/FinalURDF_SLDASM'. Available variants: ['None', 'PhysX']
2026-06-18T02:22:22Z [24,436ms] [Warning] [omni.physics.isaacsimready.scripts.variant_switcher] VariantSwitcher: Variant 'physx' not found in variant set 'Physics' on prim '/World/envs/env_71/Robot/FinalURDF_SLDASM'. Available variants: ['None', 'PhysX']
2026-06-18T02:22:22Z [24,436ms] [Warning] [omni.physics.isaacsimready.scripts.variant_switcher] VariantSwitcher: Variant 'physx' not found in variant set 'Physics' on prim '/World/envs/env_20/Robot/FinalURDF_SLDASM'. Available variants: ['None', 'PhysX']
2026-06-18T02:22:22Z [24,436ms] [Warning] [omni.physics.isaacsimready.scripts.variant_switcher] VariantSwitcher: Variant 'physx' not found in variant set 'Physics' on prim '/World/envs/env_83/Robot/FinalURDF_SLDASM'. Available variants: ['None', 'PhysX']
2026-06-18T02:22:22Z [24,436ms] [Warning] [omni.physics.isaacsimready.scripts.variant_switcher] VariantSwitcher: Variant 'physx' not found in variant set 'Physics' on prim '/World/envs/env_15/Robot/FinalURDF_SLDASM'. Available variants: ['None', 'PhysX']
2026-06-18T02:22:22Z [24,436ms] [Warning] [omni.physics.isaacsimready.scripts.variant_switcher] VariantSwitcher: Variant 'physx' not found in variant set 'Physics' on prim '/World/envs/env_26/Robot/FinalURDF_SLDASM'. Available variants: ['None', 'PhysX']
2026-06-18T02:22:22Z [24,436ms] [Warning] [omni.physics.isaacsimready.scripts.variant_switcher] VariantSwitcher: Variant 'physx' not found in variant set 'Physics' on prim '/World/envs/env_12/Robot/FinalURDF_SLDASM'. Available variants: ['None', 'PhysX']
2026-06-18T02:22:22Z [24,437ms] [Warning] [omni.physics.isaacsimready.scripts.variant_switcher] VariantSwitcher: Variant 'physx' not found in variant set 'Physics' on prim '/World/envs/env_46/Robot/FinalURDF_SLDASM'. Available variants: ['None', 'PhysX']
2026-06-18T02:22:22Z [24,437ms] [Warning] [omni.physics.isaacsimready.scripts.variant_switcher] VariantSwitcher: Variant 'physx' not found in variant set 'Physics' on prim '/World/envs/env_41/Robot/FinalURDF_SLDASM'. Available variants: ['None', 'PhysX']
2026-06-18T02:22:22Z [24,437ms] [Warning] [omni.physics.isaacsimready.scripts.variant_switcher] VariantSwitcher: Variant 'physx' not found in variant set 'Physics' on prim '/World/envs/env_102/Robot/FinalURDF_SLDASM'. Available variants: ['None', 'PhysX']
2026-06-18T02:22:22Z [24,437ms] [Warning] [omni.physics.isaacsimready.scripts.variant_switcher] VariantSwitcher: Variant 'physx' not found in variant set 'Physics' on prim '/World/envs/env_96/Robot/FinalURDF_SLDASM'. Available variants: ['None', 'PhysX']
2026-06-18T02:22:22Z [24,437ms] [Warning] [omni.physics.isaacsimready.scripts.variant_switcher] VariantSwitcher: Variant 'physx' not found in variant set 'Physics' on prim '/World/envs/env_70/Robot/FinalURDF_SLDASM'. Available variants: ['None', 'PhysX']
2026-06-18T02:22:22Z [24,437ms] [Warning] [omni.physics.isaacsimready.scripts.variant_switcher] VariantSwitcher: Variant 'physx' not found in variant set 'Physics' on prim '/World/envs/env_77/Robot/FinalURDF_SLDASM'. Available variants: ['None', 'PhysX']
2026-06-18T02:22:22Z [24,437ms] [Warning] [omni.physics.isaacsimready.scripts.variant_switcher] VariantSwitcher: Variant 'physx' not found in variant set 'Physics' on prim '/World/envs/env_29/Robot/FinalURDF_SLDASM'. Available variants: ['None', 'PhysX']
2026-06-18T02:22:22Z [24,437ms] [Warning] [omni.physics.isaacsimready.scripts.variant_switcher] VariantSwitcher: Variant 'physx' not found in variant set 'Physics' on prim '/World/envs/env_113/Robot/FinalURDF_SLDASM'. Available variants: ['None', 'PhysX']
2026-06-18T02:22:22Z [24,437ms] [Warning] [omni.physics.isaacsimready.scripts.variant_switcher] VariantSwitcher: Variant 'physx' not found in variant set 'Physics' on prim '/World/envs/env_3/Robot/FinalURDF_SLDASM'. Available variants: ['None', 'PhysX']
2026-06-18T02:22:22Z [24,437ms] [Warning] [omni.physics.isaacsimready.scripts.variant_switcher] VariantSwitcher: Variant 'physx' not found in variant set 'Physics' on prim '/World/envs/env_11/Robot/FinalURDF_SLDASM'. Available variants: ['None', 'PhysX']
2026-06-18T02:22:22Z [24,437ms] [Warning] [omni.physics.isaacsimready.scripts.variant_switcher] VariantSwitcher: Variant 'physx' not found in variant set 'Physics' on prim '/World/envs/env_107/Robot/FinalURDF_SLDASM'. Available variants: ['None', 'PhysX']
2026-06-18T02:22:22Z [24,437ms] [Warning] [omni.physics.isaacsimready.scripts.variant_switcher] VariantSwitcher: Variant 'physx' not found in variant set 'Physics' on prim '/World/envs/env_19/Robot/FinalURDF_SLDASM'. Available variants: ['None', 'PhysX']
2026-06-18T02:22:22Z [24,437ms] [Warning] [omni.physics.isaacsimready.scripts.variant_switcher] VariantSwitcher: Variant 'physx' not found in variant set 'Physics' on prim '/World/envs/env_38/Robot/FinalURDF_SLDASM'. Available variants: ['None', 'PhysX']
2026-06-18T02:22:22Z [24,437ms] [Warning] [omni.physics.isaacsimready.scripts.variant_switcher] VariantSwitcher: Variant 'physx' not found in variant set 'Physics' on prim '/World/envs/env_103/Robot/FinalURDF_SLDASM'. Available variants: ['None', 'PhysX']
2026-06-18T02:22:22Z [24,437ms] [Warning] [omni.physics.isaacsimready.scripts.variant_switcher] VariantSwitcher: Variant 'physx' not found in variant set 'Physics' on prim '/World/envs/env_114/Robot/FinalURDF_SLDASM'. Available variants: ['None', 'PhysX']
2026-06-18T02:22:22Z [24,438ms] [Warning] [omni.physics.isaacsimready.scripts.variant_switcher] VariantSwitcher: Variant 'physx' not found in variant set 'Physics' on prim '/World/envs/env_73/Robot/FinalURDF_SLDASM'. Available variants: ['None', 'PhysX']
2026-06-18T02:22:22Z [24,438ms] [Warning] [omni.physics.isaacsimready.scripts.variant_switcher] VariantSwitcher: Variant 'physx' not found in variant set 'Physics' on prim '/World/envs/env_7/Robot/FinalURDF_SLDASM'. Available variants: ['None', 'PhysX']
2026-06-18T02:22:22Z [24,438ms] [Warning] [omni.physics.isaacsimready.scripts.variant_switcher] VariantSwitcher: Variant 'physx' not found in variant set 'Physics' on prim '/World/envs/env_126/Robot/FinalURDF_SLDASM'. Available variants: ['None', 'PhysX']
2026-06-18T02:22:22Z [24,438ms] [Warning] [omni.physics.isaacsimready.scripts.variant_switcher] VariantSwitcher: Variant 'physx' not found in variant set 'Physics' on prim '/World/envs/env_35/Robot/FinalURDF_SLDASM'. Available variants: ['None', 'PhysX']
2026-06-18T02:22:22Z [24,438ms] [Warning] [omni.physics.isaacsimready.scripts.variant_switcher] VariantSwitcher: Variant 'physx' not found in variant set 'Physics' on prim '/World/envs/env_21/Robot/FinalURDF_SLDASM'. Available variants: ['None', 'PhysX']
2026-06-18T02:22:22Z [24,438ms] [Warning] [omni.physics.isaacsimready.scripts.variant_switcher] VariantSwitcher: Variant 'physx' not found in variant set 'Physics' on prim '/World/envs/env_62/Robot/FinalURDF_SLDASM'. Available variants: ['None', 'PhysX']
2026-06-18T02:22:22Z [24,438ms] [Warning] [omni.physics.isaacsimready.scripts.variant_switcher] VariantSwitcher: Variant 'physx' not found in variant set 'Physics' on prim '/World/envs/env_115/Robot/FinalURDF_SLDASM'. Available variants: ['None', 'PhysX']
2026-06-18T02:22:22Z [24,438ms] [Warning] [omni.physics.isaacsimready.scripts.variant_switcher] VariantSwitcher: Variant 'physx' not found in variant set 'Physics' on prim '/World/envs/env_0/Robot/FinalURDF_SLDASM'. Available variants: ['None', 'PhysX']
2026-06-18T02:22:22Z [24,438ms] [Warning] [omni.physics.isaacsimready.scripts.variant_switcher] VariantSwitcher: Variant 'physx' not found in variant set 'Physics' on prim '/World/envs/env_125/Robot/FinalURDF_SLDASM'. Available variants: ['None', 'PhysX']
2026-06-18T02:22:22Z [24,438ms] [Warning] [omni.physics.isaacsimready.scripts.variant_switcher] VariantSwitcher: Variant 'physx' not found in variant set 'Physics' on prim '/World/envs/env_43/Robot/FinalURDF_SLDASM'. Available variants: ['None', 'PhysX']
2026-06-18T02:22:22Z [24,438ms] [Warning] [omni.physics.isaacsimready.scripts.variant_switcher] VariantSwitcher: Variant 'physx' not found in variant set 'Physics' on prim '/World/envs/env_61/Robot/FinalURDF_SLDASM'. Available variants: ['None', 'PhysX']
2026-06-18T02:22:22Z [24,438ms] [Warning] [omni.physics.isaacsimready.scripts.variant_switcher] VariantSwitcher: Variant 'physx' not found in variant set 'Physics' on prim '/World/envs/env_100/Robot/FinalURDF_SLDASM'. Available variants: ['None', 'PhysX']
2026-06-18T02:22:22Z [24,438ms] [Warning] [omni.physics.isaacsimready.scripts.variant_switcher] VariantSwitcher: Variant 'physx' not found in variant set 'Physics' on prim '/World/envs/env_92/Robot/FinalURDF_SLDASM'. Available variants: ['None', 'PhysX']
2026-06-18T02:22:22Z [24,438ms] [Warning] [omni.physics.isaacsimready.scripts.variant_switcher] VariantSwitcher: Variant 'physx' not found in variant set 'Physics' on prim '/World/envs/env_116/Robot/FinalURDF_SLDASM'. Available variants: ['None', 'PhysX']
2026-06-18T02:22:22Z [24,438ms] [Warning] [omni.physics.isaacsimready.scripts.variant_switcher] VariantSwitcher: Variant 'physx' not found in variant set 'Physics' on prim '/World/envs/env_117/Robot/FinalURDF_SLDASM'. Available variants: ['None', 'PhysX']
2026-06-18T02:22:22Z [24,439ms] [Warning] [omni.physics.isaacsimready.scripts.variant_switcher] VariantSwitcher: Variant 'physx' not found in variant set 'Physics' on prim '/World/envs/env_16/Robot/FinalURDF_SLDASM'. Available variants: ['None', 'PhysX']
2026-06-18T02:22:22Z [24,439ms] [Warning] [omni.physics.isaacsimready.scripts.variant_switcher] VariantSwitcher: Variant 'physx' not found in variant set 'Physics' on prim '/World/envs/env_39/Robot/FinalURDF_SLDASM'. Available variants: ['None', 'PhysX']
2026-06-18T02:22:22Z [24,439ms] [Warning] [omni.physics.isaacsimready.scripts.variant_switcher] VariantSwitcher: Variant 'physx' not found in variant set 'Physics' on prim '/World/envs/env_123/Robot/FinalURDF_SLDASM'. Available variants: ['None', 'PhysX']
2026-06-18T02:22:22Z [24,439ms] [Warning] [omni.physics.isaacsimready.scripts.variant_switcher] VariantSwitcher: Variant 'physx' not found in variant set 'Physics' on prim '/World/envs/env_1/Robot/FinalURDF_SLDASM'. Available variants: ['None', 'PhysX']
2026-06-18T02:22:22Z [24,439ms] [Warning] [omni.physics.isaacsimready.scripts.variant_switcher] VariantSwitcher: Variant 'physx' not found in variant set 'Physics' on prim '/World/envs/env_60/Robot/FinalURDF_SLDASM'. Available variants: ['None', 'PhysX']
2026-06-18T02:22:22Z [24,439ms] [Warning] [omni.physics.isaacsimready.scripts.variant_switcher] VariantSwitcher: Variant 'physx' not found in variant set 'Physics' on prim '/World/envs/env_90/Robot/FinalURDF_SLDASM'. Available variants: ['None', 'PhysX']
2026-06-18T02:22:22Z [24,439ms] [Warning] [omni.physics.isaacsimready.scripts.variant_switcher] VariantSwitcher: Variant 'physx' not found in variant set 'Physics' on prim '/World/envs/env_59/Robot/FinalURDF_SLDASM'. Available variants: ['None', 'PhysX']
2026-06-18T02:22:22Z [24,439ms] [Warning] [omni.physics.isaacsimready.scripts.variant_switcher] VariantSwitcher: Variant 'physx' not found in variant set 'Physics' on prim '/World/envs/env_121/Robot/FinalURDF_SLDASM'. Available variants: ['None', 'PhysX']
2026-06-18T02:22:22Z [24,439ms] [Warning] [omni.physics.isaacsimready.scripts.variant_switcher] VariantSwitcher: Variant 'physx' not found in variant set 'Physics' on prim '/World/envs/env_30/Robot/FinalURDF_SLDASM'. Available variants: ['None', 'PhysX']
2026-06-18T02:22:22Z [24,439ms] [Warning] [omni.physics.isaacsimready.scripts.variant_switcher] VariantSwitcher: Variant 'physx' not found in variant set 'Physics' on prim '/World/envs/env_6/Robot/FinalURDF_SLDASM'. Available variants: ['None', 'PhysX']
2026-06-18T02:22:22Z [24,439ms] [Warning] [omni.physics.isaacsimready.scripts.variant_switcher] VariantSwitcher: Variant 'physx' not found in variant set 'Physics' on prim '/World/envs/env_120/Robot/FinalURDF_SLDASM'. Available variants: ['None', 'PhysX']
2026-06-18T02:22:22Z [24,439ms] [Warning] [omni.physics.isaacsimready.scripts.variant_switcher] VariantSwitcher: Variant 'physx' not found in variant set 'Physics' on prim '/World/envs/env_109/Robot/FinalURDF_SLDASM'. Available variants: ['None', 'PhysX']
2026-06-18T02:22:22Z [24,439ms] [Warning] [omni.physics.isaacsimready.scripts.variant_switcher] VariantSwitcher: Variant 'physx' not found in variant set 'Physics' on prim '/World/envs/env_57/Robot/FinalURDF_SLDASM'. Available variants: ['None', 'PhysX']
/workspace/isaaclab/_isaac_sim/kit/python/lib/python3.12/site-packages/rsl_rl/utils/utils.py:220: UserWarning: The observation configuration dictionary 'obs_groups' is empty and thus likely not configured. Consider configuring the 'obs_groups' dictionary explicitly
  warnings.warn(
/workspace/isaaclab/_isaac_sim/kit/python/lib/python3.12/site-packages/rsl_rl/utils/utils.py:251: UserWarning: The observation configuration dictionary 'obs_groups' does not contain the 'actor' key. As an observation group with the name 'policy' was found, this is assumed to be the appropriate observation. Consider adding the 'actor' key to the 'obs_groups' dictionary for clarity. This behavior will be removed in a future version.
  warnings.warn(
/workspace/isaaclab/_isaac_sim/kit/python/lib/python3.12/site-packages/rsl_rl/utils/utils.py:251: UserWarning: The observation configuration dictionary 'obs_groups' does not contain the 'critic' key. As an observation group with the name 'policy' was found, this is assumed to be the appropriate observation. Consider adding the 'critic' key to the 'obs_groups' dictionary for clarity. This behavior will be removed in a future version.
  warnings.warn(
/workspace/isaaclab/_isaac_sim/kit/python/lib/python3.12/copyreg.py:99: FutureWarning: `isinstance(treespec, LeafSpec)` is deprecated, use `isinstance(treespec, TreeSpec) and treespec.is_leaf()` instead.
  return cls.__new__(cls, *args)
2026-06-18T02:22:22Z [24,439ms] [Warning] [omni.physics.isaacsimready.scripts.variant_switcher] VariantSwitcher: Variant 'physx' not found in variant set 'Physics' on prim '/World/envs/env_55/Robot/FinalURDF_SLDASM'. Available variants: ['None', 'PhysX']
2026-06-18T02:22:22Z [24,439ms] [Warning] [omni.physics.isaacsimready.scripts.variant_switcher] VariantSwitcher: Variant 'physx' not found in variant set 'Physics' on prim '/World/envs/env_54/Robot/FinalURDF_SLDASM'. Available variants: ['None', 'PhysX']
2026-06-18T02:22:22Z [24,440ms] [Warning] [omni.physics.isaacsimready.scripts.variant_switcher] VariantSwitcher: Variant 'physx' not found in variant set 'Physics' on prim '/World/envs/env_95/Robot/FinalURDF_SLDASM'. Available variants: ['None', 'PhysX']
2026-06-18T02:22:22Z [24,440ms] [Warning] [omni.physics.isaacsimready.scripts.variant_switcher] VariantSwitcher: Variant 'physx' not found in variant set 'Physics' on prim '/World/envs/env_81/Robot/FinalURDF_SLDASM'. Available variants: ['None', 'PhysX']
2026-06-18T02:22:22Z [24,440ms] [Warning] [omni.physics.isaacsimready.scripts.variant_switcher] VariantSwitcher: Variant 'physx' not found in variant set 'Physics' on prim '/World/envs/env_56/Robot/FinalURDF_SLDASM'. Available variants: ['None', 'PhysX']
2026-06-18T02:22:22Z [24,440ms] [Warning] [omni.physics.isaacsimready.scripts.variant_switcher] VariantSwitcher: Variant 'physx' not found in variant set 'Physics' on prim '/World/envs/env_33/Robot/FinalURDF_SLDASM'. Available variants: ['None', 'PhysX']
2026-06-18T02:22:22Z [24,440ms] [Warning] [omni.physics.isaacsimready.scripts.variant_switcher] VariantSwitcher: Variant 'physx' not found in variant set 'Physics' on prim '/World/envs/env_18/Robot/FinalURDF_SLDASM'. Available variants: ['None', 'PhysX']
2026-06-18T02:22:22Z [24,440ms] [Warning] [omni.physics.isaacsimready.scripts.variant_switcher] VariantSwitcher: Variant 'physx' not found in variant set 'Physics' on prim '/World/envs/env_101/Robot/FinalURDF_SLDASM'. Available variants: ['None', 'PhysX']
2026-06-18T02:22:22Z [24,440ms] [Warning] [omni.physics.isaacsimready.scripts.variant_switcher] VariantSwitcher: Variant 'physx' not found in variant set 'Physics' on prim '/World/envs/env_75/Robot/FinalURDF_SLDASM'. Available variants: ['None', 'PhysX']
2026-06-18T02:22:22Z [24,440ms] [Warning] [omni.physics.isaacsimready.scripts.variant_switcher] VariantSwitcher: Variant 'physx' not found in variant set 'Physics' on prim '/World/envs/env_45/Robot/FinalURDF_SLDASM'. Available variants: ['None', 'PhysX']
2026-06-18T02:22:22Z [24,440ms] [Warning] [omni.physics.isaacsimready.scripts.variant_switcher] VariantSwitcher: Variant 'physx' not found in variant set 'Physics' on prim '/World/envs/env_98/Robot/FinalURDF_SLDASM'. Available variants: ['None', 'PhysX']
2026-06-18T02:22:22Z [24,440ms] [Warning] [omni.physics.isaacsimready.scripts.variant_switcher] VariantSwitcher: Variant 'physx' not found in variant set 'Physics' on prim '/World/envs/env_105/Robot/FinalURDF_SLDASM'. Available variants: ['None', 'PhysX']
2026-06-18T02:22:22Z [24,440ms] [Warning] [omni.physics.isaacsimready.scripts.variant_switcher] VariantSwitcher: Variant 'physx' not found in variant set 'Physics' on prim '/World/envs/env_110/Robot/FinalURDF_SLDASM'. Available variants: ['None', 'PhysX']
2026-06-18T02:22:22Z [24,440ms] [Warning] [omni.physics.isaacsimready.scripts.variant_switcher] VariantSwitcher: Variant 'physx' not found in variant set 'Physics' on prim '/World/envs/env_9/Robot/FinalURDF_SLDASM'. Available variants: ['None', 'PhysX']
2026-06-18T02:22:29Z [31,595ms] [Warning] [omni.syntheticdata.plugin] OgnSdPostRenderVarToHost : rendervar copy from texture directly to host buffer is counter-performant. Please use copy from texture to device buffer first.
[INFO] Using Python: "/workspace/isaaclab/_isaac_sim/python.sh"
=== Thu Jun 18 02:34:13 UTC 2026 | DONE  model_4000.pt ===
=== Thu Jun 18 02:34:13 UTC 2026 | START model_3000.pt | 1500 steps ===
[INFO]: Parsing configuration from: Ankybot_v2.tasks.manager_based.ankybot_v2.ankybot_v2_env_cfg:AnkybotV2EnvCfg_PLAY
[INFO]: Parsing configuration from: Ankybot_v2.tasks.manager_based.ankybot_v2.agents.rsl_rl_ppo_cfg:PPORunnerCfg
[2026-06-18 02:34:20,578][isaaclab.app.app_launcher][INFO] - Using device: cuda:0
[2026-06-18 02:34:20,579][isaaclab.app.app_launcher][INFO] - Loading experience file: /workspace/isaaclab/apps/isaaclab.python.rendering.kit
[2026-06-18 02:34:21,344][asyncio][DEBUG] - Using selector: EpollSelector
WARNING: All log messages before absl::InitializeLog() is called are written to STDERR
E0000 00:00:1781750061.382837  293112 descriptor_database.cc:633] File already exists in database: grpc/health/v1/health.proto
W0000 00:00:1781750061.382875  293112 message.cc:301] Protobuf GeneratedMessageFactory: File is already registered: grpc/health/v1/health.proto
[2026-06-18 02:34:33,065][trimesh.util][DEBUG] - falling back to hashlib hashing: `pip install xxhash`for 50x faster cache checks
[2026-06-18 02:34:35,630][AutoNode][DEBUG] - Defining data type 'any' as 'Any'
[2026-06-18 02:34:35,630][AutoNode][DEBUG] - Defining data type 'bool' as 'Bool' and array 'BoolArray
[2026-06-18 02:34:35,630][AutoNode][DEBUG] - Defining data type 'bundle' as 'Bundle'
[2026-06-18 02:34:35,630][AutoNode][DEBUG] - Defining data type 'colord[3]' as 'Color3d' and array 'Color3dArray
[2026-06-18 02:34:35,631][AutoNode][DEBUG] - Defining data type 'colorf[3]' as 'Color3f' and array 'Color3fArray
[2026-06-18 02:34:35,631][AutoNode][DEBUG] - Defining data type 'colorh[3]' as 'Color3h' and array 'Color3hArray
[2026-06-18 02:34:35,631][AutoNode][DEBUG] - Defining data type 'colord[4]' as 'Color4d' and array 'Color4dArray
[2026-06-18 02:34:35,631][AutoNode][DEBUG] - Defining data type 'colorf[4]' as 'Color4f' and array 'Color4fArray
[2026-06-18 02:34:35,631][AutoNode][DEBUG] - Defining data type 'colorh[4]' as 'Color4h' and array 'Color4hArray
[2026-06-18 02:34:35,631][AutoNode][DEBUG] - Defining data type 'double' as 'Double' and array 'DoubleArray
[2026-06-18 02:34:35,631][AutoNode][DEBUG] - Defining data type 'double[2]' as 'Double2' and array 'Double2Array
[2026-06-18 02:34:35,631][AutoNode][DEBUG] - Defining data type 'double[3]' as 'Double3' and array 'Double3Array
[2026-06-18 02:34:35,632][AutoNode][DEBUG] - Defining data type 'double[4]' as 'Double4' and array 'Double4Array
[2026-06-18 02:34:35,632][AutoNode][DEBUG] - Defining data type 'execution' as 'Execution'
[2026-06-18 02:34:35,632][AutoNode][DEBUG] - Defining data type 'float' as 'Float' and array 'FloatArray
[2026-06-18 02:34:35,632][AutoNode][DEBUG] - Defining data type 'float[2]' as 'Float2' and array 'Float2Array
[2026-06-18 02:34:35,632][AutoNode][DEBUG] - Defining data type 'float[3]' as 'Float3' and array 'Float3Array
[2026-06-18 02:34:35,632][AutoNode][DEBUG] - Defining data type 'float[4]' as 'Float4' and array 'Float4Array
[2026-06-18 02:34:35,632][AutoNode][DEBUG] - Defining data type 'frame[4]' as 'Frame' and array 'FrameArray
[2026-06-18 02:34:35,632][AutoNode][DEBUG] - Defining data type 'half' as 'Half' and array 'HalfArray
[2026-06-18 02:34:35,633][AutoNode][DEBUG] - Defining data type 'half[2]' as 'Half2' and array 'Half2Array
[2026-06-18 02:34:35,633][AutoNode][DEBUG] - Defining data type 'half[3]' as 'Half3' and array 'Half3Array
[2026-06-18 02:34:35,633][AutoNode][DEBUG] - Defining data type 'half[4]' as 'Half4' and array 'Half4Array
[2026-06-18 02:34:35,633][AutoNode][DEBUG] - Defining data type 'int' as 'Int' and array 'IntArray
[2026-06-18 02:34:35,633][AutoNode][DEBUG] - Defining data type 'int[2]' as 'Int2' and array 'Int2Array
[2026-06-18 02:34:35,633][AutoNode][DEBUG] - Defining data type 'int[3]' as 'Int3' and array 'Int3Array
[2026-06-18 02:34:35,633][AutoNode][DEBUG] - Defining data type 'int[4]' as 'Int4' and array 'Int4Array
[2026-06-18 02:34:35,633][AutoNode][DEBUG] - Defining data type 'int64' as 'Int64' and array 'Int64Array
[2026-06-18 02:34:35,634][AutoNode][DEBUG] - Defining data type 'matrixd[2]' as 'Matrix2d' and array 'Matrix2dArray
[2026-06-18 02:34:35,634][AutoNode][DEBUG] - Defining data type 'matrixd[3]' as 'Matrix3d' and array 'Matrix3dArray
[2026-06-18 02:34:35,634][AutoNode][DEBUG] - Defining data type 'matrixd[4]' as 'Matrix4d' and array 'Matrix4dArray
[2026-06-18 02:34:35,634][AutoNode][DEBUG] - Defining data type 'normald[3]' as 'Normal3d' and array 'Normal3dArray
[2026-06-18 02:34:35,634][AutoNode][DEBUG] - Defining data type 'normalf[3]' as 'Normal3f' and array 'Normal3fArray
[2026-06-18 02:34:35,634][AutoNode][DEBUG] - Defining data type 'normalh[3]' as 'Normal3h' and array 'Normal3hArray
[2026-06-18 02:34:35,634][AutoNode][DEBUG] - Defining data type 'objectId' as 'ObjectId' and array 'ObjectIdArray
[2026-06-18 02:34:35,635][AutoNode][DEBUG] - Defining data type 'path' as 'Path'
[2026-06-18 02:34:35,635][AutoNode][DEBUG] - Defining data type 'pointd[3]' as 'Point3d' and array 'Point3dArray
[2026-06-18 02:34:35,635][AutoNode][DEBUG] - Defining data type 'pointf[3]' as 'Point3f' and array 'Point3fArray
[2026-06-18 02:34:35,635][AutoNode][DEBUG] - Defining data type 'pointh[3]' as 'Point3h' and array 'Point3hArray
[2026-06-18 02:34:35,635][AutoNode][DEBUG] - Defining data type 'quatd[4]' as 'Quatd' and array 'QuatdArray
[2026-06-18 02:34:35,635][AutoNode][DEBUG] - Defining data type 'quatf[4]' as 'Quatf' and array 'QuatfArray
[2026-06-18 02:34:35,635][AutoNode][DEBUG] - Defining data type 'quath[4]' as 'Quath' and array 'QuathArray
[2026-06-18 02:34:35,635][AutoNode][DEBUG] - Defining data type 'string' as 'String'
[2026-06-18 02:34:35,636][AutoNode][DEBUG] - Defining data type 'target' as 'Target'
[2026-06-18 02:34:35,636][AutoNode][DEBUG] - Defining data type 'texcoordd[2]' as 'TexCoord2d' and array 'TexCoord2dArray
[2026-06-18 02:34:35,636][AutoNode][DEBUG] - Defining data type 'texcoordf[2]' as 'TexCoord2f' and array 'TexCoord2fArray
[2026-06-18 02:34:35,636][AutoNode][DEBUG] - Defining data type 'texcoordh[2]' as 'TexCoord2h' and array 'TexCoord2hArray
[2026-06-18 02:34:35,636][AutoNode][DEBUG] - Defining data type 'texcoordd[3]' as 'TexCoord3d' and array 'TexCoord3dArray
[2026-06-18 02:34:35,636][AutoNode][DEBUG] - Defining data type 'texcoordf[3]' as 'TexCoord3f' and array 'TexCoord3fArray
[2026-06-18 02:34:35,636][AutoNode][DEBUG] - Defining data type 'texcoordh[3]' as 'TexCoord3h' and array 'TexCoord3hArray
[2026-06-18 02:34:35,636][AutoNode][DEBUG] - Defining data type 'timecode' as 'Timecode' and array 'TimecodeArray
[2026-06-18 02:34:35,637][AutoNode][DEBUG] - Defining data type 'token' as 'Token' and array 'TokenArray
[2026-06-18 02:34:35,637][AutoNode][DEBUG] - Defining data type 'uchar' as 'UChar' and array 'UCharArray
[2026-06-18 02:34:35,637][AutoNode][DEBUG] - Defining data type 'uint' as 'UInt' and array 'UIntArray
[2026-06-18 02:34:35,637][AutoNode][DEBUG] - Defining data type 'uint64' as 'UInt64' and array 'UInt64Array
[2026-06-18 02:34:35,637][AutoNode][DEBUG] - Defining data type 'vectord[3]' as 'Vector3d' and array 'Vector3dArray
[2026-06-18 02:34:35,637][AutoNode][DEBUG] - Defining data type 'vectorf[3]' as 'Vector3f' and array 'Vector3fArray
[2026-06-18 02:34:35,637][AutoNode][DEBUG] - Defining data type 'vectorh[3]' as 'Vector3h' and array 'Vector3hArray
Loading user config located at: '/isaac-sim/kit/data/Kit/IsaacLab/3.0/user.config.json'
[Info] [carb] Logging to file: /isaac-sim/kit/logs/Kit/IsaacLab/3.0/kit_20260618_023420.log
2026-06-18T02:34:20Z [18ms] [Warning] [omni.ext.plugin] [ext: isaaclab_visualizers] Extensions config 'extension.toml' doesn't exist '/workspace/isaaclab/source/isaaclab_visualizers' or '/workspace/isaaclab/source/isaaclab_visualizers/config'

|---------------------------------------------------------------------------------------------|
| Driver Version: 580.159.03    | Graphics API: Vulkan
|=============================================================================================|
| GPU | Name                             | Active | LDA | GPU Memory | Vendor-ID | LUID       |
|     |                                  |        |     |            | Device-ID | UUID       |
|     |                                  |        |     |            | Bus-ID    |            |
|---------------------------------------------------------------------------------------------|
| 0   | NVIDIA GeForce RTX 2070          | Yes: 0 |     | 8438    MB | 10de      | 0          |
|     |                                  |        |     |            | 1f14      | a951febe.. |
|     |                                  |        |     |            | 1         |            |
|=============================================================================================|
| OS: 24.04.4 LTS (Noble Numbat) ubuntu, Version: 24.04.4, Kernel: 6.17.0-35-generic
| XServer Vendor: The X.Org Foundation, XServer Version: 12101011 (1.21.1.11)
| Processor: Intel(R) Core(TM) i7-10750H CPU @ 2.60GHz
| Cores: 6 | Logical Cores: 12
|---------------------------------------------------------------------------------------------|
| Total Memory (MB): 31854 | Free Memory: 24404
| Total Page/Swap (MB): 8191 | Free Page/Swap: 5365
|---------------------------------------------------------------------------------------------|
2026-06-18T02:34:22Z [1,619ms] [Warning] [gpu.foundation.plugin] CPU performance profile is set to powersave. This profile sets the CPU to the lowest frequency reducing performance.
2026-06-18T02:34:22Z [1,627ms] [Warning] [gpu.foundation.plugin] PCIe link width current (8) and maximum (16) for device 0 don't match.
2026-06-18T02:34:34Z [14,081ms] [Warning] [omni.log] Source: omni.hydra was already registered.
OmniReplicatorNvExtension starting up (ext_id: omni.replicator.nv-1.1.0).
2026-06-18T02:34:35Z [15,350ms] [Warning] [pxr.Semantics] pxr.Semantics is deprecated - please use Semantics instead
2026-06-18T02:34:36Z [15,510ms] [Warning] [omni.replicator.core.scripts.extension] No material configuration file, adding configuration to material settings directly.
2026-06-18T02:34:37Z [16,902ms] [Warning] [omni.usd] Encountered USD Warnings but USD Diagnostics are currently muted. To view USD Warnings, please set the '/persistent/app/usd/muteUsdDiagnostics' setting to false in Preferences page.
2026-06-18T02:34:39Z [18,385ms] [Warning] [omni.kit.window.filepicker.collections.collection_item] Failed to add '/root/Documents': '/root/Documents/' as dupliated path in 'Documents'
[WARNING]: The `policy` configuration is deprecated for rsl-rl >= 4.0.0. Please use, e.g., `actor` and `critic` model configurations instead.
[WARNING]: The `policy` configuration is used to infer the `actor` model configuration.
[WARNING]: The `policy` configuration is used to infer the `critic` model configuration.
[WARNING]: The `distribution_cfg` configuration is now used to specify the output distribution for stochastic policies. Consider updating the configuration to use `distribution_cfg` instead of `stochastic`, `init_noise_std`, `noise_std_type`, and `state_dependent_std` parameters.
[INFO] Loading experiment from directory: /workspace/Ankybot_v2/logs/rsl_rl/ankybot_v2
[2026-06-18 02:34:41,702][isaaclab_physx.physics.physx_manager][WARNING] - TGS solver with enable_external_forces_every_iteration=False may cause noisy velocities.
[INFO]: Base environment:
	Environment device    : cuda:0
	Environment seed      : 42
	Physics step-size     : 0.002
	Rendering step-size   : 0.002
	Environment step-size : 0.01
[2026-06-18 02:34:41,915][isaaclab.envs.manager_based_env][WARNING] - The render interval (1.0) is smaller than the decimation (5). Multiple render calls will happen for each environment step. If this is not intended, set the render interval to be equal to the decimation.
2026-06-18T02:34:40Z [20,153ms] [Warning] [omni.kit.menu.utils.layout] Multiple matching items found for layout "Physics". Found Create, Window. Change <<class 'omni.kit.menu.utils.layout.MenuLayout.SubMenu'> name:Physics> to use specific source. Using "source="Create/Physics""
2026-06-18T02:34:41Z [21,080ms] [Warning] [isaaclab_physx.physics.physx_manager] TGS solver with enable_external_forces_every_iteration=False may cause noisy velocities.
2026-06-18T02:34:41Z [21,294ms] [Warning] [isaaclab.envs.manager_based_env] The render interval (1.0) is smaller than the decimation (5). Multiple render calls will happen for each environment step. If this is not intended, set the render interval to be equal to the decimation.
2026-06-18T02:34:44Z [23,473ms] [Warning] [omni.fabric.plugin] Warning: attribute material:binding not found for path /__Prototype_9139487099088643362/FRHip

2026-06-18T02:34:44Z [24,225ms] [Warning] [isaacsim.core.simulation_manager.impl.simulation_manager] Changing backend from 'numpy' to 'torch' since NumPy cannot be used with GPU piplines
2026-06-18T02:34:45Z [24,629ms] [Warning] [omni.physics.isaacsimready.scripts.variant_switcher] VariantSwitcher: Variant 'physx' not found in variant set 'Physics' on prim '/World/envs/env_102/Robot/FinalURDF_SLDASM'. Available variants: ['None', 'PhysX']
2026-06-18T02:34:45Z [24,629ms] [Warning] [omni.physics.isaacsimready.scripts.variant_switcher] VariantSwitcher: Variant 'physx' not found in variant set 'Physics' on prim '/World/envs/env_27/Robot/FinalURDF_SLDASM'. Available variants: ['None', 'PhysX']
2026-06-18T02:34:45Z [24,629ms] [Warning] [omni.physics.isaacsimready.scripts.variant_switcher] VariantSwitcher: Variant 'physx' not found in variant set 'Physics' on prim '/World/envs/env_2/Robot/FinalURDF_SLDASM'. Available variants: ['None', 'PhysX']
2026-06-18T02:34:45Z [24,629ms] [Warning] [omni.physics.isaacsimready.scripts.variant_switcher] VariantSwitcher: Variant 'physx' not found in variant set 'Physics' on prim '/World/envs/env_71/Robot/FinalURDF_SLDASM'. Available variants: ['None', 'PhysX']
2026-06-18T02:34:45Z [24,630ms] [Warning] [omni.physics.isaacsimready.scripts.variant_switcher] VariantSwitcher: Variant 'physx' not found in variant set 'Physics' on prim '/World/envs/env_91/Robot/FinalURDF_SLDASM'. Available variants: ['None', 'PhysX']
2026-06-18T02:34:45Z [24,630ms] [Warning] [omni.physics.isaacsimready.scripts.variant_switcher] VariantSwitcher: Variant 'physx' not found in variant set 'Physics' on prim '/World/envs/env_108/Robot/FinalURDF_SLDASM'. Available variants: ['None', 'PhysX']
2026-06-18T02:34:45Z [24,630ms] [Warning] [omni.physics.isaacsimready.scripts.variant_switcher] VariantSwitcher: Variant 'physx' not found in variant set 'Physics' on prim '/World/envs/env_13/Robot/FinalURDF_SLDASM'. Available variants: ['None', 'PhysX']
2026-06-18T02:34:45Z [24,630ms] [Warning] [omni.physics.isaacsimready.scripts.variant_switcher] VariantSwitcher: Variant 'physx' not found in variant set 'Physics' on prim '/World/envs/env_105/Robot/FinalURDF_SLDASM'. Available variants: ['None', 'PhysX']
2026-06-18T02:34:45Z [24,630ms] [Warning] [omni.physics.isaacsimready.scripts.variant_switcher] VariantSwitcher: Variant 'physx' not found in variant set 'Physics' on prim '/World/envs/env_67/Robot/FinalURDF_SLDASM'. Available variants: ['None', 'PhysX']
2026-06-18T02:34:45Z [24,630ms] [Warning] [omni.physics.isaacsimready.scripts.variant_switcher] VariantSwitcher: Variant 'physx' not found in variant set 'Physics' on prim '/World/envs/env_37/Robot/FinalURDF_SLDASM'. Available variants: ['None', 'PhysX']
2026-06-18T02:34:45Z [24,630ms] [Warning] [omni.physics.isaacsimready.scripts.variant_switcher] VariantSwitcher: Variant 'physx' not found in variant set 'Physics' on prim '/World/envs/env_117/Robot/FinalURDF_SLDASM'. Available variants: ['None', 'PhysX']
2026-06-18T02:34:45Z [24,630ms] [Warning] [omni.physics.isaacsimready.scripts.variant_switcher] VariantSwitcher: Variant 'physx' not found in variant set 'Physics' on prim '/World/envs/env_26/Robot/FinalURDF_SLDASM'. Available variants: ['None', 'PhysX']
2026-06-18T02:34:45Z [24,630ms] [Warning] [omni.physics.isaacsimready.scripts.variant_switcher] VariantSwitcher: Variant 'physx' not found in variant set 'Physics' on prim '/World/envs/env_97/Robot/FinalURDF_SLDASM'. Available variants: ['None', 'PhysX']
2026-06-18T02:34:45Z [24,630ms] [Warning] [omni.physics.isaacsimready.scripts.variant_switcher] VariantSwitcher: Variant 'physx' not found in variant set 'Physics' on prim '/World/envs/env_7/Robot/FinalURDF_SLDASM'. Available variants: ['None', 'PhysX']
2026-06-18T02:34:45Z [24,630ms] [Warning] [omni.physics.isaacsimready.scripts.variant_switcher] VariantSwitcher: Variant 'physx' not found in variant set 'Physics' on prim '/World/envs/env_90/Robot/FinalURDF_SLDASM'. Available variants: ['None', 'PhysX']
2026-06-18T02:34:45Z [24,630ms] [Warning] [omni.physics.isaacsimready.scripts.variant_switcher] VariantSwitcher: Variant 'physx' not found in variant set 'Physics' on prim '/World/envs/env_124/Robot/FinalURDF_SLDASM'. Available variants: ['None', 'PhysX']
2026-06-18T02:34:45Z [24,630ms] [Warning] [omni.physics.isaacsimready.scripts.variant_switcher] VariantSwitcher: Variant 'physx' not found in variant set 'Physics' on prim '/World/envs/env_61/Robot/FinalURDF_SLDASM'. Available variants: ['None', 'PhysX']
2026-06-18T02:34:45Z [24,631ms] [Warning] [omni.physics.isaacsimready.scripts.variant_switcher] VariantSwitcher: Variant 'physx' not found in variant set 'Physics' on prim '/World/envs/env_43/Robot/FinalURDF_SLDASM'. Available variants: ['None', 'PhysX']
2026-06-18T02:34:45Z [24,631ms] [Warning] [omni.physics.isaacsimready.scripts.variant_switcher] VariantSwitcher: Variant 'physx' not found in variant set 'Physics' on prim '/World/envs/env_40/Robot/FinalURDF_SLDASM'. Available variants: ['None', 'PhysX']
2026-06-18T02:34:45Z [24,631ms] [Warning] [omni.physics.isaacsimready.scripts.variant_switcher] VariantSwitcher: Variant 'physx' not found in variant set 'Physics' on prim '/World/envs/env_32/Robot/FinalURDF_SLDASM'. Available variants: ['None', 'PhysX']
2026-06-18T02:34:45Z [24,631ms] [Warning] [omni.physics.isaacsimready.scripts.variant_switcher] VariantSwitcher: Variant 'physx' not found in variant set 'Physics' on prim '/World/envs/env_80/Robot/FinalURDF_SLDASM'. Available variants: ['None', 'PhysX']
2026-06-18T02:34:45Z [24,631ms] [Warning] [omni.physics.isaacsimready.scripts.variant_switcher] VariantSwitcher: Variant 'physx' not found in variant set 'Physics' on prim '/World/envs/env_24/Robot/FinalURDF_SLDASM'. Available variants: ['None', 'PhysX']
2026-06-18T02:34:45Z [24,631ms] [Warning] [omni.physics.isaacsimready.scripts.variant_switcher] VariantSwitcher: Variant 'physx' not found in variant set 'Physics' on prim '/World/envs/env_88/Robot/FinalURDF_SLDASM'. Available variants: ['None', 'PhysX']
2026-06-18T02:34:45Z [24,631ms] [Warning] [omni.physics.isaacsimready.scripts.variant_switcher] VariantSwitcher: Variant 'physx' not found in variant set 'Physics' on prim '/World/envs/env_87/Robot/FinalURDF_SLDASM'. Available variants: ['None', 'PhysX']
2026-06-18T02:34:45Z [24,631ms] [Warning] [omni.physics.isaacsimready.scripts.variant_switcher] VariantSwitcher: Variant 'physx' not found in variant set 'Physics' on prim '/World/envs/env_17/Robot/FinalURDF_SLDASM'. Available variants: ['None', 'PhysX']
2026-06-18T02:34:45Z [24,631ms] [Warning] [omni.physics.isaacsimready.scripts.variant_switcher] VariantSwitcher: Variant 'physx' not found in variant set 'Physics' on prim '/World/envs/env_52/Robot/FinalURDF_SLDASM'. Available variants: ['None', 'PhysX']
2026-06-18T02:34:45Z [24,631ms] [Warning] [omni.physics.isaacsimready.scripts.variant_switcher] VariantSwitcher: Variant 'physx' not found in variant set 'Physics' on prim '/World/envs/env_68/Robot/FinalURDF_SLDASM'. Available variants: ['None', 'PhysX']
2026-06-18T02:34:45Z [24,631ms] [Warning] [omni.physics.isaacsimready.scripts.variant_switcher] VariantSwitcher: Variant 'physx' not found in variant set 'Physics' on prim '/World/envs/env_8/Robot/FinalURDF_SLDASM'. Available variants: ['None', 'PhysX']
2026-06-18T02:34:45Z [24,631ms] [Warning] [omni.physics.isaacsimready.scripts.variant_switcher] VariantSwitcher: Variant 'physx' not found in variant set 'Physics' on prim '/World/envs/env_82/Robot/FinalURDF_SLDASM'. Available variants: ['None', 'PhysX']
2026-06-18T02:34:45Z [24,631ms] [Warning] [omni.physics.isaacsimready.scripts.variant_switcher] VariantSwitcher: Variant 'physx' not found in variant set 'Physics' on prim '/World/envs/env_85/Robot/FinalURDF_SLDASM'. Available variants: ['None', 'PhysX']
2026-06-18T02:34:45Z [24,631ms] [Warning] [omni.physics.isaacsimready.scripts.variant_switcher] VariantSwitcher: Variant 'physx' not found in variant set 'Physics' on prim '/World/envs/env_22/Robot/FinalURDF_SLDASM'. Available variants: ['None', 'PhysX']
2026-06-18T02:34:45Z [24,631ms] [Warning] [omni.physics.isaacsimready.scripts.variant_switcher] VariantSwitcher: Variant 'physx' not found in variant set 'Physics' on prim '/World/envs/env_86/Robot/FinalURDF_SLDASM'. Available variants: ['None', 'PhysX']
2026-06-18T02:34:45Z [24,632ms] [Warning] [omni.physics.isaacsimready.scripts.variant_switcher] VariantSwitcher: Variant 'physx' not found in variant set 'Physics' on prim '/World/envs/env_19/Robot/FinalURDF_SLDASM'. Available variants: ['None', 'PhysX']
2026-06-18T02:34:45Z [24,632ms] [Warning] [omni.physics.isaacsimready.scripts.variant_switcher] VariantSwitcher: Variant 'physx' not found in variant set 'Physics' on prim '/World/envs/env_73/Robot/FinalURDF_SLDASM'. Available variants: ['None', 'PhysX']
2026-06-18T02:34:45Z [24,632ms] [Warning] [omni.physics.isaacsimready.scripts.variant_switcher] VariantSwitcher: Variant 'physx' not found in variant set 'Physics' on prim '/World/envs/env_31/Robot/FinalURDF_SLDASM'. Available variants: ['None', 'PhysX']
2026-06-18T02:34:45Z [24,632ms] [Warning] [omni.physics.isaacsimready.scripts.variant_switcher] VariantSwitcher: Variant 'physx' not found in variant set 'Physics' on prim '/World/envs/env_20/Robot/FinalURDF_SLDASM'. Available variants: ['None', 'PhysX']
2026-06-18T02:34:45Z [24,632ms] [Warning] [omni.physics.isaacsimready.scripts.variant_switcher] VariantSwitcher: Variant 'physx' not found in variant set 'Physics' on prim '/World/envs/env_45/Robot/FinalURDF_SLDASM'. Available variants: ['None', 'PhysX']
2026-06-18T02:34:45Z [24,632ms] [Warning] [omni.physics.isaacsimready.scripts.variant_switcher] VariantSwitcher: Variant 'physx' not found in variant set 'Physics' on prim '/World/envs/env_112/Robot/FinalURDF_SLDASM'. Available variants: ['None', 'PhysX']
2026-06-18T02:34:45Z [24,632ms] [Warning] [omni.physics.isaacsimready.scripts.variant_switcher] VariantSwitcher: Variant 'physx' not found in variant set 'Physics' on prim '/World/envs/env_95/Robot/FinalURDF_SLDASM'. Available variants: ['None', 'PhysX']
2026-06-18T02:34:45Z [24,632ms] [Warning] [omni.physics.isaacsimready.scripts.variant_switcher] VariantSwitcher: Variant 'physx' not found in variant set 'Physics' on prim '/World/envs/env_100/Robot/FinalURDF_SLDASM'. Available variants: ['None', 'PhysX']
2026-06-18T02:34:45Z [24,632ms] [Warning] [omni.physics.isaacsimready.scripts.variant_switcher] VariantSwitcher: Variant 'physx' not found in variant set 'Physics' on prim '/World/envs/env_9/Robot/FinalURDF_SLDASM'. Available variants: ['None', 'PhysX']
2026-06-18T02:34:45Z [24,632ms] [Warning] [omni.physics.isaacsimready.scripts.variant_switcher] VariantSwitcher: Variant 'physx' not found in variant set 'Physics' on prim '/World/envs/env_39/Robot/FinalURDF_SLDASM'. Available variants: ['None', 'PhysX']
2026-06-18T02:34:45Z [24,632ms] [Warning] [omni.physics.isaacsimready.scripts.variant_switcher] VariantSwitcher: Variant 'physx' not found in variant set 'Physics' on prim '/World/envs/env_125/Robot/FinalURDF_SLDASM'. Available variants: ['None', 'PhysX']
2026-06-18T02:34:45Z [24,632ms] [Warning] [omni.physics.isaacsimready.scripts.variant_switcher] VariantSwitcher: Variant 'physx' not found in variant set 'Physics' on prim '/World/envs/env_114/Robot/FinalURDF_SLDASM'. Available variants: ['None', 'PhysX']
2026-06-18T02:34:45Z [24,632ms] [Warning] [omni.physics.isaacsimready.scripts.variant_switcher] VariantSwitcher: Variant 'physx' not found in variant set 'Physics' on prim '/World/envs/env_118/Robot/FinalURDF_SLDASM'. Available variants: ['None', 'PhysX']
2026-06-18T02:34:45Z [24,632ms] [Warning] [omni.physics.isaacsimready.scripts.variant_switcher] VariantSwitcher: Variant 'physx' not found in variant set 'Physics' on prim '/World/envs/env_30/Robot/FinalURDF_SLDASM'. Available variants: ['None', 'PhysX']
2026-06-18T02:34:45Z [24,633ms] [Warning] [omni.physics.isaacsimready.scripts.variant_switcher] VariantSwitcher: Variant 'physx' not found in variant set 'Physics' on prim '/World/envs/env_57/Robot/FinalURDF_SLDASM'. Available variants: ['None', 'PhysX']
2026-06-18T02:34:45Z [24,633ms] [Warning] [omni.physics.isaacsimready.scripts.variant_switcher] VariantSwitcher: Variant 'physx' not found in variant set 'Physics' on prim '/World/envs/env_109/Robot/FinalURDF_SLDASM'. Available variants: ['None', 'PhysX']
2026-06-18T02:34:45Z [24,633ms] [Warning] [omni.physics.isaacsimready.scripts.variant_switcher] VariantSwitcher: Variant 'physx' not found in variant set 'Physics' on prim '/World/envs/env_94/Robot/FinalURDF_SLDASM'. Available variants: ['None', 'PhysX']
2026-06-18T02:34:45Z [24,633ms] [Warning] [omni.physics.isaacsimready.scripts.variant_switcher] VariantSwitcher: Variant 'physx' not found in variant set 'Physics' on prim '/World/envs/env_99/Robot/FinalURDF_SLDASM'. Available variants: ['None', 'PhysX']
2026-06-18T02:34:45Z [24,633ms] [Warning] [omni.physics.isaacsimready.scripts.variant_switcher] VariantSwitcher: Variant 'physx' not found in variant set 'Physics' on prim '/World/envs/env_5/Robot/FinalURDF_SLDASM'. Available variants: ['None', 'PhysX']
2026-06-18T02:34:45Z [24,633ms] [Warning] [omni.physics.isaacsimready.scripts.variant_switcher] VariantSwitcher: Variant 'physx' not found in variant set 'Physics' on prim '/World/envs/env_55/Robot/FinalURDF_SLDASM'. Available variants: ['None', 'PhysX']
2026-06-18T02:34:45Z [24,633ms] [Warning] [omni.physics.isaacsimready.scripts.variant_switcher] VariantSwitcher: Variant 'physx' not found in variant set 'Physics' on prim '/World/envs/env_51/Robot/FinalURDF_SLDASM'. Available variants: ['None', 'PhysX']
2026-06-18T02:34:45Z [24,633ms] [Warning] [omni.physics.isaacsimready.scripts.variant_switcher] VariantSwitcher: Variant 'physx' not found in variant set 'Physics' on prim '/World/envs/env_38/Robot/FinalURDF_SLDASM'. Available variants: ['None', 'PhysX']
2026-06-18T02:34:45Z [24,633ms] [Warning] [omni.physics.isaacsimready.scripts.variant_switcher] VariantSwitcher: Variant 'physx' not found in variant set 'Physics' on prim '/World/envs/env_34/Robot/FinalURDF_SLDASM'. Available variants: ['None', 'PhysX']
2026-06-18T02:34:45Z [24,633ms] [Warning] [omni.physics.isaacsimready.scripts.variant_switcher] VariantSwitcher: Variant 'physx' not found in variant set 'Physics' on prim '/World/envs/env_60/Robot/FinalURDF_SLDASM'. Available variants: ['None', 'PhysX']
2026-06-18T02:34:45Z [24,633ms] [Warning] [omni.physics.isaacsimready.scripts.variant_switcher] VariantSwitcher: Variant 'physx' not found in variant set 'Physics' on prim '/World/envs/env_41/Robot/FinalURDF_SLDASM'. Available variants: ['None', 'PhysX']
2026-06-18T02:34:45Z [24,633ms] [Warning] [omni.physics.isaacsimready.scripts.variant_switcher] VariantSwitcher: Variant 'physx' not found in variant set 'Physics' on prim '/World/envs/env_98/Robot/FinalURDF_SLDASM'. Available variants: ['None', 'PhysX']
2026-06-18T02:34:45Z [24,633ms] [Warning] [omni.physics.isaacsimready.scripts.variant_switcher] VariantSwitcher: Variant 'physx' not found in variant set 'Physics' on prim '/World/envs/env_12/Robot/FinalURDF_SLDASM'. Available variants: ['None', 'PhysX']
2026-06-18T02:34:45Z [24,633ms] [Warning] [omni.physics.isaacsimready.scripts.variant_switcher] VariantSwitcher: Variant 'physx' not found in variant set 'Physics' on prim '/World/envs/env_6/Robot/FinalURDF_SLDASM'. Available variants: ['None', 'PhysX']
2026-06-18T02:34:45Z [24,634ms] [Warning] [omni.physics.isaacsimready.scripts.variant_switcher] VariantSwitcher: Variant 'physx' not found in variant set 'Physics' on prim '/World/envs/env_77/Robot/FinalURDF_SLDASM'. Available variants: ['None', 'PhysX']
2026-06-18T02:34:45Z [24,634ms] [Warning] [omni.physics.isaacsimready.scripts.variant_switcher] VariantSwitcher: Variant 'physx' not found in variant set 'Physics' on prim '/World/envs/env_113/Robot/FinalURDF_SLDASM'. Available variants: ['None', 'PhysX']
2026-06-18T02:34:45Z [24,634ms] [Warning] [omni.physics.isaacsimready.scripts.variant_switcher] VariantSwitcher: Variant 'physx' not found in variant set 'Physics' on prim '/World/envs/env_33/Robot/FinalURDF_SLDASM'. Available variants: ['None', 'PhysX']
2026-06-18T02:34:45Z [24,634ms] [Warning] [omni.physics.isaacsimready.scripts.variant_switcher] VariantSwitcher: Variant 'physx' not found in variant set 'Physics' on prim '/World/envs/env_119/Robot/FinalURDF_SLDASM'. Available variants: ['None', 'PhysX']
2026-06-18T02:34:45Z [24,634ms] [Warning] [omni.physics.isaacsimready.scripts.variant_switcher] VariantSwitcher: Variant 'physx' not found in variant set 'Physics' on prim '/World/envs/env_58/Robot/FinalURDF_SLDASM'. Available variants: ['None', 'PhysX']
2026-06-18T02:34:45Z [24,634ms] [Warning] [omni.physics.isaacsimready.scripts.variant_switcher] VariantSwitcher: Variant 'physx' not found in variant set 'Physics' on prim '/World/envs/env_46/Robot/FinalURDF_SLDASM'. Available variants: ['None', 'PhysX']
2026-06-18T02:34:45Z [24,634ms] [Warning] [omni.physics.isaacsimready.scripts.variant_switcher] VariantSwitcher: Variant 'physx' not found in variant set 'Physics' on prim '/World/envs/env_115/Robot/FinalURDF_SLDASM'. Available variants: ['None', 'PhysX']
2026-06-18T02:34:45Z [24,634ms] [Warning] [omni.physics.isaacsimready.scripts.variant_switcher] VariantSwitcher: Variant 'physx' not found in variant set 'Physics' on prim '/World/envs/env_1/Robot/FinalURDF_SLDASM'. Available variants: ['None', 'PhysX']
2026-06-18T02:34:45Z [24,634ms] [Warning] [omni.physics.isaacsimready.scripts.variant_switcher] VariantSwitcher: Variant 'physx' not found in variant set 'Physics' on prim '/World/envs/env_78/Robot/FinalURDF_SLDASM'. Available variants: ['None', 'PhysX']
2026-06-18T02:34:45Z [24,634ms] [Warning] [omni.physics.isaacsimready.scripts.variant_switcher] VariantSwitcher: Variant 'physx' not found in variant set 'Physics' on prim '/World/envs/env_14/Robot/FinalURDF_SLDASM'. Available variants: ['None', 'PhysX']
2026-06-18T02:34:45Z [24,634ms] [Warning] [omni.physics.isaacsimready.scripts.variant_switcher] VariantSwitcher: Variant 'physx' not found in variant set 'Physics' on prim '/World/envs/env_79/Robot/FinalURDF_SLDASM'. Available variants: ['None', 'PhysX']
2026-06-18T02:34:45Z [24,634ms] [Warning] [omni.physics.isaacsimready.scripts.variant_switcher] VariantSwitcher: Variant 'physx' not found in variant set 'Physics' on prim '/World/envs/env_25/Robot/FinalURDF_SLDASM'. Available variants: ['None', 'PhysX']
2026-06-18T02:34:45Z [24,634ms] [Warning] [omni.physics.isaacsimready.scripts.variant_switcher] VariantSwitcher: Variant 'physx' not found in variant set 'Physics' on prim '/World/envs/env_0/Robot/FinalURDF_SLDASM'. Available variants: ['None', 'PhysX']
2026-06-18T02:34:45Z [24,634ms] [Warning] [omni.physics.isaacsimready.scripts.variant_switcher] VariantSwitcher: Variant 'physx' not found in variant set 'Physics' on prim '/World/envs/env_89/Robot/FinalURDF_SLDASM'. Available variants: ['None', 'PhysX']
2026-06-18T02:34:45Z [24,635ms] [Warning] [omni.physics.isaacsimready.scripts.variant_switcher] VariantSwitcher: Variant 'physx' not found in variant set 'Physics' on prim '/World/envs/env_101/Robot/FinalURDF_SLDASM'. Available variants: ['None', 'PhysX']
2026-06-18T02:34:45Z [24,635ms] [Warning] [omni.physics.isaacsimready.scripts.variant_switcher] VariantSwitcher: Variant 'physx' not found in variant set 'Physics' on prim '/World/envs/env_48/Robot/FinalURDF_SLDASM'. Available variants: ['None', 'PhysX']
2026-06-18T02:34:45Z [24,635ms] [Warning] [omni.physics.isaacsimready.scripts.variant_switcher] VariantSwitcher: Variant 'physx' not found in variant set 'Physics' on prim '/World/envs/env_56/Robot/FinalURDF_SLDASM'. Available variants: ['None', 'PhysX']
2026-06-18T02:34:45Z [24,635ms] [Warning] [omni.physics.isaacsimready.scripts.variant_switcher] VariantSwitcher: Variant 'physx' not found in variant set 'Physics' on prim '/World/envs/env_15/Robot/FinalURDF_SLDASM'. Available variants: ['None', 'PhysX']
2026-06-18T02:34:45Z [24,635ms] [Warning] [omni.physics.isaacsimready.scripts.variant_switcher] VariantSwitcher: Variant 'physx' not found in variant set 'Physics' on prim '/World/envs/env_64/Robot/FinalURDF_SLDASM'. Available variants: ['None', 'PhysX']
2026-06-18T02:34:45Z [24,635ms] [Warning] [omni.physics.isaacsimready.scripts.variant_switcher] VariantSwitcher: Variant 'physx' not found in variant set 'Physics' on prim '/World/envs/env_3/Robot/FinalURDF_SLDASM'. Available variants: ['None', 'PhysX']
2026-06-18T02:34:45Z [24,635ms] [Warning] [omni.physics.isaacsimready.scripts.variant_switcher] VariantSwitcher: Variant 'physx' not found in variant set 'Physics' on prim '/World/envs/env_72/Robot/FinalURDF_SLDASM'. Available variants: ['None', 'PhysX']
2026-06-18T02:34:45Z [24,635ms] [Warning] [omni.physics.isaacsimready.scripts.variant_switcher] VariantSwitcher: Variant 'physx' not found in variant set 'Physics' on prim '/World/envs/env_127/Robot/FinalURDF_SLDASM'. Available variants: ['None', 'PhysX']
2026-06-18T02:34:45Z [24,635ms] [Warning] [omni.physics.isaacsimready.scripts.variant_switcher] VariantSwitcher: Variant 'physx' not found in variant set 'Physics' on prim '/World/envs/env_110/Robot/FinalURDF_SLDASM'. Available variants: ['None', 'PhysX']
2026-06-18T02:34:45Z [24,635ms] [Warning] [omni.physics.isaacsimready.scripts.variant_switcher] VariantSwitcher: Variant 'physx' not found in variant set 'Physics' on prim '/World/envs/env_81/Robot/FinalURDF_SLDASM'. Available variants: ['None', 'PhysX']
2026-06-18T02:34:45Z [24,635ms] [Warning] [omni.physics.isaacsimready.scripts.variant_switcher] VariantSwitcher: Variant 'physx' not found in variant set 'Physics' on prim '/World/envs/env_54/Robot/FinalURDF_SLDASM'. Available variants: ['None', 'PhysX']
2026-06-18T02:34:45Z [24,635ms] [Warning] [omni.physics.isaacsimready.scripts.variant_switcher] VariantSwitcher: Variant 'physx' not found in variant set 'Physics' on prim '/World/envs/env_16/Robot/FinalURDF_SLDASM'. Available variants: ['None', 'PhysX']
2026-06-18T02:34:45Z [24,635ms] [Warning] [omni.physics.isaacsimready.scripts.variant_switcher] VariantSwitcher: Variant 'physx' not found in variant set 'Physics' on prim '/World/envs/env_23/Robot/FinalURDF_SLDASM'. Available variants: ['None', 'PhysX']
2026-06-18T02:34:45Z [24,635ms] [Warning] [omni.physics.isaacsimready.scripts.variant_switcher] VariantSwitcher: Variant 'physx' not found in variant set 'Physics' on prim '/World/envs/env_50/Robot/FinalURDF_SLDASM'. Available variants: ['None', 'PhysX']
2026-06-18T02:34:45Z [24,636ms] [Warning] [omni.physics.isaacsimready.scripts.variant_switcher] VariantSwitcher: Variant 'physx' not found in variant set 'Physics' on prim '/World/envs/env_96/Robot/FinalURDF_SLDASM'. Available variants: ['None', 'PhysX']
2026-06-18T02:34:45Z [24,636ms] [Warning] [omni.physics.isaacsimready.scripts.variant_switcher] VariantSwitcher: Variant 'physx' not found in variant set 'Physics' on prim '/World/envs/env_36/Robot/FinalURDF_SLDASM'. Available variants: ['None', 'PhysX']
2026-06-18T02:34:45Z [24,636ms] [Warning] [omni.physics.isaacsimready.scripts.variant_switcher] VariantSwitcher: Variant 'physx' not found in variant set 'Physics' on prim '/World/envs/env_83/Robot/FinalURDF_SLDASM'. Available variants: ['None', 'PhysX']
2026-06-18T02:34:45Z [24,636ms] [Warning] [omni.physics.isaacsimready.scripts.variant_switcher] VariantSwitcher: Variant 'physx' not found in variant set 'Physics' on prim '/World/envs/env_122/Robot/FinalURDF_SLDASM'. Available variants: ['None', 'PhysX']
2026-06-18T02:34:45Z [24,636ms] [Warning] [omni.physics.isaacsimready.scripts.variant_switcher] VariantSwitcher: Variant 'physx' not found in variant set 'Physics' on prim '/World/envs/env_107/Robot/FinalURDF_SLDASM'. Available variants: ['None', 'PhysX']
2026-06-18T02:34:45Z [24,636ms] [Warning] [omni.physics.isaacsimready.scripts.variant_switcher] VariantSwitcher: Variant 'physx' not found in variant set 'Physics' on prim '/World/envs/env_21/Robot/FinalURDF_SLDASM'. Available variants: ['None', 'PhysX']
2026-06-18T02:34:45Z [24,636ms] [Warning] [omni.physics.isaacsimready.scripts.variant_switcher] VariantSwitcher: Variant 'physx' not found in variant set 'Physics' on prim '/World/envs/env_104/Robot/FinalURDF_SLDASM'. Available variants: ['None', 'PhysX']
2026-06-18T02:34:45Z [24,636ms] [Warning] [omni.physics.isaacsimready.scripts.variant_switcher] VariantSwitcher: Variant 'physx' not found in variant set 'Physics' on prim '/World/envs/env_18/Robot/FinalURDF_SLDASM'. Available variants: ['None', 'PhysX']
2026-06-18T02:34:45Z [24,636ms] [Warning] [omni.physics.isaacsimready.scripts.variant_switcher] VariantSwitcher: Variant 'physx' not found in variant set 'Physics' on prim '/World/envs/env_84/Robot/FinalURDF_SLDASM'. Available variants: ['None', 'PhysX']
2026-06-18T02:34:45Z [24,636ms] [Warning] [omni.physics.isaacsimready.scripts.variant_switcher] VariantSwitcher: Variant 'physx' not found in variant set 'Physics' on prim '/World/envs/env_59/Robot/FinalURDF_SLDASM'. Available variants: ['None', 'PhysX']
2026-06-18T02:34:45Z [24,636ms] [Warning] [omni.physics.isaacsimready.scripts.variant_switcher] VariantSwitcher: Variant 'physx' not found in variant set 'Physics' on prim '/World/envs/env_4/Robot/FinalURDF_SLDASM'. Available variants: ['None', 'PhysX']
2026-06-18T02:34:45Z [24,636ms] [Warning] [omni.physics.isaacsimready.scripts.variant_switcher] VariantSwitcher: Variant 'physx' not found in variant set 'Physics' on prim '/World/envs/env_65/Robot/FinalURDF_SLDASM'. Available variants: ['None', 'PhysX']
2026-06-18T02:34:45Z [24,636ms] [Warning] [omni.physics.isaacsimready.scripts.variant_switcher] VariantSwitcher: Variant 'physx' not found in variant set 'Physics' on prim '/World/envs/env_120/Robot/FinalURDF_SLDASM'. Available variants: ['None', 'PhysX']
2026-06-18T02:34:45Z [24,636ms] [Warning] [omni.physics.isaacsimready.scripts.variant_switcher] VariantSwitcher: Variant 'physx' not found in variant set 'Physics' on prim '/World/envs/env_62/Robot/FinalURDF_SLDASM'. Available variants: ['None', 'PhysX']
2026-06-18T02:34:45Z [24,636ms] [Warning] [omni.physics.isaacsimready.scripts.variant_switcher] VariantSwitcher: Variant 'physx' not found in variant set 'Physics' on prim '/World/envs/env_42/Robot/FinalURDF_SLDASM'. Available variants: ['None', 'PhysX']
2026-06-18T02:34:45Z [24,637ms] [Warning] [omni.physics.isaacsimready.scripts.variant_switcher] VariantSwitcher: Variant 'physx' not found in variant set 'Physics' on prim '/World/envs/env_69/Robot/FinalURDF_SLDASM'. Available variants: ['None', 'PhysX']
2026-06-18T02:34:45Z [24,637ms] [Warning] [omni.physics.isaacsimready.scripts.variant_switcher] VariantSwitcher: Variant 'physx' not found in variant set 'Physics' on prim '/World/envs/env_35/Robot/FinalURDF_SLDASM'. Available variants: ['None', 'PhysX']
2026-06-18T02:34:45Z [24,637ms] [Warning] [omni.physics.isaacsimready.scripts.variant_switcher] VariantSwitcher: Variant 'physx' not found in variant set 'Physics' on prim '/World/envs/env_74/Robot/FinalURDF_SLDASM'. Available variants: ['None', 'PhysX']
2026-06-18T02:34:45Z [24,637ms] [Warning] [omni.physics.isaacsimready.scripts.variant_switcher] VariantSwitcher: Variant 'physx' not found in variant set 'Physics' on prim '/World/envs/env_116/Robot/FinalURDF_SLDASM'. Available variants: ['None', 'PhysX']
2026-06-18T02:34:45Z [24,637ms] [Warning] [omni.physics.isaacsimready.scripts.variant_switcher] VariantSwitcher: Variant 'physx' not found in variant set 'Physics' on prim '/World/envs/env_47/Robot/FinalURDF_SLDASM'. Available variants: ['None', 'PhysX']
2026-06-18T02:34:45Z [24,637ms] [Warning] [omni.physics.isaacsimready.scripts.variant_switcher] VariantSwitcher: Variant 'physx' not found in variant set 'Physics' on prim '/World/envs/env_103/Robot/FinalURDF_SLDASM'. Available variants: ['None', 'PhysX']
2026-06-18T02:34:45Z [24,637ms] [Warning] [omni.physics.isaacsimready.scripts.variant_switcher] VariantSwitcher: Variant 'physx' not found in variant set 'Physics' on prim '/World/envs/env_10/Robot/FinalURDF_SLDASM'. Available variants: ['None', 'PhysX']
2026-06-18T02:34:45Z [24,637ms] [Warning] [omni.physics.isaacsimready.scripts.variant_switcher] VariantSwitcher: Variant 'physx' not found in variant set 'Physics' on prim '/World/envs/env_75/Robot/FinalURDF_SLDASM'. Available variants: ['None', 'PhysX']
2026-06-18T02:34:45Z [24,637ms] [Warning] [omni.physics.isaacsimready.scripts.variant_switcher] VariantSwitcher: Variant 'physx' not found in variant set 'Physics' on prim '/World/envs/env_29/Robot/FinalURDF_SLDASM'. Available variants: ['None', 'PhysX']
2026-06-18T02:34:45Z [24,637ms] [Warning] [omni.physics.isaacsimready.scripts.variant_switcher] VariantSwitcher: Variant 'physx' not found in variant set 'Physics' on prim '/World/envs/env_106/Robot/FinalURDF_SLDASM'. Available variants: ['None', 'PhysX']
2026-06-18T02:34:45Z [24,637ms] [Warning] [omni.physics.isaacsimready.scripts.variant_switcher] VariantSwitcher: Variant 'physx' not found in variant set 'Physics' on prim '/World/envs/env_49/Robot/FinalURDF_SLDASM'. Available variants: ['None', 'PhysX']
/workspace/isaaclab/_isaac_sim/kit/python/lib/python3.12/site-packages/rsl_rl/utils/utils.py:220: UserWarning: The observation configuration dictionary 'obs_groups' is empty and thus likely not configured. Consider configuring the 'obs_groups' dictionary explicitly
  warnings.warn(
/workspace/isaaclab/_isaac_sim/kit/python/lib/python3.12/site-packages/rsl_rl/utils/utils.py:251: UserWarning: The observation configuration dictionary 'obs_groups' does not contain the 'actor' key. As an observation group with the name 'policy' was found, this is assumed to be the appropriate observation. Consider adding the 'actor' key to the 'obs_groups' dictionary for clarity. This behavior will be removed in a future version.
  warnings.warn(
/workspace/isaaclab/_isaac_sim/kit/python/lib/python3.12/site-packages/rsl_rl/utils/utils.py:251: UserWarning: The observation configuration dictionary 'obs_groups' does not contain the 'critic' key. As an observation group with the name 'policy' was found, this is assumed to be the appropriate observation. Consider adding the 'critic' key to the 'obs_groups' dictionary for clarity. This behavior will be removed in a future version.
  warnings.warn(
/workspace/isaaclab/_isaac_sim/kit/python/lib/python3.12/copyreg.py:99: FutureWarning: `isinstance(treespec, LeafSpec)` is deprecated, use `isinstance(treespec, TreeSpec) and treespec.is_leaf()` instead.
  return cls.__new__(cls, *args)
2026-06-18T02:34:45Z [24,637ms] [Warning] [omni.physics.isaacsimready.scripts.variant_switcher] VariantSwitcher: Variant 'physx' not found in variant set 'Physics' on prim '/World/envs/env_123/Robot/FinalURDF_SLDASM'. Available variants: ['None', 'PhysX']
2026-06-18T02:34:45Z [24,637ms] [Warning] [omni.physics.isaacsimready.scripts.variant_switcher] VariantSwitcher: Variant 'physx' not found in variant set 'Physics' on prim '/World/envs/env_93/Robot/FinalURDF_SLDASM'. Available variants: ['None', 'PhysX']
2026-06-18T02:34:45Z [24,637ms] [Warning] [omni.physics.isaacsimready.scripts.variant_switcher] VariantSwitcher: Variant 'physx' not found in variant set 'Physics' on prim '/World/envs/env_11/Robot/FinalURDF_SLDASM'. Available variants: ['None', 'PhysX']
2026-06-18T02:34:45Z [24,638ms] [Warning] [omni.physics.isaacsimready.scripts.variant_switcher] VariantSwitcher: Variant 'physx' not found in variant set 'Physics' on prim '/World/envs/env_53/Robot/FinalURDF_SLDASM'. Available variants: ['None', 'PhysX']
2026-06-18T02:34:45Z [24,638ms] [Warning] [omni.physics.isaacsimready.scripts.variant_switcher] VariantSwitcher: Variant 'physx' not found in variant set 'Physics' on prim '/World/envs/env_66/Robot/FinalURDF_SLDASM'. Available variants: ['None', 'PhysX']
2026-06-18T02:34:45Z [24,638ms] [Warning] [omni.physics.isaacsimready.scripts.variant_switcher] VariantSwitcher: Variant 'physx' not found in variant set 'Physics' on prim '/World/envs/env_70/Robot/FinalURDF_SLDASM'. Available variants: ['None', 'PhysX']
2026-06-18T02:34:45Z [24,638ms] [Warning] [omni.physics.isaacsimready.scripts.variant_switcher] VariantSwitcher: Variant 'physx' not found in variant set 'Physics' on prim '/World/envs/env_111/Robot/FinalURDF_SLDASM'. Available variants: ['None', 'PhysX']
2026-06-18T02:34:45Z [24,638ms] [Warning] [omni.physics.isaacsimready.scripts.variant_switcher] VariantSwitcher: Variant 'physx' not found in variant set 'Physics' on prim '/World/envs/env_44/Robot/FinalURDF_SLDASM'. Available variants: ['None', 'PhysX']
2026-06-18T02:34:45Z [24,638ms] [Warning] [omni.physics.isaacsimready.scripts.variant_switcher] VariantSwitcher: Variant 'physx' not found in variant set 'Physics' on prim '/World/envs/env_76/Robot/FinalURDF_SLDASM'. Available variants: ['None', 'PhysX']
2026-06-18T02:34:45Z [24,638ms] [Warning] [omni.physics.isaacsimready.scripts.variant_switcher] VariantSwitcher: Variant 'physx' not found in variant set 'Physics' on prim '/World/envs/env_63/Robot/FinalURDF_SLDASM'. Available variants: ['None', 'PhysX']
2026-06-18T02:34:45Z [24,638ms] [Warning] [omni.physics.isaacsimready.scripts.variant_switcher] VariantSwitcher: Variant 'physx' not found in variant set 'Physics' on prim '/World/envs/env_28/Robot/FinalURDF_SLDASM'. Available variants: ['None', 'PhysX']
2026-06-18T02:34:45Z [24,638ms] [Warning] [omni.physics.isaacsimready.scripts.variant_switcher] VariantSwitcher: Variant 'physx' not found in variant set 'Physics' on prim '/World/envs/env_126/Robot/FinalURDF_SLDASM'. Available variants: ['None', 'PhysX']
2026-06-18T02:34:45Z [24,638ms] [Warning] [omni.physics.isaacsimready.scripts.variant_switcher] VariantSwitcher: Variant 'physx' not found in variant set 'Physics' on prim '/World/envs/env_121/Robot/FinalURDF_SLDASM'. Available variants: ['None', 'PhysX']
2026-06-18T02:34:45Z [24,638ms] [Warning] [omni.physics.isaacsimready.scripts.variant_switcher] VariantSwitcher: Variant 'physx' not found in variant set 'Physics' on prim '/World/envs/env_92/Robot/FinalURDF_SLDASM'. Available variants: ['None', 'PhysX']
2026-06-18T02:34:52Z [31,638ms] [Warning] [omni.syntheticdata.plugin] OgnSdPostRenderVarToHost : rendervar copy from texture directly to host buffer is counter-performant. Please use copy from texture to device buffer first.
[INFO] Using Python: "/workspace/isaaclab/_isaac_sim/python.sh"
=== Thu Jun 18 02:46:28 UTC 2026 | DONE  model_3000.pt ===
=== Thu Jun 18 02:46:28 UTC 2026 | START model_2000.pt | 1500 steps ===
[INFO]: Parsing configuration from: Ankybot_v2.tasks.manager_based.ankybot_v2.ankybot_v2_env_cfg:AnkybotV2EnvCfg_PLAY
[INFO]: Parsing configuration from: Ankybot_v2.tasks.manager_based.ankybot_v2.agents.rsl_rl_ppo_cfg:PPORunnerCfg
[2026-06-18 02:46:34,854][isaaclab.app.app_launcher][INFO] - Using device: cuda:0
[2026-06-18 02:46:34,855][isaaclab.app.app_launcher][INFO] - Loading experience file: /workspace/isaaclab/apps/isaaclab.python.rendering.kit
[2026-06-18 02:46:35,832][asyncio][DEBUG] - Using selector: EpollSelector
WARNING: All log messages before absl::InitializeLog() is called are written to STDERR
E0000 00:00:1781750795.888993  301579 descriptor_database.cc:633] File already exists in database: grpc/health/v1/health.proto
W0000 00:00:1781750795.889061  301579 message.cc:301] Protobuf GeneratedMessageFactory: File is already registered: grpc/health/v1/health.proto
[2026-06-18 02:46:42,151][trimesh.util][DEBUG] - falling back to hashlib hashing: `pip install xxhash`for 50x faster cache checks
[2026-06-18 02:46:44,843][AutoNode][DEBUG] - Defining data type 'any' as 'Any'
[2026-06-18 02:46:44,844][AutoNode][DEBUG] - Defining data type 'bool' as 'Bool' and array 'BoolArray
[2026-06-18 02:46:44,844][AutoNode][DEBUG] - Defining data type 'bundle' as 'Bundle'
[2026-06-18 02:46:44,844][AutoNode][DEBUG] - Defining data type 'colord[3]' as 'Color3d' and array 'Color3dArray
[2026-06-18 02:46:44,844][AutoNode][DEBUG] - Defining data type 'colorf[3]' as 'Color3f' and array 'Color3fArray
[2026-06-18 02:46:44,844][AutoNode][DEBUG] - Defining data type 'colorh[3]' as 'Color3h' and array 'Color3hArray
[2026-06-18 02:46:44,844][AutoNode][DEBUG] - Defining data type 'colord[4]' as 'Color4d' and array 'Color4dArray
[2026-06-18 02:46:44,844][AutoNode][DEBUG] - Defining data type 'colorf[4]' as 'Color4f' and array 'Color4fArray
[2026-06-18 02:46:44,845][AutoNode][DEBUG] - Defining data type 'colorh[4]' as 'Color4h' and array 'Color4hArray
[2026-06-18 02:46:44,845][AutoNode][DEBUG] - Defining data type 'double' as 'Double' and array 'DoubleArray
[2026-06-18 02:46:44,845][AutoNode][DEBUG] - Defining data type 'double[2]' as 'Double2' and array 'Double2Array
[2026-06-18 02:46:44,845][AutoNode][DEBUG] - Defining data type 'double[3]' as 'Double3' and array 'Double3Array
[2026-06-18 02:46:44,845][AutoNode][DEBUG] - Defining data type 'double[4]' as 'Double4' and array 'Double4Array
[2026-06-18 02:46:44,845][AutoNode][DEBUG] - Defining data type 'execution' as 'Execution'
[2026-06-18 02:46:44,845][AutoNode][DEBUG] - Defining data type 'float' as 'Float' and array 'FloatArray
[2026-06-18 02:46:44,845][AutoNode][DEBUG] - Defining data type 'float[2]' as 'Float2' and array 'Float2Array
[2026-06-18 02:46:44,846][AutoNode][DEBUG] - Defining data type 'float[3]' as 'Float3' and array 'Float3Array
[2026-06-18 02:46:44,846][AutoNode][DEBUG] - Defining data type 'float[4]' as 'Float4' and array 'Float4Array
[2026-06-18 02:46:44,846][AutoNode][DEBUG] - Defining data type 'frame[4]' as 'Frame' and array 'FrameArray
[2026-06-18 02:46:44,846][AutoNode][DEBUG] - Defining data type 'half' as 'Half' and array 'HalfArray
[2026-06-18 02:46:44,846][AutoNode][DEBUG] - Defining data type 'half[2]' as 'Half2' and array 'Half2Array
[2026-06-18 02:46:44,846][AutoNode][DEBUG] - Defining data type 'half[3]' as 'Half3' and array 'Half3Array
[2026-06-18 02:46:44,846][AutoNode][DEBUG] - Defining data type 'half[4]' as 'Half4' and array 'Half4Array
[2026-06-18 02:46:44,847][AutoNode][DEBUG] - Defining data type 'int' as 'Int' and array 'IntArray
[2026-06-18 02:46:44,847][AutoNode][DEBUG] - Defining data type 'int[2]' as 'Int2' and array 'Int2Array
[2026-06-18 02:46:44,847][AutoNode][DEBUG] - Defining data type 'int[3]' as 'Int3' and array 'Int3Array
[2026-06-18 02:46:44,847][AutoNode][DEBUG] - Defining data type 'int[4]' as 'Int4' and array 'Int4Array
[2026-06-18 02:46:44,847][AutoNode][DEBUG] - Defining data type 'int64' as 'Int64' and array 'Int64Array
[2026-06-18 02:46:44,847][AutoNode][DEBUG] - Defining data type 'matrixd[2]' as 'Matrix2d' and array 'Matrix2dArray
[2026-06-18 02:46:44,847][AutoNode][DEBUG] - Defining data type 'matrixd[3]' as 'Matrix3d' and array 'Matrix3dArray
[2026-06-18 02:46:44,848][AutoNode][DEBUG] - Defining data type 'matrixd[4]' as 'Matrix4d' and array 'Matrix4dArray
[2026-06-18 02:46:44,848][AutoNode][DEBUG] - Defining data type 'normald[3]' as 'Normal3d' and array 'Normal3dArray
[2026-06-18 02:46:44,848][AutoNode][DEBUG] - Defining data type 'normalf[3]' as 'Normal3f' and array 'Normal3fArray
[2026-06-18 02:46:44,848][AutoNode][DEBUG] - Defining data type 'normalh[3]' as 'Normal3h' and array 'Normal3hArray
[2026-06-18 02:46:44,848][AutoNode][DEBUG] - Defining data type 'objectId' as 'ObjectId' and array 'ObjectIdArray
[2026-06-18 02:46:44,848][AutoNode][DEBUG] - Defining data type 'path' as 'Path'
[2026-06-18 02:46:44,849][AutoNode][DEBUG] - Defining data type 'pointd[3]' as 'Point3d' and array 'Point3dArray
[2026-06-18 02:46:44,849][AutoNode][DEBUG] - Defining data type 'pointf[3]' as 'Point3f' and array 'Point3fArray
[2026-06-18 02:46:44,849][AutoNode][DEBUG] - Defining data type 'pointh[3]' as 'Point3h' and array 'Point3hArray
[2026-06-18 02:46:44,849][AutoNode][DEBUG] - Defining data type 'quatd[4]' as 'Quatd' and array 'QuatdArray
[2026-06-18 02:46:44,849][AutoNode][DEBUG] - Defining data type 'quatf[4]' as 'Quatf' and array 'QuatfArray
[2026-06-18 02:46:44,849][AutoNode][DEBUG] - Defining data type 'quath[4]' as 'Quath' and array 'QuathArray
[2026-06-18 02:46:44,849][AutoNode][DEBUG] - Defining data type 'string' as 'String'
[2026-06-18 02:46:44,850][AutoNode][DEBUG] - Defining data type 'target' as 'Target'
[2026-06-18 02:46:44,850][AutoNode][DEBUG] - Defining data type 'texcoordd[2]' as 'TexCoord2d' and array 'TexCoord2dArray
[2026-06-18 02:46:44,850][AutoNode][DEBUG] - Defining data type 'texcoordf[2]' as 'TexCoord2f' and array 'TexCoord2fArray
[2026-06-18 02:46:44,850][AutoNode][DEBUG] - Defining data type 'texcoordh[2]' as 'TexCoord2h' and array 'TexCoord2hArray
[2026-06-18 02:46:44,850][AutoNode][DEBUG] - Defining data type 'texcoordd[3]' as 'TexCoord3d' and array 'TexCoord3dArray
[2026-06-18 02:46:44,850][AutoNode][DEBUG] - Defining data type 'texcoordf[3]' as 'TexCoord3f' and array 'TexCoord3fArray
[2026-06-18 02:46:44,850][AutoNode][DEBUG] - Defining data type 'texcoordh[3]' as 'TexCoord3h' and array 'TexCoord3hArray
[2026-06-18 02:46:44,851][AutoNode][DEBUG] - Defining data type 'timecode' as 'Timecode' and array 'TimecodeArray
[2026-06-18 02:46:44,851][AutoNode][DEBUG] - Defining data type 'token' as 'Token' and array 'TokenArray
[2026-06-18 02:46:44,851][AutoNode][DEBUG] - Defining data type 'uchar' as 'UChar' and array 'UCharArray
[2026-06-18 02:46:44,851][AutoNode][DEBUG] - Defining data type 'uint' as 'UInt' and array 'UIntArray
[2026-06-18 02:46:44,851][AutoNode][DEBUG] - Defining data type 'uint64' as 'UInt64' and array 'UInt64Array
[2026-06-18 02:46:44,851][AutoNode][DEBUG] - Defining data type 'vectord[3]' as 'Vector3d' and array 'Vector3dArray
[2026-06-18 02:46:44,851][AutoNode][DEBUG] - Defining data type 'vectorf[3]' as 'Vector3f' and array 'Vector3fArray
[2026-06-18 02:46:44,852][AutoNode][DEBUG] - Defining data type 'vectorh[3]' as 'Vector3h' and array 'Vector3hArray
Loading user config located at: '/isaac-sim/kit/data/Kit/IsaacLab/3.0/user.config.json'
[Info] [carb] Logging to file: /isaac-sim/kit/logs/Kit/IsaacLab/3.0/kit_20260618_024634.log
2026-06-18T02:46:34Z [7ms] [Warning] [omni.ext.plugin] [ext: isaaclab_visualizers] Extensions config 'extension.toml' doesn't exist '/workspace/isaaclab/source/isaaclab_visualizers' or '/workspace/isaaclab/source/isaaclab_visualizers/config'

|---------------------------------------------------------------------------------------------|
| Driver Version: 580.159.03    | Graphics API: Vulkan
|=============================================================================================|
| GPU | Name                             | Active | LDA | GPU Memory | Vendor-ID | LUID       |
|     |                                  |        |     |            | Device-ID | UUID       |
|     |                                  |        |     |            | Bus-ID    |            |
|---------------------------------------------------------------------------------------------|
| 0   | NVIDIA GeForce RTX 2070          | Yes: 0 |     | 8438    MB | 10de      | 0          |
|     |                                  |        |     |            | 1f14      | a951febe.. |
|     |                                  |        |     |            | 1         |            |
|=============================================================================================|
| OS: 24.04.4 LTS (Noble Numbat) ubuntu, Version: 24.04.4, Kernel: 6.17.0-35-generic
| XServer Vendor: The X.Org Foundation, XServer Version: 12101011 (1.21.1.11)
| Processor: Intel(R) Core(TM) i7-10750H CPU @ 2.60GHz
| Cores: 6 | Logical Cores: 12
|---------------------------------------------------------------------------------------------|
| Total Memory (MB): 31854 | Free Memory: 24100
| Total Page/Swap (MB): 8191 | Free Page/Swap: 5366
|---------------------------------------------------------------------------------------------|
2026-06-18T02:46:36Z [2,049ms] [Warning] [gpu.foundation.plugin] CPU performance profile is set to powersave. This profile sets the CPU to the lowest frequency reducing performance.
2026-06-18T02:46:36Z [2,057ms] [Warning] [gpu.foundation.plugin] PCIe link width current (8) and maximum (16) for device 0 don't match.
2026-06-18T02:46:43Z [8,915ms] [Warning] [omni.log] Source: omni.hydra was already registered.
OmniReplicatorNvExtension starting up (ext_id: omni.replicator.nv-1.1.0).
2026-06-18T02:46:45Z [10,318ms] [Warning] [pxr.Semantics] pxr.Semantics is deprecated - please use Semantics instead
2026-06-18T02:46:45Z [10,490ms] [Warning] [omni.replicator.core.scripts.extension] No material configuration file, adding configuration to material settings directly.
2026-06-18T02:46:46Z [12,006ms] [Warning] [omni.usd] Encountered USD Warnings but USD Diagnostics are currently muted. To view USD Warnings, please set the '/persistent/app/usd/muteUsdDiagnostics' setting to false in Preferences page.
2026-06-18T02:46:48Z [13,676ms] [Warning] [omni.kit.window.filepicker.collections.collection_item] Failed to add '/root/Documents': '/root/Documents/' as dupliated path in 'Documents'
[WARNING]: The `policy` configuration is deprecated for rsl-rl >= 4.0.0. Please use, e.g., `actor` and `critic` model configurations instead.
[WARNING]: The `policy` configuration is used to infer the `actor` model configuration.
[WARNING]: The `policy` configuration is used to infer the `critic` model configuration.
[WARNING]: The `distribution_cfg` configuration is now used to specify the output distribution for stochastic policies. Consider updating the configuration to use `distribution_cfg` instead of `stochastic`, `init_noise_std`, `noise_std_type`, and `state_dependent_std` parameters.
[INFO] Loading experiment from directory: /workspace/Ankybot_v2/logs/rsl_rl/ankybot_v2
[2026-06-18 02:46:51,749][isaaclab_physx.physics.physx_manager][WARNING] - TGS solver with enable_external_forces_every_iteration=False may cause noisy velocities.
[INFO]: Base environment:
	Environment device    : cuda:0
	Environment seed      : 42
	Physics step-size     : 0.002
	Rendering step-size   : 0.002
	Environment step-size : 0.01
[2026-06-18 02:46:52,016][isaaclab.envs.manager_based_env][WARNING] - The render interval (1.0) is smaller than the decimation (5). Multiple render calls will happen for each environment step. If this is not intended, set the render interval to be equal to the decimation.
2026-06-18T02:46:50Z [15,857ms] [Warning] [omni.kit.menu.utils.layout] Multiple matching items found for layout "Physics". Found Create, Window. Change <<class 'omni.kit.menu.utils.layout.MenuLayout.SubMenu'> name:Physics> to use specific source. Using "source="Create/Physics""
2026-06-18T02:46:51Z [16,848ms] [Warning] [isaaclab_physx.physics.physx_manager] TGS solver with enable_external_forces_every_iteration=False may cause noisy velocities.
2026-06-18T02:46:52Z [17,115ms] [Warning] [isaaclab.envs.manager_based_env] The render interval (1.0) is smaller than the decimation (5). Multiple render calls will happen for each environment step. If this is not intended, set the render interval to be equal to the decimation.
2026-06-18T02:46:54Z [19,429ms] [Warning] [omni.fabric.plugin] Warning: attribute material:binding not found for path /__Prototype_7606216450749355745/BRHip

2026-06-18T02:46:55Z [20,199ms] [Warning] [isaacsim.core.simulation_manager.impl.simulation_manager] Changing backend from 'numpy' to 'torch' since NumPy cannot be used with GPU piplines
2026-06-18T02:46:55Z [20,606ms] [Warning] [omni.physics.isaacsimready.scripts.variant_switcher] VariantSwitcher: Variant 'physx' not found in variant set 'Physics' on prim '/World/envs/env_95/Robot/FinalURDF_SLDASM'. Available variants: ['None', 'PhysX']
2026-06-18T02:46:55Z [20,606ms] [Warning] [omni.physics.isaacsimready.scripts.variant_switcher] VariantSwitcher: Variant 'physx' not found in variant set 'Physics' on prim '/World/envs/env_127/Robot/FinalURDF_SLDASM'. Available variants: ['None', 'PhysX']
2026-06-18T02:46:55Z [20,606ms] [Warning] [omni.physics.isaacsimready.scripts.variant_switcher] VariantSwitcher: Variant 'physx' not found in variant set 'Physics' on prim '/World/envs/env_108/Robot/FinalURDF_SLDASM'. Available variants: ['None', 'PhysX']
2026-06-18T02:46:55Z [20,606ms] [Warning] [omni.physics.isaacsimready.scripts.variant_switcher] VariantSwitcher: Variant 'physx' not found in variant set 'Physics' on prim '/World/envs/env_69/Robot/FinalURDF_SLDASM'. Available variants: ['None', 'PhysX']
2026-06-18T02:46:55Z [20,606ms] [Warning] [omni.physics.isaacsimready.scripts.variant_switcher] VariantSwitcher: Variant 'physx' not found in variant set 'Physics' on prim '/World/envs/env_94/Robot/FinalURDF_SLDASM'. Available variants: ['None', 'PhysX']
2026-06-18T02:46:55Z [20,606ms] [Warning] [omni.physics.isaacsimready.scripts.variant_switcher] VariantSwitcher: Variant 'physx' not found in variant set 'Physics' on prim '/World/envs/env_33/Robot/FinalURDF_SLDASM'. Available variants: ['None', 'PhysX']
2026-06-18T02:46:55Z [20,606ms] [Warning] [omni.physics.isaacsimready.scripts.variant_switcher] VariantSwitcher: Variant 'physx' not found in variant set 'Physics' on prim '/World/envs/env_52/Robot/FinalURDF_SLDASM'. Available variants: ['None', 'PhysX']
2026-06-18T02:46:55Z [20,606ms] [Warning] [omni.physics.isaacsimready.scripts.variant_switcher] VariantSwitcher: Variant 'physx' not found in variant set 'Physics' on prim '/World/envs/env_3/Robot/FinalURDF_SLDASM'. Available variants: ['None', 'PhysX']
2026-06-18T02:46:55Z [20,606ms] [Warning] [omni.physics.isaacsimready.scripts.variant_switcher] VariantSwitcher: Variant 'physx' not found in variant set 'Physics' on prim '/World/envs/env_66/Robot/FinalURDF_SLDASM'. Available variants: ['None', 'PhysX']
2026-06-18T02:46:55Z [20,606ms] [Warning] [omni.physics.isaacsimready.scripts.variant_switcher] VariantSwitcher: Variant 'physx' not found in variant set 'Physics' on prim '/World/envs/env_100/Robot/FinalURDF_SLDASM'. Available variants: ['None', 'PhysX']
2026-06-18T02:46:55Z [20,606ms] [Warning] [omni.physics.isaacsimready.scripts.variant_switcher] VariantSwitcher: Variant 'physx' not found in variant set 'Physics' on prim '/World/envs/env_54/Robot/FinalURDF_SLDASM'. Available variants: ['None', 'PhysX']
2026-06-18T02:46:55Z [20,606ms] [Warning] [omni.physics.isaacsimready.scripts.variant_switcher] VariantSwitcher: Variant 'physx' not found in variant set 'Physics' on prim '/World/envs/env_7/Robot/FinalURDF_SLDASM'. Available variants: ['None', 'PhysX']
2026-06-18T02:46:55Z [20,606ms] [Warning] [omni.physics.isaacsimready.scripts.variant_switcher] VariantSwitcher: Variant 'physx' not found in variant set 'Physics' on prim '/World/envs/env_104/Robot/FinalURDF_SLDASM'. Available variants: ['None', 'PhysX']
2026-06-18T02:46:55Z [20,606ms] [Warning] [omni.physics.isaacsimready.scripts.variant_switcher] VariantSwitcher: Variant 'physx' not found in variant set 'Physics' on prim '/World/envs/env_74/Robot/FinalURDF_SLDASM'. Available variants: ['None', 'PhysX']
2026-06-18T02:46:55Z [20,607ms] [Warning] [omni.physics.isaacsimready.scripts.variant_switcher] VariantSwitcher: Variant 'physx' not found in variant set 'Physics' on prim '/World/envs/env_81/Robot/FinalURDF_SLDASM'. Available variants: ['None', 'PhysX']
2026-06-18T02:46:55Z [20,607ms] [Warning] [omni.physics.isaacsimready.scripts.variant_switcher] VariantSwitcher: Variant 'physx' not found in variant set 'Physics' on prim '/World/envs/env_41/Robot/FinalURDF_SLDASM'. Available variants: ['None', 'PhysX']
2026-06-18T02:46:55Z [20,607ms] [Warning] [omni.physics.isaacsimready.scripts.variant_switcher] VariantSwitcher: Variant 'physx' not found in variant set 'Physics' on prim '/World/envs/env_44/Robot/FinalURDF_SLDASM'. Available variants: ['None', 'PhysX']
2026-06-18T02:46:55Z [20,607ms] [Warning] [omni.physics.isaacsimready.scripts.variant_switcher] VariantSwitcher: Variant 'physx' not found in variant set 'Physics' on prim '/World/envs/env_82/Robot/FinalURDF_SLDASM'. Available variants: ['None', 'PhysX']
2026-06-18T02:46:55Z [20,607ms] [Warning] [omni.physics.isaacsimready.scripts.variant_switcher] VariantSwitcher: Variant 'physx' not found in variant set 'Physics' on prim '/World/envs/env_110/Robot/FinalURDF_SLDASM'. Available variants: ['None', 'PhysX']
2026-06-18T02:46:55Z [20,607ms] [Warning] [omni.physics.isaacsimready.scripts.variant_switcher] VariantSwitcher: Variant 'physx' not found in variant set 'Physics' on prim '/World/envs/env_13/Robot/FinalURDF_SLDASM'. Available variants: ['None', 'PhysX']
2026-06-18T02:46:55Z [20,607ms] [Warning] [omni.physics.isaacsimready.scripts.variant_switcher] VariantSwitcher: Variant 'physx' not found in variant set 'Physics' on prim '/World/envs/env_99/Robot/FinalURDF_SLDASM'. Available variants: ['None', 'PhysX']
2026-06-18T02:46:55Z [20,607ms] [Warning] [omni.physics.isaacsimready.scripts.variant_switcher] VariantSwitcher: Variant 'physx' not found in variant set 'Physics' on prim '/World/envs/env_123/Robot/FinalURDF_SLDASM'. Available variants: ['None', 'PhysX']
2026-06-18T02:46:55Z [20,607ms] [Warning] [omni.physics.isaacsimready.scripts.variant_switcher] VariantSwitcher: Variant 'physx' not found in variant set 'Physics' on prim '/World/envs/env_91/Robot/FinalURDF_SLDASM'. Available variants: ['None', 'PhysX']
2026-06-18T02:46:55Z [20,607ms] [Warning] [omni.physics.isaacsimready.scripts.variant_switcher] VariantSwitcher: Variant 'physx' not found in variant set 'Physics' on prim '/World/envs/env_4/Robot/FinalURDF_SLDASM'. Available variants: ['None', 'PhysX']
2026-06-18T02:46:55Z [20,607ms] [Warning] [omni.physics.isaacsimready.scripts.variant_switcher] VariantSwitcher: Variant 'physx' not found in variant set 'Physics' on prim '/World/envs/env_90/Robot/FinalURDF_SLDASM'. Available variants: ['None', 'PhysX']
2026-06-18T02:46:55Z [20,607ms] [Warning] [omni.physics.isaacsimready.scripts.variant_switcher] VariantSwitcher: Variant 'physx' not found in variant set 'Physics' on prim '/World/envs/env_75/Robot/FinalURDF_SLDASM'. Available variants: ['None', 'PhysX']
2026-06-18T02:46:55Z [20,607ms] [Warning] [omni.physics.isaacsimready.scripts.variant_switcher] VariantSwitcher: Variant 'physx' not found in variant set 'Physics' on prim '/World/envs/env_103/Robot/FinalURDF_SLDASM'. Available variants: ['None', 'PhysX']
2026-06-18T02:46:55Z [20,608ms] [Warning] [omni.physics.isaacsimready.scripts.variant_switcher] VariantSwitcher: Variant 'physx' not found in variant set 'Physics' on prim '/World/envs/env_85/Robot/FinalURDF_SLDASM'. Available variants: ['None', 'PhysX']
2026-06-18T02:46:55Z [20,608ms] [Warning] [omni.physics.isaacsimready.scripts.variant_switcher] VariantSwitcher: Variant 'physx' not found in variant set 'Physics' on prim '/World/envs/env_87/Robot/FinalURDF_SLDASM'. Available variants: ['None', 'PhysX']
2026-06-18T02:46:55Z [20,608ms] [Warning] [omni.physics.isaacsimready.scripts.variant_switcher] VariantSwitcher: Variant 'physx' not found in variant set 'Physics' on prim '/World/envs/env_40/Robot/FinalURDF_SLDASM'. Available variants: ['None', 'PhysX']
2026-06-18T02:46:55Z [20,608ms] [Warning] [omni.physics.isaacsimready.scripts.variant_switcher] VariantSwitcher: Variant 'physx' not found in variant set 'Physics' on prim '/World/envs/env_59/Robot/FinalURDF_SLDASM'. Available variants: ['None', 'PhysX']
2026-06-18T02:46:55Z [20,608ms] [Warning] [omni.physics.isaacsimready.scripts.variant_switcher] VariantSwitcher: Variant 'physx' not found in variant set 'Physics' on prim '/World/envs/env_112/Robot/FinalURDF_SLDASM'. Available variants: ['None', 'PhysX']
2026-06-18T02:46:55Z [20,608ms] [Warning] [omni.physics.isaacsimready.scripts.variant_switcher] VariantSwitcher: Variant 'physx' not found in variant set 'Physics' on prim '/World/envs/env_15/Robot/FinalURDF_SLDASM'. Available variants: ['None', 'PhysX']
2026-06-18T02:46:55Z [20,608ms] [Warning] [omni.physics.isaacsimready.scripts.variant_switcher] VariantSwitcher: Variant 'physx' not found in variant set 'Physics' on prim '/World/envs/env_51/Robot/FinalURDF_SLDASM'. Available variants: ['None', 'PhysX']
2026-06-18T02:46:55Z [20,608ms] [Warning] [omni.physics.isaacsimready.scripts.variant_switcher] VariantSwitcher: Variant 'physx' not found in variant set 'Physics' on prim '/World/envs/env_71/Robot/FinalURDF_SLDASM'. Available variants: ['None', 'PhysX']
2026-06-18T02:46:55Z [20,608ms] [Warning] [omni.physics.isaacsimready.scripts.variant_switcher] VariantSwitcher: Variant 'physx' not found in variant set 'Physics' on prim '/World/envs/env_46/Robot/FinalURDF_SLDASM'. Available variants: ['None', 'PhysX']
2026-06-18T02:46:55Z [20,608ms] [Warning] [omni.physics.isaacsimready.scripts.variant_switcher] VariantSwitcher: Variant 'physx' not found in variant set 'Physics' on prim '/World/envs/env_57/Robot/FinalURDF_SLDASM'. Available variants: ['None', 'PhysX']
2026-06-18T02:46:55Z [20,608ms] [Warning] [omni.physics.isaacsimready.scripts.variant_switcher] VariantSwitcher: Variant 'physx' not found in variant set 'Physics' on prim '/World/envs/env_16/Robot/FinalURDF_SLDASM'. Available variants: ['None', 'PhysX']
2026-06-18T02:46:55Z [20,608ms] [Warning] [omni.physics.isaacsimready.scripts.variant_switcher] VariantSwitcher: Variant 'physx' not found in variant set 'Physics' on prim '/World/envs/env_53/Robot/FinalURDF_SLDASM'. Available variants: ['None', 'PhysX']
2026-06-18T02:46:55Z [20,609ms] [Warning] [omni.physics.isaacsimready.scripts.variant_switcher] VariantSwitcher: Variant 'physx' not found in variant set 'Physics' on prim '/World/envs/env_55/Robot/FinalURDF_SLDASM'. Available variants: ['None', 'PhysX']
2026-06-18T02:46:55Z [20,609ms] [Warning] [omni.physics.isaacsimready.scripts.variant_switcher] VariantSwitcher: Variant 'physx' not found in variant set 'Physics' on prim '/World/envs/env_5/Robot/FinalURDF_SLDASM'. Available variants: ['None', 'PhysX']
2026-06-18T02:46:55Z [20,609ms] [Warning] [omni.physics.isaacsimready.scripts.variant_switcher] VariantSwitcher: Variant 'physx' not found in variant set 'Physics' on prim '/World/envs/env_109/Robot/FinalURDF_SLDASM'. Available variants: ['None', 'PhysX']
2026-06-18T02:46:55Z [20,609ms] [Warning] [omni.physics.isaacsimready.scripts.variant_switcher] VariantSwitcher: Variant 'physx' not found in variant set 'Physics' on prim '/World/envs/env_102/Robot/FinalURDF_SLDASM'. Available variants: ['None', 'PhysX']
2026-06-18T02:46:55Z [20,609ms] [Warning] [omni.physics.isaacsimready.scripts.variant_switcher] VariantSwitcher: Variant 'physx' not found in variant set 'Physics' on prim '/World/envs/env_114/Robot/FinalURDF_SLDASM'. Available variants: ['None', 'PhysX']
2026-06-18T02:46:55Z [20,609ms] [Warning] [omni.physics.isaacsimready.scripts.variant_switcher] VariantSwitcher: Variant 'physx' not found in variant set 'Physics' on prim '/World/envs/env_10/Robot/FinalURDF_SLDASM'. Available variants: ['None', 'PhysX']
2026-06-18T02:46:55Z [20,609ms] [Warning] [omni.physics.isaacsimready.scripts.variant_switcher] VariantSwitcher: Variant 'physx' not found in variant set 'Physics' on prim '/World/envs/env_27/Robot/FinalURDF_SLDASM'. Available variants: ['None', 'PhysX']
2026-06-18T02:46:55Z [20,609ms] [Warning] [omni.physics.isaacsimready.scripts.variant_switcher] VariantSwitcher: Variant 'physx' not found in variant set 'Physics' on prim '/World/envs/env_48/Robot/FinalURDF_SLDASM'. Available variants: ['None', 'PhysX']
2026-06-18T02:46:55Z [20,609ms] [Warning] [omni.physics.isaacsimready.scripts.variant_switcher] VariantSwitcher: Variant 'physx' not found in variant set 'Physics' on prim '/World/envs/env_65/Robot/FinalURDF_SLDASM'. Available variants: ['None', 'PhysX']
2026-06-18T02:46:55Z [20,609ms] [Warning] [omni.physics.isaacsimready.scripts.variant_switcher] VariantSwitcher: Variant 'physx' not found in variant set 'Physics' on prim '/World/envs/env_116/Robot/FinalURDF_SLDASM'. Available variants: ['None', 'PhysX']
2026-06-18T02:46:55Z [20,609ms] [Warning] [omni.physics.isaacsimready.scripts.variant_switcher] VariantSwitcher: Variant 'physx' not found in variant set 'Physics' on prim '/World/envs/env_34/Robot/FinalURDF_SLDASM'. Available variants: ['None', 'PhysX']
2026-06-18T02:46:55Z [20,609ms] [Warning] [omni.physics.isaacsimready.scripts.variant_switcher] VariantSwitcher: Variant 'physx' not found in variant set 'Physics' on prim '/World/envs/env_122/Robot/FinalURDF_SLDASM'. Available variants: ['None', 'PhysX']
2026-06-18T02:46:55Z [20,609ms] [Warning] [omni.physics.isaacsimready.scripts.variant_switcher] VariantSwitcher: Variant 'physx' not found in variant set 'Physics' on prim '/World/envs/env_19/Robot/FinalURDF_SLDASM'. Available variants: ['None', 'PhysX']
2026-06-18T02:46:55Z [20,609ms] [Warning] [omni.physics.isaacsimready.scripts.variant_switcher] VariantSwitcher: Variant 'physx' not found in variant set 'Physics' on prim '/World/envs/env_6/Robot/FinalURDF_SLDASM'. Available variants: ['None', 'PhysX']
2026-06-18T02:46:55Z [20,610ms] [Warning] [omni.physics.isaacsimready.scripts.variant_switcher] VariantSwitcher: Variant 'physx' not found in variant set 'Physics' on prim '/World/envs/env_20/Robot/FinalURDF_SLDASM'. Available variants: ['None', 'PhysX']
2026-06-18T02:46:55Z [20,610ms] [Warning] [omni.physics.isaacsimready.scripts.variant_switcher] VariantSwitcher: Variant 'physx' not found in variant set 'Physics' on prim '/World/envs/env_25/Robot/FinalURDF_SLDASM'. Available variants: ['None', 'PhysX']
2026-06-18T02:46:55Z [20,610ms] [Warning] [omni.physics.isaacsimready.scripts.variant_switcher] VariantSwitcher: Variant 'physx' not found in variant set 'Physics' on prim '/World/envs/env_24/Robot/FinalURDF_SLDASM'. Available variants: ['None', 'PhysX']
2026-06-18T02:46:55Z [20,610ms] [Warning] [omni.physics.isaacsimready.scripts.variant_switcher] VariantSwitcher: Variant 'physx' not found in variant set 'Physics' on prim '/World/envs/env_101/Robot/FinalURDF_SLDASM'. Available variants: ['None', 'PhysX']
2026-06-18T02:46:55Z [20,610ms] [Warning] [omni.physics.isaacsimready.scripts.variant_switcher] VariantSwitcher: Variant 'physx' not found in variant set 'Physics' on prim '/World/envs/env_105/Robot/FinalURDF_SLDASM'. Available variants: ['None', 'PhysX']
2026-06-18T02:46:55Z [20,610ms] [Warning] [omni.physics.isaacsimready.scripts.variant_switcher] VariantSwitcher: Variant 'physx' not found in variant set 'Physics' on prim '/World/envs/env_22/Robot/FinalURDF_SLDASM'. Available variants: ['None', 'PhysX']
2026-06-18T02:46:55Z [20,610ms] [Warning] [omni.physics.isaacsimready.scripts.variant_switcher] VariantSwitcher: Variant 'physx' not found in variant set 'Physics' on prim '/World/envs/env_21/Robot/FinalURDF_SLDASM'. Available variants: ['None', 'PhysX']
2026-06-18T02:46:55Z [20,610ms] [Warning] [omni.physics.isaacsimready.scripts.variant_switcher] VariantSwitcher: Variant 'physx' not found in variant set 'Physics' on prim '/World/envs/env_45/Robot/FinalURDF_SLDASM'. Available variants: ['None', 'PhysX']
2026-06-18T02:46:55Z [20,610ms] [Warning] [omni.physics.isaacsimready.scripts.variant_switcher] VariantSwitcher: Variant 'physx' not found in variant set 'Physics' on prim '/World/envs/env_23/Robot/FinalURDF_SLDASM'. Available variants: ['None', 'PhysX']
2026-06-18T02:46:55Z [20,610ms] [Warning] [omni.physics.isaacsimready.scripts.variant_switcher] VariantSwitcher: Variant 'physx' not found in variant set 'Physics' on prim '/World/envs/env_111/Robot/FinalURDF_SLDASM'. Available variants: ['None', 'PhysX']
2026-06-18T02:46:55Z [20,610ms] [Warning] [omni.physics.isaacsimready.scripts.variant_switcher] VariantSwitcher: Variant 'physx' not found in variant set 'Physics' on prim '/World/envs/env_50/Robot/FinalURDF_SLDASM'. Available variants: ['None', 'PhysX']
2026-06-18T02:46:55Z [20,610ms] [Warning] [omni.physics.isaacsimready.scripts.variant_switcher] VariantSwitcher: Variant 'physx' not found in variant set 'Physics' on prim '/World/envs/env_11/Robot/FinalURDF_SLDASM'. Available variants: ['None', 'PhysX']
2026-06-18T02:46:55Z [20,610ms] [Warning] [omni.physics.isaacsimready.scripts.variant_switcher] VariantSwitcher: Variant 'physx' not found in variant set 'Physics' on prim '/World/envs/env_73/Robot/FinalURDF_SLDASM'. Available variants: ['None', 'PhysX']
2026-06-18T02:46:55Z [20,610ms] [Warning] [omni.physics.isaacsimready.scripts.variant_switcher] VariantSwitcher: Variant 'physx' not found in variant set 'Physics' on prim '/World/envs/env_38/Robot/FinalURDF_SLDASM'. Available variants: ['None', 'PhysX']
2026-06-18T02:46:55Z [20,610ms] [Warning] [omni.physics.isaacsimready.scripts.variant_switcher] VariantSwitcher: Variant 'physx' not found in variant set 'Physics' on prim '/World/envs/env_79/Robot/FinalURDF_SLDASM'. Available variants: ['None', 'PhysX']
2026-06-18T02:46:55Z [20,611ms] [Warning] [omni.physics.isaacsimready.scripts.variant_switcher] VariantSwitcher: Variant 'physx' not found in variant set 'Physics' on prim '/World/envs/env_58/Robot/FinalURDF_SLDASM'. Available variants: ['None', 'PhysX']
2026-06-18T02:46:55Z [20,611ms] [Warning] [omni.physics.isaacsimready.scripts.variant_switcher] VariantSwitcher: Variant 'physx' not found in variant set 'Physics' on prim '/World/envs/env_63/Robot/FinalURDF_SLDASM'. Available variants: ['None', 'PhysX']
2026-06-18T02:46:55Z [20,611ms] [Warning] [omni.physics.isaacsimready.scripts.variant_switcher] VariantSwitcher: Variant 'physx' not found in variant set 'Physics' on prim '/World/envs/env_80/Robot/FinalURDF_SLDASM'. Available variants: ['None', 'PhysX']
2026-06-18T02:46:55Z [20,611ms] [Warning] [omni.physics.isaacsimready.scripts.variant_switcher] VariantSwitcher: Variant 'physx' not found in variant set 'Physics' on prim '/World/envs/env_56/Robot/FinalURDF_SLDASM'. Available variants: ['None', 'PhysX']
2026-06-18T02:46:55Z [20,611ms] [Warning] [omni.physics.isaacsimready.scripts.variant_switcher] VariantSwitcher: Variant 'physx' not found in variant set 'Physics' on prim '/World/envs/env_12/Robot/FinalURDF_SLDASM'. Available variants: ['None', 'PhysX']
2026-06-18T02:46:55Z [20,611ms] [Warning] [omni.physics.isaacsimready.scripts.variant_switcher] VariantSwitcher: Variant 'physx' not found in variant set 'Physics' on prim '/World/envs/env_113/Robot/FinalURDF_SLDASM'. Available variants: ['None', 'PhysX']
2026-06-18T02:46:55Z [20,611ms] [Warning] [omni.physics.isaacsimready.scripts.variant_switcher] VariantSwitcher: Variant 'physx' not found in variant set 'Physics' on prim '/World/envs/env_1/Robot/FinalURDF_SLDASM'. Available variants: ['None', 'PhysX']
2026-06-18T02:46:55Z [20,611ms] [Warning] [omni.physics.isaacsimready.scripts.variant_switcher] VariantSwitcher: Variant 'physx' not found in variant set 'Physics' on prim '/World/envs/env_93/Robot/FinalURDF_SLDASM'. Available variants: ['None', 'PhysX']
2026-06-18T02:46:55Z [20,611ms] [Warning] [omni.physics.isaacsimready.scripts.variant_switcher] VariantSwitcher: Variant 'physx' not found in variant set 'Physics' on prim '/World/envs/env_125/Robot/FinalURDF_SLDASM'. Available variants: ['None', 'PhysX']
2026-06-18T02:46:55Z [20,611ms] [Warning] [omni.physics.isaacsimready.scripts.variant_switcher] VariantSwitcher: Variant 'physx' not found in variant set 'Physics' on prim '/World/envs/env_32/Robot/FinalURDF_SLDASM'. Available variants: ['None', 'PhysX']
2026-06-18T02:46:55Z [20,611ms] [Warning] [omni.physics.isaacsimready.scripts.variant_switcher] VariantSwitcher: Variant 'physx' not found in variant set 'Physics' on prim '/World/envs/env_47/Robot/FinalURDF_SLDASM'. Available variants: ['None', 'PhysX']
2026-06-18T02:46:55Z [20,611ms] [Warning] [omni.physics.isaacsimready.scripts.variant_switcher] VariantSwitcher: Variant 'physx' not found in variant set 'Physics' on prim '/World/envs/env_92/Robot/FinalURDF_SLDASM'. Available variants: ['None', 'PhysX']
2026-06-18T02:46:55Z [20,611ms] [Warning] [omni.physics.isaacsimready.scripts.variant_switcher] VariantSwitcher: Variant 'physx' not found in variant set 'Physics' on prim '/World/envs/env_37/Robot/FinalURDF_SLDASM'. Available variants: ['None', 'PhysX']
2026-06-18T02:46:55Z [20,611ms] [Warning] [omni.physics.isaacsimready.scripts.variant_switcher] VariantSwitcher: Variant 'physx' not found in variant set 'Physics' on prim '/World/envs/env_70/Robot/FinalURDF_SLDASM'. Available variants: ['None', 'PhysX']
2026-06-18T02:46:55Z [20,611ms] [Warning] [omni.physics.isaacsimready.scripts.variant_switcher] VariantSwitcher: Variant 'physx' not found in variant set 'Physics' on prim '/World/envs/env_61/Robot/FinalURDF_SLDASM'. Available variants: ['None', 'PhysX']
2026-06-18T02:46:55Z [20,612ms] [Warning] [omni.physics.isaacsimready.scripts.variant_switcher] VariantSwitcher: Variant 'physx' not found in variant set 'Physics' on prim '/World/envs/env_107/Robot/FinalURDF_SLDASM'. Available variants: ['None', 'PhysX']
2026-06-18T02:46:55Z [20,612ms] [Warning] [omni.physics.isaacsimready.scripts.variant_switcher] VariantSwitcher: Variant 'physx' not found in variant set 'Physics' on prim '/World/envs/env_115/Robot/FinalURDF_SLDASM'. Available variants: ['None', 'PhysX']
2026-06-18T02:46:55Z [20,612ms] [Warning] [omni.physics.isaacsimready.scripts.variant_switcher] VariantSwitcher: Variant 'physx' not found in variant set 'Physics' on prim '/World/envs/env_8/Robot/FinalURDF_SLDASM'. Available variants: ['None', 'PhysX']
2026-06-18T02:46:55Z [20,612ms] [Warning] [omni.physics.isaacsimready.scripts.variant_switcher] VariantSwitcher: Variant 'physx' not found in variant set 'Physics' on prim '/World/envs/env_31/Robot/FinalURDF_SLDASM'. Available variants: ['None', 'PhysX']
2026-06-18T02:46:55Z [20,612ms] [Warning] [omni.physics.isaacsimready.scripts.variant_switcher] VariantSwitcher: Variant 'physx' not found in variant set 'Physics' on prim '/World/envs/env_83/Robot/FinalURDF_SLDASM'. Available variants: ['None', 'PhysX']
2026-06-18T02:46:55Z [20,612ms] [Warning] [omni.physics.isaacsimready.scripts.variant_switcher] VariantSwitcher: Variant 'physx' not found in variant set 'Physics' on prim '/World/envs/env_0/Robot/FinalURDF_SLDASM'. Available variants: ['None', 'PhysX']
2026-06-18T02:46:55Z [20,612ms] [Warning] [omni.physics.isaacsimready.scripts.variant_switcher] VariantSwitcher: Variant 'physx' not found in variant set 'Physics' on prim '/World/envs/env_84/Robot/FinalURDF_SLDASM'. Available variants: ['None', 'PhysX']
2026-06-18T02:46:55Z [20,612ms] [Warning] [omni.physics.isaacsimready.scripts.variant_switcher] VariantSwitcher: Variant 'physx' not found in variant set 'Physics' on prim '/World/envs/env_14/Robot/FinalURDF_SLDASM'. Available variants: ['None', 'PhysX']
2026-06-18T02:46:55Z [20,612ms] [Warning] [omni.physics.isaacsimready.scripts.variant_switcher] VariantSwitcher: Variant 'physx' not found in variant set 'Physics' on prim '/World/envs/env_49/Robot/FinalURDF_SLDASM'. Available variants: ['None', 'PhysX']
2026-06-18T02:46:55Z [20,612ms] [Warning] [omni.physics.isaacsimready.scripts.variant_switcher] VariantSwitcher: Variant 'physx' not found in variant set 'Physics' on prim '/World/envs/env_117/Robot/FinalURDF_SLDASM'. Available variants: ['None', 'PhysX']
2026-06-18T02:46:55Z [20,612ms] [Warning] [omni.physics.isaacsimready.scripts.variant_switcher] VariantSwitcher: Variant 'physx' not found in variant set 'Physics' on prim '/World/envs/env_121/Robot/FinalURDF_SLDASM'. Available variants: ['None', 'PhysX']
2026-06-18T02:46:55Z [20,612ms] [Warning] [omni.physics.isaacsimready.scripts.variant_switcher] VariantSwitcher: Variant 'physx' not found in variant set 'Physics' on prim '/World/envs/env_64/Robot/FinalURDF_SLDASM'. Available variants: ['None', 'PhysX']
2026-06-18T02:46:55Z [20,612ms] [Warning] [omni.physics.isaacsimready.scripts.variant_switcher] VariantSwitcher: Variant 'physx' not found in variant set 'Physics' on prim '/World/envs/env_67/Robot/FinalURDF_SLDASM'. Available variants: ['None', 'PhysX']
2026-06-18T02:46:55Z [20,612ms] [Warning] [omni.physics.isaacsimready.scripts.variant_switcher] VariantSwitcher: Variant 'physx' not found in variant set 'Physics' on prim '/World/envs/env_88/Robot/FinalURDF_SLDASM'. Available variants: ['None', 'PhysX']
2026-06-18T02:46:55Z [20,612ms] [Warning] [omni.physics.isaacsimready.scripts.variant_switcher] VariantSwitcher: Variant 'physx' not found in variant set 'Physics' on prim '/World/envs/env_89/Robot/FinalURDF_SLDASM'. Available variants: ['None', 'PhysX']
2026-06-18T02:46:55Z [20,613ms] [Warning] [omni.physics.isaacsimready.scripts.variant_switcher] VariantSwitcher: Variant 'physx' not found in variant set 'Physics' on prim '/World/envs/env_86/Robot/FinalURDF_SLDASM'. Available variants: ['None', 'PhysX']
2026-06-18T02:46:55Z [20,613ms] [Warning] [omni.physics.isaacsimready.scripts.variant_switcher] VariantSwitcher: Variant 'physx' not found in variant set 'Physics' on prim '/World/envs/env_119/Robot/FinalURDF_SLDASM'. Available variants: ['None', 'PhysX']
2026-06-18T02:46:55Z [20,613ms] [Warning] [omni.physics.isaacsimready.scripts.variant_switcher] VariantSwitcher: Variant 'physx' not found in variant set 'Physics' on prim '/World/envs/env_30/Robot/FinalURDF_SLDASM'. Available variants: ['None', 'PhysX']
2026-06-18T02:46:55Z [20,613ms] [Warning] [omni.physics.isaacsimready.scripts.variant_switcher] VariantSwitcher: Variant 'physx' not found in variant set 'Physics' on prim '/World/envs/env_36/Robot/FinalURDF_SLDASM'. Available variants: ['None', 'PhysX']
2026-06-18T02:46:55Z [20,613ms] [Warning] [omni.physics.isaacsimready.scripts.variant_switcher] VariantSwitcher: Variant 'physx' not found in variant set 'Physics' on prim '/World/envs/env_98/Robot/FinalURDF_SLDASM'. Available variants: ['None', 'PhysX']
2026-06-18T02:46:55Z [20,613ms] [Warning] [omni.physics.isaacsimready.scripts.variant_switcher] VariantSwitcher: Variant 'physx' not found in variant set 'Physics' on prim '/World/envs/env_76/Robot/FinalURDF_SLDASM'. Available variants: ['None', 'PhysX']
2026-06-18T02:46:55Z [20,613ms] [Warning] [omni.physics.isaacsimready.scripts.variant_switcher] VariantSwitcher: Variant 'physx' not found in variant set 'Physics' on prim '/World/envs/env_126/Robot/FinalURDF_SLDASM'. Available variants: ['None', 'PhysX']
2026-06-18T02:46:55Z [20,613ms] [Warning] [omni.physics.isaacsimready.scripts.variant_switcher] VariantSwitcher: Variant 'physx' not found in variant set 'Physics' on prim '/World/envs/env_9/Robot/FinalURDF_SLDASM'. Available variants: ['None', 'PhysX']
2026-06-18T02:46:55Z [20,613ms] [Warning] [omni.physics.isaacsimready.scripts.variant_switcher] VariantSwitcher: Variant 'physx' not found in variant set 'Physics' on prim '/World/envs/env_29/Robot/FinalURDF_SLDASM'. Available variants: ['None', 'PhysX']
2026-06-18T02:46:55Z [20,613ms] [Warning] [omni.physics.isaacsimready.scripts.variant_switcher] VariantSwitcher: Variant 'physx' not found in variant set 'Physics' on prim '/World/envs/env_106/Robot/FinalURDF_SLDASM'. Available variants: ['None', 'PhysX']
2026-06-18T02:46:55Z [20,613ms] [Warning] [omni.physics.isaacsimready.scripts.variant_switcher] VariantSwitcher: Variant 'physx' not found in variant set 'Physics' on prim '/World/envs/env_43/Robot/FinalURDF_SLDASM'. Available variants: ['None', 'PhysX']
2026-06-18T02:46:55Z [20,613ms] [Warning] [omni.physics.isaacsimready.scripts.variant_switcher] VariantSwitcher: Variant 'physx' not found in variant set 'Physics' on prim '/World/envs/env_28/Robot/FinalURDF_SLDASM'. Available variants: ['None', 'PhysX']
2026-06-18T02:46:55Z [20,613ms] [Warning] [omni.physics.isaacsimready.scripts.variant_switcher] VariantSwitcher: Variant 'physx' not found in variant set 'Physics' on prim '/World/envs/env_97/Robot/FinalURDF_SLDASM'. Available variants: ['None', 'PhysX']
2026-06-18T02:46:55Z [20,613ms] [Warning] [omni.physics.isaacsimready.scripts.variant_switcher] VariantSwitcher: Variant 'physx' not found in variant set 'Physics' on prim '/World/envs/env_62/Robot/FinalURDF_SLDASM'. Available variants: ['None', 'PhysX']
2026-06-18T02:46:55Z [20,613ms] [Warning] [omni.physics.isaacsimready.scripts.variant_switcher] VariantSwitcher: Variant 'physx' not found in variant set 'Physics' on prim '/World/envs/env_35/Robot/FinalURDF_SLDASM'. Available variants: ['None', 'PhysX']
2026-06-18T02:46:55Z [20,614ms] [Warning] [omni.physics.isaacsimready.scripts.variant_switcher] VariantSwitcher: Variant 'physx' not found in variant set 'Physics' on prim '/World/envs/env_68/Robot/FinalURDF_SLDASM'. Available variants: ['None', 'PhysX']
/workspace/isaaclab/_isaac_sim/kit/python/lib/python3.12/site-packages/rsl_rl/utils/utils.py:220: UserWarning: The observation configuration dictionary 'obs_groups' is empty and thus likely not configured. Consider configuring the 'obs_groups' dictionary explicitly
  warnings.warn(
/workspace/isaaclab/_isaac_sim/kit/python/lib/python3.12/site-packages/rsl_rl/utils/utils.py:251: UserWarning: The observation configuration dictionary 'obs_groups' does not contain the 'actor' key. As an observation group with the name 'policy' was found, this is assumed to be the appropriate observation. Consider adding the 'actor' key to the 'obs_groups' dictionary for clarity. This behavior will be removed in a future version.
  warnings.warn(
/workspace/isaaclab/_isaac_sim/kit/python/lib/python3.12/site-packages/rsl_rl/utils/utils.py:251: UserWarning: The observation configuration dictionary 'obs_groups' does not contain the 'critic' key. As an observation group with the name 'policy' was found, this is assumed to be the appropriate observation. Consider adding the 'critic' key to the 'obs_groups' dictionary for clarity. This behavior will be removed in a future version.
  warnings.warn(
/workspace/isaaclab/_isaac_sim/kit/python/lib/python3.12/copyreg.py:99: FutureWarning: `isinstance(treespec, LeafSpec)` is deprecated, use `isinstance(treespec, TreeSpec) and treespec.is_leaf()` instead.
  return cls.__new__(cls, *args)
2026-06-18T02:46:55Z [20,614ms] [Warning] [omni.physics.isaacsimready.scripts.variant_switcher] VariantSwitcher: Variant 'physx' not found in variant set 'Physics' on prim '/World/envs/env_77/Robot/FinalURDF_SLDASM'. Available variants: ['None', 'PhysX']
2026-06-18T02:46:55Z [20,614ms] [Warning] [omni.physics.isaacsimready.scripts.variant_switcher] VariantSwitcher: Variant 'physx' not found in variant set 'Physics' on prim '/World/envs/env_17/Robot/FinalURDF_SLDASM'. Available variants: ['None', 'PhysX']
2026-06-18T02:46:55Z [20,614ms] [Warning] [omni.physics.isaacsimready.scripts.variant_switcher] VariantSwitcher: Variant 'physx' not found in variant set 'Physics' on prim '/World/envs/env_124/Robot/FinalURDF_SLDASM'. Available variants: ['None', 'PhysX']
2026-06-18T02:46:55Z [20,614ms] [Warning] [omni.physics.isaacsimready.scripts.variant_switcher] VariantSwitcher: Variant 'physx' not found in variant set 'Physics' on prim '/World/envs/env_2/Robot/FinalURDF_SLDASM'. Available variants: ['None', 'PhysX']
2026-06-18T02:46:55Z [20,614ms] [Warning] [omni.physics.isaacsimready.scripts.variant_switcher] VariantSwitcher: Variant 'physx' not found in variant set 'Physics' on prim '/World/envs/env_72/Robot/FinalURDF_SLDASM'. Available variants: ['None', 'PhysX']
2026-06-18T02:46:55Z [20,614ms] [Warning] [omni.physics.isaacsimready.scripts.variant_switcher] VariantSwitcher: Variant 'physx' not found in variant set 'Physics' on prim '/World/envs/env_39/Robot/FinalURDF_SLDASM'. Available variants: ['None', 'PhysX']
2026-06-18T02:46:55Z [20,614ms] [Warning] [omni.physics.isaacsimready.scripts.variant_switcher] VariantSwitcher: Variant 'physx' not found in variant set 'Physics' on prim '/World/envs/env_18/Robot/FinalURDF_SLDASM'. Available variants: ['None', 'PhysX']
2026-06-18T02:46:55Z [20,614ms] [Warning] [omni.physics.isaacsimready.scripts.variant_switcher] VariantSwitcher: Variant 'physx' not found in variant set 'Physics' on prim '/World/envs/env_96/Robot/FinalURDF_SLDASM'. Available variants: ['None', 'PhysX']
2026-06-18T02:46:55Z [20,614ms] [Warning] [omni.physics.isaacsimready.scripts.variant_switcher] VariantSwitcher: Variant 'physx' not found in variant set 'Physics' on prim '/World/envs/env_26/Robot/FinalURDF_SLDASM'. Available variants: ['None', 'PhysX']
2026-06-18T02:46:55Z [20,614ms] [Warning] [omni.physics.isaacsimready.scripts.variant_switcher] VariantSwitcher: Variant 'physx' not found in variant set 'Physics' on prim '/World/envs/env_78/Robot/FinalURDF_SLDASM'. Available variants: ['None', 'PhysX']
2026-06-18T02:46:55Z [20,614ms] [Warning] [omni.physics.isaacsimready.scripts.variant_switcher] VariantSwitcher: Variant 'physx' not found in variant set 'Physics' on prim '/World/envs/env_60/Robot/FinalURDF_SLDASM'. Available variants: ['None', 'PhysX']
2026-06-18T02:46:55Z [20,614ms] [Warning] [omni.physics.isaacsimready.scripts.variant_switcher] VariantSwitcher: Variant 'physx' not found in variant set 'Physics' on prim '/World/envs/env_42/Robot/FinalURDF_SLDASM'. Available variants: ['None', 'PhysX']
2026-06-18T02:46:55Z [20,614ms] [Warning] [omni.physics.isaacsimready.scripts.variant_switcher] VariantSwitcher: Variant 'physx' not found in variant set 'Physics' on prim '/World/envs/env_118/Robot/FinalURDF_SLDASM'. Available variants: ['None', 'PhysX']
2026-06-18T02:46:55Z [20,614ms] [Warning] [omni.physics.isaacsimready.scripts.variant_switcher] VariantSwitcher: Variant 'physx' not found in variant set 'Physics' on prim '/World/envs/env_120/Robot/FinalURDF_SLDASM'. Available variants: ['None', 'PhysX']
2026-06-18T02:47:02Z [27,657ms] [Warning] [omni.syntheticdata.plugin] OgnSdPostRenderVarToHost : rendervar copy from texture directly to host buffer is counter-performant. Please use copy from texture to device buffer first.
[INFO] Using Python: "/workspace/isaaclab/_isaac_sim/python.sh"
=== Thu Jun 18 02:58:41 UTC 2026 | DONE  model_2000.pt ===
=== Thu Jun 18 02:58:41 UTC 2026 | START model_1000.pt | 1500 steps ===
[INFO]: Parsing configuration from: Ankybot_v2.tasks.manager_based.ankybot_v2.ankybot_v2_env_cfg:AnkybotV2EnvCfg_PLAY
[INFO]: Parsing configuration from: Ankybot_v2.tasks.manager_based.ankybot_v2.agents.rsl_rl_ppo_cfg:PPORunnerCfg
[2026-06-18 02:58:47,808][isaaclab.app.app_launcher][INFO] - Using device: cuda:0
[2026-06-18 02:58:47,809][isaaclab.app.app_launcher][INFO] - Loading experience file: /workspace/isaaclab/apps/isaaclab.python.rendering.kit
[2026-06-18 02:58:48,577][asyncio][DEBUG] - Using selector: EpollSelector
WARNING: All log messages before absl::InitializeLog() is called are written to STDERR
E0000 00:00:1781751528.616152  309957 descriptor_database.cc:633] File already exists in database: grpc/health/v1/health.proto
W0000 00:00:1781751528.616188  309957 message.cc:301] Protobuf GeneratedMessageFactory: File is already registered: grpc/health/v1/health.proto
[2026-06-18 02:58:58,406][trimesh.util][DEBUG] - falling back to hashlib hashing: `pip install xxhash`for 50x faster cache checks
[2026-06-18 02:59:01,007][AutoNode][DEBUG] - Defining data type 'any' as 'Any'
[2026-06-18 02:59:01,008][AutoNode][DEBUG] - Defining data type 'bool' as 'Bool' and array 'BoolArray
[2026-06-18 02:59:01,008][AutoNode][DEBUG] - Defining data type 'bundle' as 'Bundle'
[2026-06-18 02:59:01,008][AutoNode][DEBUG] - Defining data type 'colord[3]' as 'Color3d' and array 'Color3dArray
[2026-06-18 02:59:01,008][AutoNode][DEBUG] - Defining data type 'colorf[3]' as 'Color3f' and array 'Color3fArray
[2026-06-18 02:59:01,008][AutoNode][DEBUG] - Defining data type 'colorh[3]' as 'Color3h' and array 'Color3hArray
[2026-06-18 02:59:01,008][AutoNode][DEBUG] - Defining data type 'colord[4]' as 'Color4d' and array 'Color4dArray
[2026-06-18 02:59:01,009][AutoNode][DEBUG] - Defining data type 'colorf[4]' as 'Color4f' and array 'Color4fArray
[2026-06-18 02:59:01,009][AutoNode][DEBUG] - Defining data type 'colorh[4]' as 'Color4h' and array 'Color4hArray
[2026-06-18 02:59:01,009][AutoNode][DEBUG] - Defining data type 'double' as 'Double' and array 'DoubleArray
[2026-06-18 02:59:01,009][AutoNode][DEBUG] - Defining data type 'double[2]' as 'Double2' and array 'Double2Array
[2026-06-18 02:59:01,009][AutoNode][DEBUG] - Defining data type 'double[3]' as 'Double3' and array 'Double3Array
[2026-06-18 02:59:01,009][AutoNode][DEBUG] - Defining data type 'double[4]' as 'Double4' and array 'Double4Array
[2026-06-18 02:59:01,009][AutoNode][DEBUG] - Defining data type 'execution' as 'Execution'
[2026-06-18 02:59:01,009][AutoNode][DEBUG] - Defining data type 'float' as 'Float' and array 'FloatArray
[2026-06-18 02:59:01,010][AutoNode][DEBUG] - Defining data type 'float[2]' as 'Float2' and array 'Float2Array
[2026-06-18 02:59:01,010][AutoNode][DEBUG] - Defining data type 'float[3]' as 'Float3' and array 'Float3Array
[2026-06-18 02:59:01,010][AutoNode][DEBUG] - Defining data type 'float[4]' as 'Float4' and array 'Float4Array
[2026-06-18 02:59:01,010][AutoNode][DEBUG] - Defining data type 'frame[4]' as 'Frame' and array 'FrameArray
[2026-06-18 02:59:01,010][AutoNode][DEBUG] - Defining data type 'half' as 'Half' and array 'HalfArray
[2026-06-18 02:59:01,010][AutoNode][DEBUG] - Defining data type 'half[2]' as 'Half2' and array 'Half2Array
[2026-06-18 02:59:01,010][AutoNode][DEBUG] - Defining data type 'half[3]' as 'Half3' and array 'Half3Array
[2026-06-18 02:59:01,010][AutoNode][DEBUG] - Defining data type 'half[4]' as 'Half4' and array 'Half4Array
[2026-06-18 02:59:01,011][AutoNode][DEBUG] - Defining data type 'int' as 'Int' and array 'IntArray
[2026-06-18 02:59:01,011][AutoNode][DEBUG] - Defining data type 'int[2]' as 'Int2' and array 'Int2Array
[2026-06-18 02:59:01,011][AutoNode][DEBUG] - Defining data type 'int[3]' as 'Int3' and array 'Int3Array
[2026-06-18 02:59:01,011][AutoNode][DEBUG] - Defining data type 'int[4]' as 'Int4' and array 'Int4Array
[2026-06-18 02:59:01,011][AutoNode][DEBUG] - Defining data type 'int64' as 'Int64' and array 'Int64Array
[2026-06-18 02:59:01,011][AutoNode][DEBUG] - Defining data type 'matrixd[2]' as 'Matrix2d' and array 'Matrix2dArray
[2026-06-18 02:59:01,011][AutoNode][DEBUG] - Defining data type 'matrixd[3]' as 'Matrix3d' and array 'Matrix3dArray
[2026-06-18 02:59:01,011][AutoNode][DEBUG] - Defining data type 'matrixd[4]' as 'Matrix4d' and array 'Matrix4dArray
[2026-06-18 02:59:01,012][AutoNode][DEBUG] - Defining data type 'normald[3]' as 'Normal3d' and array 'Normal3dArray
[2026-06-18 02:59:01,012][AutoNode][DEBUG] - Defining data type 'normalf[3]' as 'Normal3f' and array 'Normal3fArray
[2026-06-18 02:59:01,012][AutoNode][DEBUG] - Defining data type 'normalh[3]' as 'Normal3h' and array 'Normal3hArray
[2026-06-18 02:59:01,012][AutoNode][DEBUG] - Defining data type 'objectId' as 'ObjectId' and array 'ObjectIdArray
[2026-06-18 02:59:01,012][AutoNode][DEBUG] - Defining data type 'path' as 'Path'
[2026-06-18 02:59:01,012][AutoNode][DEBUG] - Defining data type 'pointd[3]' as 'Point3d' and array 'Point3dArray
[2026-06-18 02:59:01,012][AutoNode][DEBUG] - Defining data type 'pointf[3]' as 'Point3f' and array 'Point3fArray
[2026-06-18 02:59:01,012][AutoNode][DEBUG] - Defining data type 'pointh[3]' as 'Point3h' and array 'Point3hArray
[2026-06-18 02:59:01,013][AutoNode][DEBUG] - Defining data type 'quatd[4]' as 'Quatd' and array 'QuatdArray
[2026-06-18 02:59:01,013][AutoNode][DEBUG] - Defining data type 'quatf[4]' as 'Quatf' and array 'QuatfArray
[2026-06-18 02:59:01,013][AutoNode][DEBUG] - Defining data type 'quath[4]' as 'Quath' and array 'QuathArray
[2026-06-18 02:59:01,013][AutoNode][DEBUG] - Defining data type 'string' as 'String'
[2026-06-18 02:59:01,013][AutoNode][DEBUG] - Defining data type 'target' as 'Target'
[2026-06-18 02:59:01,013][AutoNode][DEBUG] - Defining data type 'texcoordd[2]' as 'TexCoord2d' and array 'TexCoord2dArray
[2026-06-18 02:59:01,013][AutoNode][DEBUG] - Defining data type 'texcoordf[2]' as 'TexCoord2f' and array 'TexCoord2fArray
[2026-06-18 02:59:01,013][AutoNode][DEBUG] - Defining data type 'texcoordh[2]' as 'TexCoord2h' and array 'TexCoord2hArray
[2026-06-18 02:59:01,014][AutoNode][DEBUG] - Defining data type 'texcoordd[3]' as 'TexCoord3d' and array 'TexCoord3dArray
[2026-06-18 02:59:01,014][AutoNode][DEBUG] - Defining data type 'texcoordf[3]' as 'TexCoord3f' and array 'TexCoord3fArray
[2026-06-18 02:59:01,014][AutoNode][DEBUG] - Defining data type 'texcoordh[3]' as 'TexCoord3h' and array 'TexCoord3hArray
[2026-06-18 02:59:01,014][AutoNode][DEBUG] - Defining data type 'timecode' as 'Timecode' and array 'TimecodeArray
[2026-06-18 02:59:01,014][AutoNode][DEBUG] - Defining data type 'token' as 'Token' and array 'TokenArray
[2026-06-18 02:59:01,014][AutoNode][DEBUG] - Defining data type 'uchar' as 'UChar' and array 'UCharArray
[2026-06-18 02:59:01,014][AutoNode][DEBUG] - Defining data type 'uint' as 'UInt' and array 'UIntArray
[2026-06-18 02:59:01,015][AutoNode][DEBUG] - Defining data type 'uint64' as 'UInt64' and array 'UInt64Array
[2026-06-18 02:59:01,015][AutoNode][DEBUG] - Defining data type 'vectord[3]' as 'Vector3d' and array 'Vector3dArray
[2026-06-18 02:59:01,015][AutoNode][DEBUG] - Defining data type 'vectorf[3]' as 'Vector3f' and array 'Vector3fArray
[2026-06-18 02:59:01,015][AutoNode][DEBUG] - Defining data type 'vectorh[3]' as 'Vector3h' and array 'Vector3hArray
Loading user config located at: '/isaac-sim/kit/data/Kit/IsaacLab/3.0/user.config.json'
[Info] [carb] Logging to file: /isaac-sim/kit/logs/Kit/IsaacLab/3.0/kit_20260618_025847.log
2026-06-18T02:58:47Z [4ms] [Warning] [omni.ext.plugin] [ext: isaaclab_visualizers] Extensions config 'extension.toml' doesn't exist '/workspace/isaaclab/source/isaaclab_visualizers' or '/workspace/isaaclab/source/isaaclab_visualizers/config'

|---------------------------------------------------------------------------------------------|
| Driver Version: 580.159.03    | Graphics API: Vulkan
|=============================================================================================|
| GPU | Name                             | Active | LDA | GPU Memory | Vendor-ID | LUID       |
|     |                                  |        |     |            | Device-ID | UUID       |
|     |                                  |        |     |            | Bus-ID    |            |
|---------------------------------------------------------------------------------------------|
| 0   | NVIDIA GeForce RTX 2070          | Yes: 0 |     | 8438    MB | 10de      | 0          |
|     |                                  |        |     |            | 1f14      | a951febe.. |
|     |                                  |        |     |            | 1         |            |
|=============================================================================================|
| OS: 24.04.4 LTS (Noble Numbat) ubuntu, Version: 24.04.4, Kernel: 6.17.0-35-generic
| XServer Vendor: The X.Org Foundation, XServer Version: 12101011 (1.21.1.11)
| Processor: Intel(R) Core(TM) i7-10750H CPU @ 2.60GHz
| Cores: 6 | Logical Cores: 12
|---------------------------------------------------------------------------------------------|
| Total Memory (MB): 31854 | Free Memory: 24332
| Total Page/Swap (MB): 8191 | Free Page/Swap: 5369
|---------------------------------------------------------------------------------------------|
2026-06-18T02:58:49Z [1,649ms] [Warning] [gpu.foundation.plugin] CPU performance profile is set to powersave. This profile sets the CPU to the lowest frequency reducing performance.
2026-06-18T02:58:49Z [1,656ms] [Warning] [gpu.foundation.plugin] PCIe link width current (8) and maximum (16) for device 0 don't match.
2026-06-18T02:59:00Z [12,178ms] [Warning] [omni.log] Source: omni.hydra was already registered.
OmniReplicatorNvExtension starting up (ext_id: omni.replicator.nv-1.1.0).
2026-06-18T02:59:01Z [13,494ms] [Warning] [pxr.Semantics] pxr.Semantics is deprecated - please use Semantics instead
2026-06-18T02:59:01Z [13,654ms] [Warning] [omni.replicator.core.scripts.extension] No material configuration file, adding configuration to material settings directly.
2026-06-18T02:59:02Z [15,053ms] [Warning] [omni.usd] Encountered USD Warnings but USD Diagnostics are currently muted. To view USD Warnings, please set the '/persistent/app/usd/muteUsdDiagnostics' setting to false in Preferences page.
2026-06-18T02:59:04Z [16,465ms] [Warning] [omni.kit.window.filepicker.collections.collection_item] Failed to add '/root/Documents': '/root/Documents/' as dupliated path in 'Documents'
[WARNING]: The `policy` configuration is deprecated for rsl-rl >= 4.0.0. Please use, e.g., `actor` and `critic` model configurations instead.
[WARNING]: The `policy` configuration is used to infer the `actor` model configuration.
[WARNING]: The `policy` configuration is used to infer the `critic` model configuration.
[WARNING]: The `distribution_cfg` configuration is now used to specify the output distribution for stochastic policies. Consider updating the configuration to use `distribution_cfg` instead of `stochastic`, `init_noise_std`, `noise_std_type`, and `state_dependent_std` parameters.
[INFO] Loading experiment from directory: /workspace/Ankybot_v2/logs/rsl_rl/ankybot_v2
[2026-06-18 02:59:07,084][isaaclab_physx.physics.physx_manager][WARNING] - TGS solver with enable_external_forces_every_iteration=False may cause noisy velocities.
[INFO]: Base environment:
	Environment device    : cuda:0
	Environment seed      : 42
	Physics step-size     : 0.002
	Rendering step-size   : 0.002
	Environment step-size : 0.01
[2026-06-18 02:59:07,307][isaaclab.envs.manager_based_env][WARNING] - The render interval (1.0) is smaller than the decimation (5). Multiple render calls will happen for each environment step. If this is not intended, set the render interval to be equal to the decimation.
2026-06-18T02:59:06Z [18,283ms] [Warning] [omni.kit.menu.utils.layout] Multiple matching items found for layout "Physics". Found Create, Window. Change <<class 'omni.kit.menu.utils.layout.MenuLayout.SubMenu'> name:Physics> to use specific source. Using "source="Create/Physics""
2026-06-18T02:59:07Z [19,232ms] [Warning] [isaaclab_physx.physics.physx_manager] TGS solver with enable_external_forces_every_iteration=False may cause noisy velocities.
2026-06-18T02:59:07Z [19,455ms] [Warning] [isaaclab.envs.manager_based_env] The render interval (1.0) is smaller than the decimation (5). Multiple render calls will happen for each environment step. If this is not intended, set the render interval to be equal to the decimation.
2026-06-18T02:59:09Z [21,559ms] [Warning] [omni.fabric.plugin] Warning: attribute material:binding not found for path /__Prototype_16192262218931130544/FLThigh

2026-06-18T02:59:10Z [22,292ms] [Warning] [isaacsim.core.simulation_manager.impl.simulation_manager] Changing backend from 'numpy' to 'torch' since NumPy cannot be used with GPU piplines
2026-06-18T02:59:10Z [22,675ms] [Warning] [omni.physics.isaacsimready.scripts.variant_switcher] VariantSwitcher: Variant 'physx' not found in variant set 'Physics' on prim '/World/envs/env_65/Robot/FinalURDF_SLDASM'. Available variants: ['None', 'PhysX']
2026-06-18T02:59:10Z [22,675ms] [Warning] [omni.physics.isaacsimready.scripts.variant_switcher] VariantSwitcher: Variant 'physx' not found in variant set 'Physics' on prim '/World/envs/env_92/Robot/FinalURDF_SLDASM'. Available variants: ['None', 'PhysX']
2026-06-18T02:59:10Z [22,675ms] [Warning] [omni.physics.isaacsimready.scripts.variant_switcher] VariantSwitcher: Variant 'physx' not found in variant set 'Physics' on prim '/World/envs/env_21/Robot/FinalURDF_SLDASM'. Available variants: ['None', 'PhysX']
2026-06-18T02:59:10Z [22,675ms] [Warning] [omni.physics.isaacsimready.scripts.variant_switcher] VariantSwitcher: Variant 'physx' not found in variant set 'Physics' on prim '/World/envs/env_110/Robot/FinalURDF_SLDASM'. Available variants: ['None', 'PhysX']
2026-06-18T02:59:10Z [22,675ms] [Warning] [omni.physics.isaacsimready.scripts.variant_switcher] VariantSwitcher: Variant 'physx' not found in variant set 'Physics' on prim '/World/envs/env_23/Robot/FinalURDF_SLDASM'. Available variants: ['None', 'PhysX']
2026-06-18T02:59:10Z [22,676ms] [Warning] [omni.physics.isaacsimready.scripts.variant_switcher] VariantSwitcher: Variant 'physx' not found in variant set 'Physics' on prim '/World/envs/env_30/Robot/FinalURDF_SLDASM'. Available variants: ['None', 'PhysX']
2026-06-18T02:59:10Z [22,676ms] [Warning] [omni.physics.isaacsimready.scripts.variant_switcher] VariantSwitcher: Variant 'physx' not found in variant set 'Physics' on prim '/World/envs/env_36/Robot/FinalURDF_SLDASM'. Available variants: ['None', 'PhysX']
2026-06-18T02:59:10Z [22,676ms] [Warning] [omni.physics.isaacsimready.scripts.variant_switcher] VariantSwitcher: Variant 'physx' not found in variant set 'Physics' on prim '/World/envs/env_90/Robot/FinalURDF_SLDASM'. Available variants: ['None', 'PhysX']
2026-06-18T02:59:10Z [22,676ms] [Warning] [omni.physics.isaacsimready.scripts.variant_switcher] VariantSwitcher: Variant 'physx' not found in variant set 'Physics' on prim '/World/envs/env_64/Robot/FinalURDF_SLDASM'. Available variants: ['None', 'PhysX']
2026-06-18T02:59:10Z [22,676ms] [Warning] [omni.physics.isaacsimready.scripts.variant_switcher] VariantSwitcher: Variant 'physx' not found in variant set 'Physics' on prim '/World/envs/env_84/Robot/FinalURDF_SLDASM'. Available variants: ['None', 'PhysX']
2026-06-18T02:59:10Z [22,676ms] [Warning] [omni.physics.isaacsimready.scripts.variant_switcher] VariantSwitcher: Variant 'physx' not found in variant set 'Physics' on prim '/World/envs/env_3/Robot/FinalURDF_SLDASM'. Available variants: ['None', 'PhysX']
2026-06-18T02:59:10Z [22,676ms] [Warning] [omni.physics.isaacsimready.scripts.variant_switcher] VariantSwitcher: Variant 'physx' not found in variant set 'Physics' on prim '/World/envs/env_88/Robot/FinalURDF_SLDASM'. Available variants: ['None', 'PhysX']
2026-06-18T02:59:10Z [22,676ms] [Warning] [omni.physics.isaacsimready.scripts.variant_switcher] VariantSwitcher: Variant 'physx' not found in variant set 'Physics' on prim '/World/envs/env_86/Robot/FinalURDF_SLDASM'. Available variants: ['None', 'PhysX']
2026-06-18T02:59:10Z [22,676ms] [Warning] [omni.physics.isaacsimready.scripts.variant_switcher] VariantSwitcher: Variant 'physx' not found in variant set 'Physics' on prim '/World/envs/env_105/Robot/FinalURDF_SLDASM'. Available variants: ['None', 'PhysX']
2026-06-18T02:59:10Z [22,676ms] [Warning] [omni.physics.isaacsimready.scripts.variant_switcher] VariantSwitcher: Variant 'physx' not found in variant set 'Physics' on prim '/World/envs/env_33/Robot/FinalURDF_SLDASM'. Available variants: ['None', 'PhysX']
2026-06-18T02:59:10Z [22,676ms] [Warning] [omni.physics.isaacsimready.scripts.variant_switcher] VariantSwitcher: Variant 'physx' not found in variant set 'Physics' on prim '/World/envs/env_73/Robot/FinalURDF_SLDASM'. Available variants: ['None', 'PhysX']
2026-06-18T02:59:10Z [22,676ms] [Warning] [omni.physics.isaacsimready.scripts.variant_switcher] VariantSwitcher: Variant 'physx' not found in variant set 'Physics' on prim '/World/envs/env_46/Robot/FinalURDF_SLDASM'. Available variants: ['None', 'PhysX']
2026-06-18T02:59:10Z [22,676ms] [Warning] [omni.physics.isaacsimready.scripts.variant_switcher] VariantSwitcher: Variant 'physx' not found in variant set 'Physics' on prim '/World/envs/env_79/Robot/FinalURDF_SLDASM'. Available variants: ['None', 'PhysX']
2026-06-18T02:59:10Z [22,676ms] [Warning] [omni.physics.isaacsimready.scripts.variant_switcher] VariantSwitcher: Variant 'physx' not found in variant set 'Physics' on prim '/World/envs/env_111/Robot/FinalURDF_SLDASM'. Available variants: ['None', 'PhysX']
2026-06-18T02:59:10Z [22,677ms] [Warning] [omni.physics.isaacsimready.scripts.variant_switcher] VariantSwitcher: Variant 'physx' not found in variant set 'Physics' on prim '/World/envs/env_16/Robot/FinalURDF_SLDASM'. Available variants: ['None', 'PhysX']
2026-06-18T02:59:10Z [22,677ms] [Warning] [omni.physics.isaacsimready.scripts.variant_switcher] VariantSwitcher: Variant 'physx' not found in variant set 'Physics' on prim '/World/envs/env_98/Robot/FinalURDF_SLDASM'. Available variants: ['None', 'PhysX']
2026-06-18T02:59:10Z [22,677ms] [Warning] [omni.physics.isaacsimready.scripts.variant_switcher] VariantSwitcher: Variant 'physx' not found in variant set 'Physics' on prim '/World/envs/env_7/Robot/FinalURDF_SLDASM'. Available variants: ['None', 'PhysX']
2026-06-18T02:59:10Z [22,677ms] [Warning] [omni.physics.isaacsimready.scripts.variant_switcher] VariantSwitcher: Variant 'physx' not found in variant set 'Physics' on prim '/World/envs/env_127/Robot/FinalURDF_SLDASM'. Available variants: ['None', 'PhysX']
2026-06-18T02:59:10Z [22,677ms] [Warning] [omni.physics.isaacsimready.scripts.variant_switcher] VariantSwitcher: Variant 'physx' not found in variant set 'Physics' on prim '/World/envs/env_63/Robot/FinalURDF_SLDASM'. Available variants: ['None', 'PhysX']
2026-06-18T02:59:10Z [22,677ms] [Warning] [omni.physics.isaacsimready.scripts.variant_switcher] VariantSwitcher: Variant 'physx' not found in variant set 'Physics' on prim '/World/envs/env_1/Robot/FinalURDF_SLDASM'. Available variants: ['None', 'PhysX']
2026-06-18T02:59:10Z [22,677ms] [Warning] [omni.physics.isaacsimready.scripts.variant_switcher] VariantSwitcher: Variant 'physx' not found in variant set 'Physics' on prim '/World/envs/env_126/Robot/FinalURDF_SLDASM'. Available variants: ['None', 'PhysX']
2026-06-18T02:59:10Z [22,677ms] [Warning] [omni.physics.isaacsimready.scripts.variant_switcher] VariantSwitcher: Variant 'physx' not found in variant set 'Physics' on prim '/World/envs/env_47/Robot/FinalURDF_SLDASM'. Available variants: ['None', 'PhysX']
2026-06-18T02:59:10Z [22,677ms] [Warning] [omni.physics.isaacsimready.scripts.variant_switcher] VariantSwitcher: Variant 'physx' not found in variant set 'Physics' on prim '/World/envs/env_62/Robot/FinalURDF_SLDASM'. Available variants: ['None', 'PhysX']
2026-06-18T02:59:10Z [22,677ms] [Warning] [omni.physics.isaacsimready.scripts.variant_switcher] VariantSwitcher: Variant 'physx' not found in variant set 'Physics' on prim '/World/envs/env_41/Robot/FinalURDF_SLDASM'. Available variants: ['None', 'PhysX']
2026-06-18T02:59:10Z [22,677ms] [Warning] [omni.physics.isaacsimready.scripts.variant_switcher] VariantSwitcher: Variant 'physx' not found in variant set 'Physics' on prim '/World/envs/env_13/Robot/FinalURDF_SLDASM'. Available variants: ['None', 'PhysX']
2026-06-18T02:59:10Z [22,677ms] [Warning] [omni.physics.isaacsimready.scripts.variant_switcher] VariantSwitcher: Variant 'physx' not found in variant set 'Physics' on prim '/World/envs/env_68/Robot/FinalURDF_SLDASM'. Available variants: ['None', 'PhysX']
2026-06-18T02:59:10Z [22,677ms] [Warning] [omni.physics.isaacsimready.scripts.variant_switcher] VariantSwitcher: Variant 'physx' not found in variant set 'Physics' on prim '/World/envs/env_93/Robot/FinalURDF_SLDASM'. Available variants: ['None', 'PhysX']
2026-06-18T02:59:10Z [22,677ms] [Warning] [omni.physics.isaacsimready.scripts.variant_switcher] VariantSwitcher: Variant 'physx' not found in variant set 'Physics' on prim '/World/envs/env_81/Robot/FinalURDF_SLDASM'. Available variants: ['None', 'PhysX']
2026-06-18T02:59:10Z [22,677ms] [Warning] [omni.physics.isaacsimready.scripts.variant_switcher] VariantSwitcher: Variant 'physx' not found in variant set 'Physics' on prim '/World/envs/env_26/Robot/FinalURDF_SLDASM'. Available variants: ['None', 'PhysX']
2026-06-18T02:59:10Z [22,678ms] [Warning] [omni.physics.isaacsimready.scripts.variant_switcher] VariantSwitcher: Variant 'physx' not found in variant set 'Physics' on prim '/World/envs/env_48/Robot/FinalURDF_SLDASM'. Available variants: ['None', 'PhysX']
2026-06-18T02:59:10Z [22,678ms] [Warning] [omni.physics.isaacsimready.scripts.variant_switcher] VariantSwitcher: Variant 'physx' not found in variant set 'Physics' on prim '/World/envs/env_31/Robot/FinalURDF_SLDASM'. Available variants: ['None', 'PhysX']
2026-06-18T02:59:10Z [22,678ms] [Warning] [omni.physics.isaacsimready.scripts.variant_switcher] VariantSwitcher: Variant 'physx' not found in variant set 'Physics' on prim '/World/envs/env_24/Robot/FinalURDF_SLDASM'. Available variants: ['None', 'PhysX']
2026-06-18T02:59:10Z [22,678ms] [Warning] [omni.physics.isaacsimready.scripts.variant_switcher] VariantSwitcher: Variant 'physx' not found in variant set 'Physics' on prim '/World/envs/env_22/Robot/FinalURDF_SLDASM'. Available variants: ['None', 'PhysX']
2026-06-18T02:59:10Z [22,678ms] [Warning] [omni.physics.isaacsimready.scripts.variant_switcher] VariantSwitcher: Variant 'physx' not found in variant set 'Physics' on prim '/World/envs/env_96/Robot/FinalURDF_SLDASM'. Available variants: ['None', 'PhysX']
2026-06-18T02:59:10Z [22,678ms] [Warning] [omni.physics.isaacsimready.scripts.variant_switcher] VariantSwitcher: Variant 'physx' not found in variant set 'Physics' on prim '/World/envs/env_78/Robot/FinalURDF_SLDASM'. Available variants: ['None', 'PhysX']
2026-06-18T02:59:10Z [22,678ms] [Warning] [omni.physics.isaacsimready.scripts.variant_switcher] VariantSwitcher: Variant 'physx' not found in variant set 'Physics' on prim '/World/envs/env_49/Robot/FinalURDF_SLDASM'. Available variants: ['None', 'PhysX']
2026-06-18T02:59:10Z [22,678ms] [Warning] [omni.physics.isaacsimready.scripts.variant_switcher] VariantSwitcher: Variant 'physx' not found in variant set 'Physics' on prim '/World/envs/env_107/Robot/FinalURDF_SLDASM'. Available variants: ['None', 'PhysX']
2026-06-18T02:59:10Z [22,678ms] [Warning] [omni.physics.isaacsimready.scripts.variant_switcher] VariantSwitcher: Variant 'physx' not found in variant set 'Physics' on prim '/World/envs/env_83/Robot/FinalURDF_SLDASM'. Available variants: ['None', 'PhysX']
2026-06-18T02:59:10Z [22,678ms] [Warning] [omni.physics.isaacsimready.scripts.variant_switcher] VariantSwitcher: Variant 'physx' not found in variant set 'Physics' on prim '/World/envs/env_75/Robot/FinalURDF_SLDASM'. Available variants: ['None', 'PhysX']
2026-06-18T02:59:10Z [22,678ms] [Warning] [omni.physics.isaacsimready.scripts.variant_switcher] VariantSwitcher: Variant 'physx' not found in variant set 'Physics' on prim '/World/envs/env_50/Robot/FinalURDF_SLDASM'. Available variants: ['None', 'PhysX']
2026-06-18T02:59:10Z [22,678ms] [Warning] [omni.physics.isaacsimready.scripts.variant_switcher] VariantSwitcher: Variant 'physx' not found in variant set 'Physics' on prim '/World/envs/env_123/Robot/FinalURDF_SLDASM'. Available variants: ['None', 'PhysX']
2026-06-18T02:59:10Z [22,678ms] [Warning] [omni.physics.isaacsimready.scripts.variant_switcher] VariantSwitcher: Variant 'physx' not found in variant set 'Physics' on prim '/World/envs/env_67/Robot/FinalURDF_SLDASM'. Available variants: ['None', 'PhysX']
2026-06-18T02:59:10Z [22,678ms] [Warning] [omni.physics.isaacsimready.scripts.variant_switcher] VariantSwitcher: Variant 'physx' not found in variant set 'Physics' on prim '/World/envs/env_85/Robot/FinalURDF_SLDASM'. Available variants: ['None', 'PhysX']
2026-06-18T02:59:10Z [22,678ms] [Warning] [omni.physics.isaacsimready.scripts.variant_switcher] VariantSwitcher: Variant 'physx' not found in variant set 'Physics' on prim '/World/envs/env_9/Robot/FinalURDF_SLDASM'. Available variants: ['None', 'PhysX']
2026-06-18T02:59:10Z [22,679ms] [Warning] [omni.physics.isaacsimready.scripts.variant_switcher] VariantSwitcher: Variant 'physx' not found in variant set 'Physics' on prim '/World/envs/env_117/Robot/FinalURDF_SLDASM'. Available variants: ['None', 'PhysX']
2026-06-18T02:59:10Z [22,679ms] [Warning] [omni.physics.isaacsimready.scripts.variant_switcher] VariantSwitcher: Variant 'physx' not found in variant set 'Physics' on prim '/World/envs/env_103/Robot/FinalURDF_SLDASM'. Available variants: ['None', 'PhysX']
2026-06-18T02:59:10Z [22,679ms] [Warning] [omni.physics.isaacsimready.scripts.variant_switcher] VariantSwitcher: Variant 'physx' not found in variant set 'Physics' on prim '/World/envs/env_87/Robot/FinalURDF_SLDASM'. Available variants: ['None', 'PhysX']
2026-06-18T02:59:10Z [22,679ms] [Warning] [omni.physics.isaacsimready.scripts.variant_switcher] VariantSwitcher: Variant 'physx' not found in variant set 'Physics' on prim '/World/envs/env_12/Robot/FinalURDF_SLDASM'. Available variants: ['None', 'PhysX']
2026-06-18T02:59:10Z [22,679ms] [Warning] [omni.physics.isaacsimready.scripts.variant_switcher] VariantSwitcher: Variant 'physx' not found in variant set 'Physics' on prim '/World/envs/env_51/Robot/FinalURDF_SLDASM'. Available variants: ['None', 'PhysX']
2026-06-18T02:59:10Z [22,679ms] [Warning] [omni.physics.isaacsimready.scripts.variant_switcher] VariantSwitcher: Variant 'physx' not found in variant set 'Physics' on prim '/World/envs/env_118/Robot/FinalURDF_SLDASM'. Available variants: ['None', 'PhysX']
2026-06-18T02:59:10Z [22,679ms] [Warning] [omni.physics.isaacsimready.scripts.variant_switcher] VariantSwitcher: Variant 'physx' not found in variant set 'Physics' on prim '/World/envs/env_121/Robot/FinalURDF_SLDASM'. Available variants: ['None', 'PhysX']
2026-06-18T02:59:10Z [22,679ms] [Warning] [omni.physics.isaacsimready.scripts.variant_switcher] VariantSwitcher: Variant 'physx' not found in variant set 'Physics' on prim '/World/envs/env_52/Robot/FinalURDF_SLDASM'. Available variants: ['None', 'PhysX']
2026-06-18T02:59:10Z [22,679ms] [Warning] [omni.physics.isaacsimready.scripts.variant_switcher] VariantSwitcher: Variant 'physx' not found in variant set 'Physics' on prim '/World/envs/env_71/Robot/FinalURDF_SLDASM'. Available variants: ['None', 'PhysX']
2026-06-18T02:59:10Z [22,679ms] [Warning] [omni.physics.isaacsimready.scripts.variant_switcher] VariantSwitcher: Variant 'physx' not found in variant set 'Physics' on prim '/World/envs/env_43/Robot/FinalURDF_SLDASM'. Available variants: ['None', 'PhysX']
2026-06-18T02:59:10Z [22,679ms] [Warning] [omni.physics.isaacsimready.scripts.variant_switcher] VariantSwitcher: Variant 'physx' not found in variant set 'Physics' on prim '/World/envs/env_57/Robot/FinalURDF_SLDASM'. Available variants: ['None', 'PhysX']
2026-06-18T02:59:10Z [22,679ms] [Warning] [omni.physics.isaacsimready.scripts.variant_switcher] VariantSwitcher: Variant 'physx' not found in variant set 'Physics' on prim '/World/envs/env_66/Robot/FinalURDF_SLDASM'. Available variants: ['None', 'PhysX']
2026-06-18T02:59:10Z [22,679ms] [Warning] [omni.physics.isaacsimready.scripts.variant_switcher] VariantSwitcher: Variant 'physx' not found in variant set 'Physics' on prim '/World/envs/env_0/Robot/FinalURDF_SLDASM'. Available variants: ['None', 'PhysX']
2026-06-18T02:59:10Z [22,679ms] [Warning] [omni.physics.isaacsimready.scripts.variant_switcher] VariantSwitcher: Variant 'physx' not found in variant set 'Physics' on prim '/World/envs/env_77/Robot/FinalURDF_SLDASM'. Available variants: ['None', 'PhysX']
2026-06-18T02:59:10Z [22,679ms] [Warning] [omni.physics.isaacsimready.scripts.variant_switcher] VariantSwitcher: Variant 'physx' not found in variant set 'Physics' on prim '/World/envs/env_35/Robot/FinalURDF_SLDASM'. Available variants: ['None', 'PhysX']
2026-06-18T02:59:10Z [22,680ms] [Warning] [omni.physics.isaacsimready.scripts.variant_switcher] VariantSwitcher: Variant 'physx' not found in variant set 'Physics' on prim '/World/envs/env_27/Robot/FinalURDF_SLDASM'. Available variants: ['None', 'PhysX']
2026-06-18T02:59:10Z [22,680ms] [Warning] [omni.physics.isaacsimready.scripts.variant_switcher] VariantSwitcher: Variant 'physx' not found in variant set 'Physics' on prim '/World/envs/env_39/Robot/FinalURDF_SLDASM'. Available variants: ['None', 'PhysX']
2026-06-18T02:59:10Z [22,680ms] [Warning] [omni.physics.isaacsimready.scripts.variant_switcher] VariantSwitcher: Variant 'physx' not found in variant set 'Physics' on prim '/World/envs/env_4/Robot/FinalURDF_SLDASM'. Available variants: ['None', 'PhysX']
2026-06-18T02:59:10Z [22,680ms] [Warning] [omni.physics.isaacsimready.scripts.variant_switcher] VariantSwitcher: Variant 'physx' not found in variant set 'Physics' on prim '/World/envs/env_70/Robot/FinalURDF_SLDASM'. Available variants: ['None', 'PhysX']
2026-06-18T02:59:10Z [22,680ms] [Warning] [omni.physics.isaacsimready.scripts.variant_switcher] VariantSwitcher: Variant 'physx' not found in variant set 'Physics' on prim '/World/envs/env_19/Robot/FinalURDF_SLDASM'. Available variants: ['None', 'PhysX']
2026-06-18T02:59:10Z [22,680ms] [Warning] [omni.physics.isaacsimready.scripts.variant_switcher] VariantSwitcher: Variant 'physx' not found in variant set 'Physics' on prim '/World/envs/env_82/Robot/FinalURDF_SLDASM'. Available variants: ['None', 'PhysX']
2026-06-18T02:59:10Z [22,680ms] [Warning] [omni.physics.isaacsimready.scripts.variant_switcher] VariantSwitcher: Variant 'physx' not found in variant set 'Physics' on prim '/World/envs/env_14/Robot/FinalURDF_SLDASM'. Available variants: ['None', 'PhysX']
2026-06-18T02:59:10Z [22,680ms] [Warning] [omni.physics.isaacsimready.scripts.variant_switcher] VariantSwitcher: Variant 'physx' not found in variant set 'Physics' on prim '/World/envs/env_25/Robot/FinalURDF_SLDASM'. Available variants: ['None', 'PhysX']
2026-06-18T02:59:10Z [22,680ms] [Warning] [omni.physics.isaacsimready.scripts.variant_switcher] VariantSwitcher: Variant 'physx' not found in variant set 'Physics' on prim '/World/envs/env_11/Robot/FinalURDF_SLDASM'. Available variants: ['None', 'PhysX']
2026-06-18T02:59:10Z [22,680ms] [Warning] [omni.physics.isaacsimready.scripts.variant_switcher] VariantSwitcher: Variant 'physx' not found in variant set 'Physics' on prim '/World/envs/env_45/Robot/FinalURDF_SLDASM'. Available variants: ['None', 'PhysX']
2026-06-18T02:59:10Z [22,680ms] [Warning] [omni.physics.isaacsimready.scripts.variant_switcher] VariantSwitcher: Variant 'physx' not found in variant set 'Physics' on prim '/World/envs/env_40/Robot/FinalURDF_SLDASM'. Available variants: ['None', 'PhysX']
2026-06-18T02:59:10Z [22,680ms] [Warning] [omni.physics.isaacsimready.scripts.variant_switcher] VariantSwitcher: Variant 'physx' not found in variant set 'Physics' on prim '/World/envs/env_101/Robot/FinalURDF_SLDASM'. Available variants: ['None', 'PhysX']
2026-06-18T02:59:10Z [22,680ms] [Warning] [omni.physics.isaacsimready.scripts.variant_switcher] VariantSwitcher: Variant 'physx' not found in variant set 'Physics' on prim '/World/envs/env_95/Robot/FinalURDF_SLDASM'. Available variants: ['None', 'PhysX']
2026-06-18T02:59:10Z [22,680ms] [Warning] [omni.physics.isaacsimready.scripts.variant_switcher] VariantSwitcher: Variant 'physx' not found in variant set 'Physics' on prim '/World/envs/env_69/Robot/FinalURDF_SLDASM'. Available variants: ['None', 'PhysX']
2026-06-18T02:59:10Z [22,681ms] [Warning] [omni.physics.isaacsimready.scripts.variant_switcher] VariantSwitcher: Variant 'physx' not found in variant set 'Physics' on prim '/World/envs/env_76/Robot/FinalURDF_SLDASM'. Available variants: ['None', 'PhysX']
2026-06-18T02:59:10Z [22,681ms] [Warning] [omni.physics.isaacsimready.scripts.variant_switcher] VariantSwitcher: Variant 'physx' not found in variant set 'Physics' on prim '/World/envs/env_28/Robot/FinalURDF_SLDASM'. Available variants: ['None', 'PhysX']
2026-06-18T02:59:10Z [22,681ms] [Warning] [omni.physics.isaacsimready.scripts.variant_switcher] VariantSwitcher: Variant 'physx' not found in variant set 'Physics' on prim '/World/envs/env_112/Robot/FinalURDF_SLDASM'. Available variants: ['None', 'PhysX']
2026-06-18T02:59:10Z [22,681ms] [Warning] [omni.physics.isaacsimready.scripts.variant_switcher] VariantSwitcher: Variant 'physx' not found in variant set 'Physics' on prim '/World/envs/env_2/Robot/FinalURDF_SLDASM'. Available variants: ['None', 'PhysX']
2026-06-18T02:59:10Z [22,681ms] [Warning] [omni.physics.isaacsimready.scripts.variant_switcher] VariantSwitcher: Variant 'physx' not found in variant set 'Physics' on prim '/World/envs/env_10/Robot/FinalURDF_SLDASM'. Available variants: ['None', 'PhysX']
2026-06-18T02:59:10Z [22,681ms] [Warning] [omni.physics.isaacsimready.scripts.variant_switcher] VariantSwitcher: Variant 'physx' not found in variant set 'Physics' on prim '/World/envs/env_106/Robot/FinalURDF_SLDASM'. Available variants: ['None', 'PhysX']
2026-06-18T02:59:10Z [22,681ms] [Warning] [omni.physics.isaacsimready.scripts.variant_switcher] VariantSwitcher: Variant 'physx' not found in variant set 'Physics' on prim '/World/envs/env_18/Robot/FinalURDF_SLDASM'. Available variants: ['None', 'PhysX']
2026-06-18T02:59:10Z [22,681ms] [Warning] [omni.physics.isaacsimready.scripts.variant_switcher] VariantSwitcher: Variant 'physx' not found in variant set 'Physics' on prim '/World/envs/env_37/Robot/FinalURDF_SLDASM'. Available variants: ['None', 'PhysX']
2026-06-18T02:59:10Z [22,681ms] [Warning] [omni.physics.isaacsimready.scripts.variant_switcher] VariantSwitcher: Variant 'physx' not found in variant set 'Physics' on prim '/World/envs/env_102/Robot/FinalURDF_SLDASM'. Available variants: ['None', 'PhysX']
2026-06-18T02:59:10Z [22,681ms] [Warning] [omni.physics.isaacsimready.scripts.variant_switcher] VariantSwitcher: Variant 'physx' not found in variant set 'Physics' on prim '/World/envs/env_113/Robot/FinalURDF_SLDASM'. Available variants: ['None', 'PhysX']
2026-06-18T02:59:10Z [22,681ms] [Warning] [omni.physics.isaacsimready.scripts.variant_switcher] VariantSwitcher: Variant 'physx' not found in variant set 'Physics' on prim '/World/envs/env_72/Robot/FinalURDF_SLDASM'. Available variants: ['None', 'PhysX']
2026-06-18T02:59:10Z [22,681ms] [Warning] [omni.physics.isaacsimready.scripts.variant_switcher] VariantSwitcher: Variant 'physx' not found in variant set 'Physics' on prim '/World/envs/env_6/Robot/FinalURDF_SLDASM'. Available variants: ['None', 'PhysX']
2026-06-18T02:59:10Z [22,681ms] [Warning] [omni.physics.isaacsimready.scripts.variant_switcher] VariantSwitcher: Variant 'physx' not found in variant set 'Physics' on prim '/World/envs/env_125/Robot/FinalURDF_SLDASM'. Available variants: ['None', 'PhysX']
2026-06-18T02:59:10Z [22,681ms] [Warning] [omni.physics.isaacsimready.scripts.variant_switcher] VariantSwitcher: Variant 'physx' not found in variant set 'Physics' on prim '/World/envs/env_34/Robot/FinalURDF_SLDASM'. Available variants: ['None', 'PhysX']
2026-06-18T02:59:10Z [22,681ms] [Warning] [omni.physics.isaacsimready.scripts.variant_switcher] VariantSwitcher: Variant 'physx' not found in variant set 'Physics' on prim '/World/envs/env_20/Robot/FinalURDF_SLDASM'. Available variants: ['None', 'PhysX']
2026-06-18T02:59:10Z [22,682ms] [Warning] [omni.physics.isaacsimready.scripts.variant_switcher] VariantSwitcher: Variant 'physx' not found in variant set 'Physics' on prim '/World/envs/env_61/Robot/FinalURDF_SLDASM'. Available variants: ['None', 'PhysX']
2026-06-18T02:59:10Z [22,682ms] [Warning] [omni.physics.isaacsimready.scripts.variant_switcher] VariantSwitcher: Variant 'physx' not found in variant set 'Physics' on prim '/World/envs/env_114/Robot/FinalURDF_SLDASM'. Available variants: ['None', 'PhysX']
2026-06-18T02:59:10Z [22,682ms] [Warning] [omni.physics.isaacsimready.scripts.variant_switcher] VariantSwitcher: Variant 'physx' not found in variant set 'Physics' on prim '/World/envs/env_124/Robot/FinalURDF_SLDASM'. Available variants: ['None', 'PhysX']
2026-06-18T02:59:10Z [22,682ms] [Warning] [omni.physics.isaacsimready.scripts.variant_switcher] VariantSwitcher: Variant 'physx' not found in variant set 'Physics' on prim '/World/envs/env_42/Robot/FinalURDF_SLDASM'. Available variants: ['None', 'PhysX']
2026-06-18T02:59:10Z [22,682ms] [Warning] [omni.physics.isaacsimready.scripts.variant_switcher] VariantSwitcher: Variant 'physx' not found in variant set 'Physics' on prim '/World/envs/env_60/Robot/FinalURDF_SLDASM'. Available variants: ['None', 'PhysX']
2026-06-18T02:59:10Z [22,682ms] [Warning] [omni.physics.isaacsimready.scripts.variant_switcher] VariantSwitcher: Variant 'physx' not found in variant set 'Physics' on prim '/World/envs/env_99/Robot/FinalURDF_SLDASM'. Available variants: ['None', 'PhysX']
2026-06-18T02:59:10Z [22,682ms] [Warning] [omni.physics.isaacsimready.scripts.variant_switcher] VariantSwitcher: Variant 'physx' not found in variant set 'Physics' on prim '/World/envs/env_91/Robot/FinalURDF_SLDASM'. Available variants: ['None', 'PhysX']
2026-06-18T02:59:10Z [22,682ms] [Warning] [omni.physics.isaacsimready.scripts.variant_switcher] VariantSwitcher: Variant 'physx' not found in variant set 'Physics' on prim '/World/envs/env_115/Robot/FinalURDF_SLDASM'. Available variants: ['None', 'PhysX']
2026-06-18T02:59:10Z [22,682ms] [Warning] [omni.physics.isaacsimready.scripts.variant_switcher] VariantSwitcher: Variant 'physx' not found in variant set 'Physics' on prim '/World/envs/env_116/Robot/FinalURDF_SLDASM'. Available variants: ['None', 'PhysX']
2026-06-18T02:59:10Z [22,682ms] [Warning] [omni.physics.isaacsimready.scripts.variant_switcher] VariantSwitcher: Variant 'physx' not found in variant set 'Physics' on prim '/World/envs/env_15/Robot/FinalURDF_SLDASM'. Available variants: ['None', 'PhysX']
2026-06-18T02:59:10Z [22,682ms] [Warning] [omni.physics.isaacsimready.scripts.variant_switcher] VariantSwitcher: Variant 'physx' not found in variant set 'Physics' on prim '/World/envs/env_38/Robot/FinalURDF_SLDASM'. Available variants: ['None', 'PhysX']
2026-06-18T02:59:10Z [22,682ms] [Warning] [omni.physics.isaacsimready.scripts.variant_switcher] VariantSwitcher: Variant 'physx' not found in variant set 'Physics' on prim '/World/envs/env_122/Robot/FinalURDF_SLDASM'. Available variants: ['None', 'PhysX']
2026-06-18T02:59:10Z [22,682ms] [Warning] [omni.physics.isaacsimready.scripts.variant_switcher] VariantSwitcher: Variant 'physx' not found in variant set 'Physics' on prim '/World/envs/env_59/Robot/FinalURDF_SLDASM'. Available variants: ['None', 'PhysX']
2026-06-18T02:59:10Z [22,682ms] [Warning] [omni.physics.isaacsimready.scripts.variant_switcher] VariantSwitcher: Variant 'physx' not found in variant set 'Physics' on prim '/World/envs/env_89/Robot/FinalURDF_SLDASM'. Available variants: ['None', 'PhysX']
2026-06-18T02:59:10Z [22,682ms] [Warning] [omni.physics.isaacsimready.scripts.variant_switcher] VariantSwitcher: Variant 'physx' not found in variant set 'Physics' on prim '/World/envs/env_58/Robot/FinalURDF_SLDASM'. Available variants: ['None', 'PhysX']
2026-06-18T02:59:10Z [22,683ms] [Warning] [omni.physics.isaacsimready.scripts.variant_switcher] VariantSwitcher: Variant 'physx' not found in variant set 'Physics' on prim '/World/envs/env_120/Robot/FinalURDF_SLDASM'. Available variants: ['None', 'PhysX']
2026-06-18T02:59:10Z [22,683ms] [Warning] [omni.physics.isaacsimready.scripts.variant_switcher] VariantSwitcher: Variant 'physx' not found in variant set 'Physics' on prim '/World/envs/env_29/Robot/FinalURDF_SLDASM'. Available variants: ['None', 'PhysX']
2026-06-18T02:59:10Z [22,683ms] [Warning] [omni.physics.isaacsimready.scripts.variant_switcher] VariantSwitcher: Variant 'physx' not found in variant set 'Physics' on prim '/World/envs/env_5/Robot/FinalURDF_SLDASM'. Available variants: ['None', 'PhysX']
2026-06-18T02:59:10Z [22,683ms] [Warning] [omni.physics.isaacsimready.scripts.variant_switcher] VariantSwitcher: Variant 'physx' not found in variant set 'Physics' on prim '/World/envs/env_119/Robot/FinalURDF_SLDASM'. Available variants: ['None', 'PhysX']
2026-06-18T02:59:10Z [22,683ms] [Warning] [omni.physics.isaacsimready.scripts.variant_switcher] VariantSwitcher: Variant 'physx' not found in variant set 'Physics' on prim '/World/envs/env_108/Robot/FinalURDF_SLDASM'. Available variants: ['None', 'PhysX']
2026-06-18T02:59:10Z [22,683ms] [Warning] [omni.physics.isaacsimready.scripts.variant_switcher] VariantSwitcher: Variant 'physx' not found in variant set 'Physics' on prim '/World/envs/env_56/Robot/FinalURDF_SLDASM'. Available variants: ['None', 'PhysX']
/workspace/isaaclab/_isaac_sim/kit/python/lib/python3.12/site-packages/rsl_rl/utils/utils.py:220: UserWarning: The observation configuration dictionary 'obs_groups' is empty and thus likely not configured. Consider configuring the 'obs_groups' dictionary explicitly
  warnings.warn(
/workspace/isaaclab/_isaac_sim/kit/python/lib/python3.12/site-packages/rsl_rl/utils/utils.py:251: UserWarning: The observation configuration dictionary 'obs_groups' does not contain the 'actor' key. As an observation group with the name 'policy' was found, this is assumed to be the appropriate observation. Consider adding the 'actor' key to the 'obs_groups' dictionary for clarity. This behavior will be removed in a future version.
  warnings.warn(
/workspace/isaaclab/_isaac_sim/kit/python/lib/python3.12/site-packages/rsl_rl/utils/utils.py:251: UserWarning: The observation configuration dictionary 'obs_groups' does not contain the 'critic' key. As an observation group with the name 'policy' was found, this is assumed to be the appropriate observation. Consider adding the 'critic' key to the 'obs_groups' dictionary for clarity. This behavior will be removed in a future version.
  warnings.warn(
/workspace/isaaclab/_isaac_sim/kit/python/lib/python3.12/copyreg.py:99: FutureWarning: `isinstance(treespec, LeafSpec)` is deprecated, use `isinstance(treespec, TreeSpec) and treespec.is_leaf()` instead.
  return cls.__new__(cls, *args)
2026-06-18T02:59:10Z [22,683ms] [Warning] [omni.physics.isaacsimready.scripts.variant_switcher] VariantSwitcher: Variant 'physx' not found in variant set 'Physics' on prim '/World/envs/env_54/Robot/FinalURDF_SLDASM'. Available variants: ['None', 'PhysX']
2026-06-18T02:59:10Z [22,683ms] [Warning] [omni.physics.isaacsimready.scripts.variant_switcher] VariantSwitcher: Variant 'physx' not found in variant set 'Physics' on prim '/World/envs/env_53/Robot/FinalURDF_SLDASM'. Available variants: ['None', 'PhysX']
2026-06-18T02:59:10Z [22,683ms] [Warning] [omni.physics.isaacsimready.scripts.variant_switcher] VariantSwitcher: Variant 'physx' not found in variant set 'Physics' on prim '/World/envs/env_94/Robot/FinalURDF_SLDASM'. Available variants: ['None', 'PhysX']
2026-06-18T02:59:10Z [22,683ms] [Warning] [omni.physics.isaacsimready.scripts.variant_switcher] VariantSwitcher: Variant 'physx' not found in variant set 'Physics' on prim '/World/envs/env_80/Robot/FinalURDF_SLDASM'. Available variants: ['None', 'PhysX']
2026-06-18T02:59:10Z [22,683ms] [Warning] [omni.physics.isaacsimready.scripts.variant_switcher] VariantSwitcher: Variant 'physx' not found in variant set 'Physics' on prim '/World/envs/env_55/Robot/FinalURDF_SLDASM'. Available variants: ['None', 'PhysX']
2026-06-18T02:59:10Z [22,683ms] [Warning] [omni.physics.isaacsimready.scripts.variant_switcher] VariantSwitcher: Variant 'physx' not found in variant set 'Physics' on prim '/World/envs/env_32/Robot/FinalURDF_SLDASM'. Available variants: ['None', 'PhysX']
2026-06-18T02:59:10Z [22,683ms] [Warning] [omni.physics.isaacsimready.scripts.variant_switcher] VariantSwitcher: Variant 'physx' not found in variant set 'Physics' on prim '/World/envs/env_17/Robot/FinalURDF_SLDASM'. Available variants: ['None', 'PhysX']
2026-06-18T02:59:10Z [22,683ms] [Warning] [omni.physics.isaacsimready.scripts.variant_switcher] VariantSwitcher: Variant 'physx' not found in variant set 'Physics' on prim '/World/envs/env_100/Robot/FinalURDF_SLDASM'. Available variants: ['None', 'PhysX']
2026-06-18T02:59:10Z [22,683ms] [Warning] [omni.physics.isaacsimready.scripts.variant_switcher] VariantSwitcher: Variant 'physx' not found in variant set 'Physics' on prim '/World/envs/env_74/Robot/FinalURDF_SLDASM'. Available variants: ['None', 'PhysX']
2026-06-18T02:59:10Z [22,684ms] [Warning] [omni.physics.isaacsimready.scripts.variant_switcher] VariantSwitcher: Variant 'physx' not found in variant set 'Physics' on prim '/World/envs/env_44/Robot/FinalURDF_SLDASM'. Available variants: ['None', 'PhysX']
2026-06-18T02:59:10Z [22,684ms] [Warning] [omni.physics.isaacsimready.scripts.variant_switcher] VariantSwitcher: Variant 'physx' not found in variant set 'Physics' on prim '/World/envs/env_97/Robot/FinalURDF_SLDASM'. Available variants: ['None', 'PhysX']
2026-06-18T02:59:10Z [22,684ms] [Warning] [omni.physics.isaacsimready.scripts.variant_switcher] VariantSwitcher: Variant 'physx' not found in variant set 'Physics' on prim '/World/envs/env_104/Robot/FinalURDF_SLDASM'. Available variants: ['None', 'PhysX']
2026-06-18T02:59:10Z [22,684ms] [Warning] [omni.physics.isaacsimready.scripts.variant_switcher] VariantSwitcher: Variant 'physx' not found in variant set 'Physics' on prim '/World/envs/env_109/Robot/FinalURDF_SLDASM'. Available variants: ['None', 'PhysX']
2026-06-18T02:59:10Z [22,684ms] [Warning] [omni.physics.isaacsimready.scripts.variant_switcher] VariantSwitcher: Variant 'physx' not found in variant set 'Physics' on prim '/World/envs/env_8/Robot/FinalURDF_SLDASM'. Available variants: ['None', 'PhysX']
2026-06-18T02:59:17Z [29,653ms] [Warning] [omni.syntheticdata.plugin] OgnSdPostRenderVarToHost : rendervar copy from texture directly to host buffer is counter-performant. Please use copy from texture to device buffer first.
[INFO] Using Python: "/workspace/isaaclab/_isaac_sim/python.sh"
=== Thu Jun 18 03:11:02 UTC 2026 | DONE  model_1000.pt ===
=== Thu Jun 18 03:11:02 UTC 2026 | ALL RECORDINGS COMPLETE ===
=== Thu Jun 18 16:43:15 UTC 2026 | START model_100.pt | 1500 steps ===
[INFO]: Parsing configuration from: Ankybot_v2.tasks.manager_based.ankybot_v2.ankybot_v2_env_cfg:AnkybotV2EnvCfg_PLAY
[INFO]: Parsing configuration from: Ankybot_v2.tasks.manager_based.ankybot_v2.agents.rsl_rl_ppo_cfg:PPORunnerCfg
[2026-06-18 16:43:22,448][isaaclab.app.app_launcher][INFO] - No visualizer was selected, so running in headless mode. To launch a visualizer app, pass '--viz <names>' (for example '--viz kit').
[2026-06-18 16:43:22,448][isaaclab.app.app_launcher][INFO] - Using device: cuda:0
[2026-06-18 16:43:22,449][isaaclab.app.app_launcher][INFO] - Loading experience file: /workspace/isaaclab/apps/isaaclab.python.headless.rendering.kit
[2026-06-18 16:43:22,978][asyncio][DEBUG] - Using selector: EpollSelector
WARNING: All log messages before absl::InitializeLog() is called are written to STDERR
E0000 00:00:1781801003.019483   80220 descriptor_database.cc:633] File already exists in database: grpc/health/v1/health.proto
W0000 00:00:1781801003.019515   80220 message.cc:301] Protobuf GeneratedMessageFactory: File is already registered: grpc/health/v1/health.proto
[2026-06-18 16:43:26,980][AutoNode][DEBUG] - Defining data type 'any' as 'Any'
[2026-06-18 16:43:26,980][AutoNode][DEBUG] - Defining data type 'bool' as 'Bool' and array 'BoolArray
[2026-06-18 16:43:26,981][AutoNode][DEBUG] - Defining data type 'bundle' as 'Bundle'
[2026-06-18 16:43:26,981][AutoNode][DEBUG] - Defining data type 'colord[3]' as 'Color3d' and array 'Color3dArray
[2026-06-18 16:43:26,981][AutoNode][DEBUG] - Defining data type 'colorf[3]' as 'Color3f' and array 'Color3fArray
[2026-06-18 16:43:26,981][AutoNode][DEBUG] - Defining data type 'colorh[3]' as 'Color3h' and array 'Color3hArray
[2026-06-18 16:43:26,981][AutoNode][DEBUG] - Defining data type 'colord[4]' as 'Color4d' and array 'Color4dArray
[2026-06-18 16:43:26,981][AutoNode][DEBUG] - Defining data type 'colorf[4]' as 'Color4f' and array 'Color4fArray
[2026-06-18 16:43:26,981][AutoNode][DEBUG] - Defining data type 'colorh[4]' as 'Color4h' and array 'Color4hArray
[2026-06-18 16:43:26,981][AutoNode][DEBUG] - Defining data type 'double' as 'Double' and array 'DoubleArray
[2026-06-18 16:43:26,982][AutoNode][DEBUG] - Defining data type 'double[2]' as 'Double2' and array 'Double2Array
[2026-06-18 16:43:26,982][AutoNode][DEBUG] - Defining data type 'double[3]' as 'Double3' and array 'Double3Array
[2026-06-18 16:43:26,982][AutoNode][DEBUG] - Defining data type 'double[4]' as 'Double4' and array 'Double4Array
[2026-06-18 16:43:26,982][AutoNode][DEBUG] - Defining data type 'execution' as 'Execution'
[2026-06-18 16:43:26,982][AutoNode][DEBUG] - Defining data type 'float' as 'Float' and array 'FloatArray
[2026-06-18 16:43:26,982][AutoNode][DEBUG] - Defining data type 'float[2]' as 'Float2' and array 'Float2Array
[2026-06-18 16:43:26,982][AutoNode][DEBUG] - Defining data type 'float[3]' as 'Float3' and array 'Float3Array
[2026-06-18 16:43:26,982][AutoNode][DEBUG] - Defining data type 'float[4]' as 'Float4' and array 'Float4Array
[2026-06-18 16:43:26,983][AutoNode][DEBUG] - Defining data type 'frame[4]' as 'Frame' and array 'FrameArray
[2026-06-18 16:43:26,983][AutoNode][DEBUG] - Defining data type 'half' as 'Half' and array 'HalfArray
[2026-06-18 16:43:26,983][AutoNode][DEBUG] - Defining data type 'half[2]' as 'Half2' and array 'Half2Array
[2026-06-18 16:43:26,983][AutoNode][DEBUG] - Defining data type 'half[3]' as 'Half3' and array 'Half3Array
[2026-06-18 16:43:26,983][AutoNode][DEBUG] - Defining data type 'half[4]' as 'Half4' and array 'Half4Array
[2026-06-18 16:43:26,983][AutoNode][DEBUG] - Defining data type 'int' as 'Int' and array 'IntArray
[2026-06-18 16:43:26,983][AutoNode][DEBUG] - Defining data type 'int[2]' as 'Int2' and array 'Int2Array
[2026-06-18 16:43:26,983][AutoNode][DEBUG] - Defining data type 'int[3]' as 'Int3' and array 'Int3Array
[2026-06-18 16:43:26,984][AutoNode][DEBUG] - Defining data type 'int[4]' as 'Int4' and array 'Int4Array
[2026-06-18 16:43:26,984][AutoNode][DEBUG] - Defining data type 'int64' as 'Int64' and array 'Int64Array
[2026-06-18 16:43:26,984][AutoNode][DEBUG] - Defining data type 'matrixd[2]' as 'Matrix2d' and array 'Matrix2dArray
[2026-06-18 16:43:26,984][AutoNode][DEBUG] - Defining data type 'matrixd[3]' as 'Matrix3d' and array 'Matrix3dArray
[2026-06-18 16:43:26,984][AutoNode][DEBUG] - Defining data type 'matrixd[4]' as 'Matrix4d' and array 'Matrix4dArray
[2026-06-18 16:43:26,984][AutoNode][DEBUG] - Defining data type 'normald[3]' as 'Normal3d' and array 'Normal3dArray
[2026-06-18 16:43:26,984][AutoNode][DEBUG] - Defining data type 'normalf[3]' as 'Normal3f' and array 'Normal3fArray
[2026-06-18 16:43:26,984][AutoNode][DEBUG] - Defining data type 'normalh[3]' as 'Normal3h' and array 'Normal3hArray
[2026-06-18 16:43:26,985][AutoNode][DEBUG] - Defining data type 'objectId' as 'ObjectId' and array 'ObjectIdArray
[2026-06-18 16:43:26,985][AutoNode][DEBUG] - Defining data type 'path' as 'Path'
[2026-06-18 16:43:26,985][AutoNode][DEBUG] - Defining data type 'pointd[3]' as 'Point3d' and array 'Point3dArray
[2026-06-18 16:43:26,985][AutoNode][DEBUG] - Defining data type 'pointf[3]' as 'Point3f' and array 'Point3fArray
[2026-06-18 16:43:26,985][AutoNode][DEBUG] - Defining data type 'pointh[3]' as 'Point3h' and array 'Point3hArray
[2026-06-18 16:43:26,985][AutoNode][DEBUG] - Defining data type 'quatd[4]' as 'Quatd' and array 'QuatdArray
[2026-06-18 16:43:26,985][AutoNode][DEBUG] - Defining data type 'quatf[4]' as 'Quatf' and array 'QuatfArray
[2026-06-18 16:43:26,986][AutoNode][DEBUG] - Defining data type 'quath[4]' as 'Quath' and array 'QuathArray
[2026-06-18 16:43:26,986][AutoNode][DEBUG] - Defining data type 'string' as 'String'
[2026-06-18 16:43:26,986][AutoNode][DEBUG] - Defining data type 'target' as 'Target'
[2026-06-18 16:43:26,986][AutoNode][DEBUG] - Defining data type 'texcoordd[2]' as 'TexCoord2d' and array 'TexCoord2dArray
[2026-06-18 16:43:26,986][AutoNode][DEBUG] - Defining data type 'texcoordf[2]' as 'TexCoord2f' and array 'TexCoord2fArray
[2026-06-18 16:43:26,986][AutoNode][DEBUG] - Defining data type 'texcoordh[2]' as 'TexCoord2h' and array 'TexCoord2hArray
[2026-06-18 16:43:26,986][AutoNode][DEBUG] - Defining data type 'texcoordd[3]' as 'TexCoord3d' and array 'TexCoord3dArray
[2026-06-18 16:43:26,986][AutoNode][DEBUG] - Defining data type 'texcoordf[3]' as 'TexCoord3f' and array 'TexCoord3fArray
[2026-06-18 16:43:26,986][AutoNode][DEBUG] - Defining data type 'texcoordh[3]' as 'TexCoord3h' and array 'TexCoord3hArray
[2026-06-18 16:43:26,987][AutoNode][DEBUG] - Defining data type 'timecode' as 'Timecode' and array 'TimecodeArray
[2026-06-18 16:43:26,987][AutoNode][DEBUG] - Defining data type 'token' as 'Token' and array 'TokenArray
[2026-06-18 16:43:26,987][AutoNode][DEBUG] - Defining data type 'uchar' as 'UChar' and array 'UCharArray
[2026-06-18 16:43:26,987][AutoNode][DEBUG] - Defining data type 'uint' as 'UInt' and array 'UIntArray
[2026-06-18 16:43:26,987][AutoNode][DEBUG] - Defining data type 'uint64' as 'UInt64' and array 'UInt64Array
[2026-06-18 16:43:26,987][AutoNode][DEBUG] - Defining data type 'vectord[3]' as 'Vector3d' and array 'Vector3dArray
[2026-06-18 16:43:26,987][AutoNode][DEBUG] - Defining data type 'vectorf[3]' as 'Vector3f' and array 'Vector3fArray
[2026-06-18 16:43:26,988][AutoNode][DEBUG] - Defining data type 'vectorh[3]' as 'Vector3h' and array 'Vector3hArray
Loading user config located at: '/isaac-sim/kit/data/Kit/IsaacLab/3.0/user.config.json'
[Info] [carb] Logging to file: /isaac-sim/kit/logs/Kit/IsaacLab/3.0/kit_20260618_164322.log
2026-06-18T16:43:22Z [13ms] [Warning] [omni.ext.plugin] [ext: isaaclab_visualizers] Extensions config 'extension.toml' doesn't exist '/workspace/isaaclab/source/isaaclab_visualizers' or '/workspace/isaaclab/source/isaaclab_visualizers/config'

|---------------------------------------------------------------------------------------------|
| Driver Version: 580.159.03    | Graphics API: Vulkan
|=============================================================================================|
| GPU | Name                             | Active | LDA | GPU Memory | Vendor-ID | LUID       |
|     |                                  |        |     |            | Device-ID | UUID       |
|     |                                  |        |     |            | Bus-ID    |            |
|---------------------------------------------------------------------------------------------|
| 0   | NVIDIA GeForce RTX 2070          | Yes: 0 |     | 8438    MB | 10de      | 0          |
|     |                                  |        |     |            | 1f14      | a951febe.. |
|     |                                  |        |     |            | 1         |            |
|=============================================================================================|
| OS: 24.04.4 LTS (Noble Numbat) ubuntu, Version: 24.04.4, Kernel: 6.17.0-35-generic
| XServer Vendor: The X.Org Foundation, XServer Version: 12101011 (1.21.1.11)
| Processor: Intel(R) Core(TM) i7-10750H CPU @ 2.60GHz
| Cores: 6 | Logical Cores: 12
|---------------------------------------------------------------------------------------------|
| Total Memory (MB): 31854 | Free Memory: 24560
| Total Page/Swap (MB): 8191 | Free Page/Swap: 0
|---------------------------------------------------------------------------------------------|
2026-06-18T16:43:23Z [1,393ms] [Warning] [gpu.foundation.plugin] CPU performance profile is set to powersave. This profile sets the CPU to the lowest frequency reducing performance.
2026-06-18T16:43:23Z [1,401ms] [Warning] [gpu.foundation.plugin] PCIe link width current (8) and maximum (16) for device 0 don't match.
2026-06-18T16:43:26Z [3,842ms] [Warning] [omni.log] Source: omni.hydra was already registered.
OmniReplicatorNvExtension starting up (ext_id: omni.replicator.nv-1.1.0).
2026-06-18T16:43:27Z [4,818ms] [Warning] [pxr.Semantics] pxr.Semantics is deprecated - please use Semantics instead
2026-06-18T16:43:27Z [4,987ms] [Warning] [omni.replicator.core.scripts.extension] No material configuration file, adding configuration to material settings directly.
[WARNING]: The `policy` configuration is deprecated for rsl-rl >= 4.0.0. Please use, e.g., `actor` and `critic` model configurations instead.
[WARNING]: The `policy` configuration is used to infer the `actor` model configuration.
[WARNING]: The `policy` configuration is used to infer the `critic` model configuration.
[WARNING]: The `distribution_cfg` configuration is now used to specify the output distribution for stochastic policies. Consider updating the configuration to use `distribution_cfg` instead of `stochastic`, `init_noise_std`, `noise_std_type`, and `state_dependent_std` parameters.
[INFO] Loading experiment from directory: /workspace/Ankybot_v2/logs/rsl_rl/ankybot_v2
[2026-06-18 16:43:31,208][isaaclab_physx.physics.physx_manager][WARNING] - TGS solver with enable_external_forces_every_iteration=False may cause noisy velocities.
[INFO]: Base environment:
	Environment device    : cuda:0
	Environment seed      : 42
	Physics step-size     : 0.002
	Rendering step-size   : 0.002
	Environment step-size : 0.01
[2026-06-18 16:43:31,233][isaaclab.envs.manager_based_env][WARNING] - The render interval (1.0) is smaller than the decimation (5). Multiple render calls will happen for each environment step. If this is not intended, set the render interval to be equal to the decimation.
/workspace/isaaclab/_isaac_sim/kit/python/lib/python3.12/site-packages/rsl_rl/utils/utils.py:220: UserWarning: The observation configuration dictionary 'obs_groups' is empty and thus likely not configured. Consider configuring the 'obs_groups' dictionary explicitly
  warnings.warn(
/workspace/isaaclab/_isaac_sim/kit/python/lib/python3.12/site-packages/rsl_rl/utils/utils.py:251: UserWarning: The observation configuration dictionary 'obs_groups' does not contain the 'actor' key. As an observation group with the name 'policy' was found, this is assumed to be the appropriate observation. Consider adding the 'actor' key to the 'obs_groups' dictionary for clarity. This behavior will be removed in a future version.
  warnings.warn(
/workspace/isaaclab/_isaac_sim/kit/python/lib/python3.12/site-packages/rsl_rl/utils/utils.py:251: UserWarning: The observation configuration dictionary 'obs_groups' does not contain the 'critic' key. As an observation group with the name 'policy' was found, this is assumed to be the appropriate observation. Consider adding the 'critic' key to the 'obs_groups' dictionary for clarity. This behavior will be removed in a future version.
  warnings.warn(
/workspace/isaaclab/_isaac_sim/kit/python/lib/python3.12/copyreg.py:99: FutureWarning: `isinstance(treespec, LeafSpec)` is deprecated, use `isinstance(treespec, TreeSpec) and treespec.is_leaf()` instead.
  return cls.__new__(cls, *args)
2026-06-18T16:43:31Z [8,715ms] [Warning] [isaaclab_physx.physics.physx_manager] TGS solver with enable_external_forces_every_iteration=False may cause noisy velocities.
2026-06-18T16:43:31Z [8,739ms] [Warning] [isaaclab.envs.manager_based_env] The render interval (1.0) is smaller than the decimation (5). Multiple render calls will happen for each environment step. If this is not intended, set the render interval to be equal to the decimation.
2026-06-18T16:43:33Z [10,793ms] [Warning] [omni.fabric.plugin] Warning: attribute material:binding not found for path /__Prototype_4367795519784165287/FRThigh

2026-06-18T16:43:33Z [10,823ms] [Warning] [omni.usd] Encountered USD Warnings but USD Diagnostics are currently muted. To view USD Warnings, please set the '/persistent/app/usd/muteUsdDiagnostics' setting to false in Preferences page.
2026-06-18T16:43:34Z [11,523ms] [Warning] [isaacsim.core.simulation_manager.impl.simulation_manager] Changing backend from 'numpy' to 'torch' since NumPy cannot be used with GPU piplines
2026-06-18T16:45:01Z [98,567ms] [Warning] [omni.syntheticdata.plugin] OgnSdPostRenderVarToHost : rendervar copy from texture directly to host buffer is counter-performant. Please use copy from texture to device buffer first.
2026-06-18T16:45:01Z [98,812ms] [Warning] [omni.kit.material.library.material_extensions] Could not initialize context menu integration: No module named 'omni.kit.context_menu'
[INFO] Using Python: "/workspace/isaaclab/_isaac_sim/python.sh"
=== Thu Jun 18 16:45:07 UTC 2026 | DONE  model_100.pt ===
=== Thu Jun 18 16:45:07 UTC 2026 | START model_200.pt | 1500 steps ===
[INFO]: Parsing configuration from: Ankybot_v2.tasks.manager_based.ankybot_v2.ankybot_v2_env_cfg:AnkybotV2EnvCfg_PLAY
[INFO]: Parsing configuration from: Ankybot_v2.tasks.manager_based.ankybot_v2.agents.rsl_rl_ppo_cfg:PPORunnerCfg
[2026-06-18 16:45:14,049][isaaclab.app.app_launcher][INFO] - No visualizer was selected, so running in headless mode. To launch a visualizer app, pass '--viz <names>' (for example '--viz kit').
[2026-06-18 16:45:14,049][isaaclab.app.app_launcher][INFO] - Using device: cuda:0
[2026-06-18 16:45:14,050][isaaclab.app.app_launcher][INFO] - Loading experience file: /workspace/isaaclab/apps/isaaclab.python.headless.rendering.kit
[2026-06-18 16:45:14,565][asyncio][DEBUG] - Using selector: EpollSelector
WARNING: All log messages before absl::InitializeLog() is called are written to STDERR
E0000 00:00:1781801114.604562   82391 descriptor_database.cc:633] File already exists in database: grpc/health/v1/health.proto
W0000 00:00:1781801114.604595   82391 message.cc:301] Protobuf GeneratedMessageFactory: File is already registered: grpc/health/v1/health.proto
[2026-06-18 16:45:18,458][AutoNode][DEBUG] - Defining data type 'any' as 'Any'
[2026-06-18 16:45:18,458][AutoNode][DEBUG] - Defining data type 'bool' as 'Bool' and array 'BoolArray
[2026-06-18 16:45:18,458][AutoNode][DEBUG] - Defining data type 'bundle' as 'Bundle'
[2026-06-18 16:45:18,458][AutoNode][DEBUG] - Defining data type 'colord[3]' as 'Color3d' and array 'Color3dArray
[2026-06-18 16:45:18,458][AutoNode][DEBUG] - Defining data type 'colorf[3]' as 'Color3f' and array 'Color3fArray
[2026-06-18 16:45:18,459][AutoNode][DEBUG] - Defining data type 'colorh[3]' as 'Color3h' and array 'Color3hArray
[2026-06-18 16:45:18,459][AutoNode][DEBUG] - Defining data type 'colord[4]' as 'Color4d' and array 'Color4dArray
[2026-06-18 16:45:18,459][AutoNode][DEBUG] - Defining data type 'colorf[4]' as 'Color4f' and array 'Color4fArray
[2026-06-18 16:45:18,459][AutoNode][DEBUG] - Defining data type 'colorh[4]' as 'Color4h' and array 'Color4hArray
[2026-06-18 16:45:18,459][AutoNode][DEBUG] - Defining data type 'double' as 'Double' and array 'DoubleArray
[2026-06-18 16:45:18,459][AutoNode][DEBUG] - Defining data type 'double[2]' as 'Double2' and array 'Double2Array
[2026-06-18 16:45:18,459][AutoNode][DEBUG] - Defining data type 'double[3]' as 'Double3' and array 'Double3Array
[2026-06-18 16:45:18,460][AutoNode][DEBUG] - Defining data type 'double[4]' as 'Double4' and array 'Double4Array
[2026-06-18 16:45:18,460][AutoNode][DEBUG] - Defining data type 'execution' as 'Execution'
[2026-06-18 16:45:18,460][AutoNode][DEBUG] - Defining data type 'float' as 'Float' and array 'FloatArray
[2026-06-18 16:45:18,460][AutoNode][DEBUG] - Defining data type 'float[2]' as 'Float2' and array 'Float2Array
[2026-06-18 16:45:18,460][AutoNode][DEBUG] - Defining data type 'float[3]' as 'Float3' and array 'Float3Array
[2026-06-18 16:45:18,460][AutoNode][DEBUG] - Defining data type 'float[4]' as 'Float4' and array 'Float4Array
[2026-06-18 16:45:18,460][AutoNode][DEBUG] - Defining data type 'frame[4]' as 'Frame' and array 'FrameArray
[2026-06-18 16:45:18,460][AutoNode][DEBUG] - Defining data type 'half' as 'Half' and array 'HalfArray
[2026-06-18 16:45:18,460][AutoNode][DEBUG] - Defining data type 'half[2]' as 'Half2' and array 'Half2Array
[2026-06-18 16:45:18,461][AutoNode][DEBUG] - Defining data type 'half[3]' as 'Half3' and array 'Half3Array
[2026-06-18 16:45:18,461][AutoNode][DEBUG] - Defining data type 'half[4]' as 'Half4' and array 'Half4Array
[2026-06-18 16:45:18,461][AutoNode][DEBUG] - Defining data type 'int' as 'Int' and array 'IntArray
[2026-06-18 16:45:18,461][AutoNode][DEBUG] - Defining data type 'int[2]' as 'Int2' and array 'Int2Array
[2026-06-18 16:45:18,461][AutoNode][DEBUG] - Defining data type 'int[3]' as 'Int3' and array 'Int3Array
[2026-06-18 16:45:18,461][AutoNode][DEBUG] - Defining data type 'int[4]' as 'Int4' and array 'Int4Array
[2026-06-18 16:45:18,461][AutoNode][DEBUG] - Defining data type 'int64' as 'Int64' and array 'Int64Array
[2026-06-18 16:45:18,461][AutoNode][DEBUG] - Defining data type 'matrixd[2]' as 'Matrix2d' and array 'Matrix2dArray
[2026-06-18 16:45:18,462][AutoNode][DEBUG] - Defining data type 'matrixd[3]' as 'Matrix3d' and array 'Matrix3dArray
[2026-06-18 16:45:18,462][AutoNode][DEBUG] - Defining data type 'matrixd[4]' as 'Matrix4d' and array 'Matrix4dArray
[2026-06-18 16:45:18,462][AutoNode][DEBUG] - Defining data type 'normald[3]' as 'Normal3d' and array 'Normal3dArray
[2026-06-18 16:45:18,462][AutoNode][DEBUG] - Defining data type 'normalf[3]' as 'Normal3f' and array 'Normal3fArray
[2026-06-18 16:45:18,462][AutoNode][DEBUG] - Defining data type 'normalh[3]' as 'Normal3h' and array 'Normal3hArray
[2026-06-18 16:45:18,462][AutoNode][DEBUG] - Defining data type 'objectId' as 'ObjectId' and array 'ObjectIdArray
[2026-06-18 16:45:18,462][AutoNode][DEBUG] - Defining data type 'path' as 'Path'
[2026-06-18 16:45:18,463][AutoNode][DEBUG] - Defining data type 'pointd[3]' as 'Point3d' and array 'Point3dArray
[2026-06-18 16:45:18,463][AutoNode][DEBUG] - Defining data type 'pointf[3]' as 'Point3f' and array 'Point3fArray
[2026-06-18 16:45:18,463][AutoNode][DEBUG] - Defining data type 'pointh[3]' as 'Point3h' and array 'Point3hArray
[2026-06-18 16:45:18,463][AutoNode][DEBUG] - Defining data type 'quatd[4]' as 'Quatd' and array 'QuatdArray
[2026-06-18 16:45:18,463][AutoNode][DEBUG] - Defining data type 'quatf[4]' as 'Quatf' and array 'QuatfArray
[2026-06-18 16:45:18,463][AutoNode][DEBUG] - Defining data type 'quath[4]' as 'Quath' and array 'QuathArray
[2026-06-18 16:45:18,463][AutoNode][DEBUG] - Defining data type 'string' as 'String'
[2026-06-18 16:45:18,463][AutoNode][DEBUG] - Defining data type 'target' as 'Target'
[2026-06-18 16:45:18,464][AutoNode][DEBUG] - Defining data type 'texcoordd[2]' as 'TexCoord2d' and array 'TexCoord2dArray
[2026-06-18 16:45:18,464][AutoNode][DEBUG] - Defining data type 'texcoordf[2]' as 'TexCoord2f' and array 'TexCoord2fArray
[2026-06-18 16:45:18,464][AutoNode][DEBUG] - Defining data type 'texcoordh[2]' as 'TexCoord2h' and array 'TexCoord2hArray
[2026-06-18 16:45:18,464][AutoNode][DEBUG] - Defining data type 'texcoordd[3]' as 'TexCoord3d' and array 'TexCoord3dArray
[2026-06-18 16:45:18,464][AutoNode][DEBUG] - Defining data type 'texcoordf[3]' as 'TexCoord3f' and array 'TexCoord3fArray
[2026-06-18 16:45:18,464][AutoNode][DEBUG] - Defining data type 'texcoordh[3]' as 'TexCoord3h' and array 'TexCoord3hArray
[2026-06-18 16:45:18,464][AutoNode][DEBUG] - Defining data type 'timecode' as 'Timecode' and array 'TimecodeArray
[2026-06-18 16:45:18,464][AutoNode][DEBUG] - Defining data type 'token' as 'Token' and array 'TokenArray
[2026-06-18 16:45:18,465][AutoNode][DEBUG] - Defining data type 'uchar' as 'UChar' and array 'UCharArray
[2026-06-18 16:45:18,465][AutoNode][DEBUG] - Defining data type 'uint' as 'UInt' and array 'UIntArray
[2026-06-18 16:45:18,465][AutoNode][DEBUG] - Defining data type 'uint64' as 'UInt64' and array 'UInt64Array
[2026-06-18 16:45:18,465][AutoNode][DEBUG] - Defining data type 'vectord[3]' as 'Vector3d' and array 'Vector3dArray
[2026-06-18 16:45:18,465][AutoNode][DEBUG] - Defining data type 'vectorf[3]' as 'Vector3f' and array 'Vector3fArray
[2026-06-18 16:45:18,465][AutoNode][DEBUG] - Defining data type 'vectorh[3]' as 'Vector3h' and array 'Vector3hArray
Loading user config located at: '/isaac-sim/kit/data/Kit/IsaacLab/3.0/user.config.json'
[Info] [carb] Logging to file: /isaac-sim/kit/logs/Kit/IsaacLab/3.0/kit_20260618_164514.log
2026-06-18T16:45:14Z [5ms] [Warning] [omni.ext.plugin] [ext: isaaclab_visualizers] Extensions config 'extension.toml' doesn't exist '/workspace/isaaclab/source/isaaclab_visualizers' or '/workspace/isaaclab/source/isaaclab_visualizers/config'

|---------------------------------------------------------------------------------------------|
| Driver Version: 580.159.03    | Graphics API: Vulkan
|=============================================================================================|
| GPU | Name                             | Active | LDA | GPU Memory | Vendor-ID | LUID       |
|     |                                  |        |     |            | Device-ID | UUID       |
|     |                                  |        |     |            | Bus-ID    |            |
|---------------------------------------------------------------------------------------------|
| 0   | NVIDIA GeForce RTX 2070          | Yes: 0 |     | 8438    MB | 10de      | 0          |
|     |                                  |        |     |            | 1f14      | a951febe.. |
|     |                                  |        |     |            | 1         |            |
|=============================================================================================|
| OS: 24.04.4 LTS (Noble Numbat) ubuntu, Version: 24.04.4, Kernel: 6.17.0-35-generic
| XServer Vendor: The X.Org Foundation, XServer Version: 12101011 (1.21.1.11)
| Processor: Intel(R) Core(TM) i7-10750H CPU @ 2.60GHz
| Cores: 6 | Logical Cores: 12
|---------------------------------------------------------------------------------------------|
| Total Memory (MB): 31854 | Free Memory: 22330
| Total Page/Swap (MB): 8191 | Free Page/Swap: 0
|---------------------------------------------------------------------------------------------|
2026-06-18T16:45:15Z [1,346ms] [Warning] [gpu.foundation.plugin] CPU performance profile is set to powersave. This profile sets the CPU to the lowest frequency reducing performance.
2026-06-18T16:45:15Z [1,354ms] [Warning] [gpu.foundation.plugin] PCIe link width current (8) and maximum (16) for device 0 don't match.
2026-06-18T16:45:17Z [3,741ms] [Warning] [omni.log] Source: omni.hydra was already registered.
OmniReplicatorNvExtension starting up (ext_id: omni.replicator.nv-1.1.0).
2026-06-18T16:45:18Z [4,737ms] [Warning] [pxr.Semantics] pxr.Semantics is deprecated - please use Semantics instead
2026-06-18T16:45:19Z [4,909ms] [Warning] [omni.replicator.core.scripts.extension] No material configuration file, adding configuration to material settings directly.
[WARNING]: The `policy` configuration is deprecated for rsl-rl >= 4.0.0. Please use, e.g., `actor` and `critic` model configurations instead.
[WARNING]: The `policy` configuration is used to infer the `actor` model configuration.
[WARNING]: The `policy` configuration is used to infer the `critic` model configuration.
[WARNING]: The `distribution_cfg` configuration is now used to specify the output distribution for stochastic policies. Consider updating the configuration to use `distribution_cfg` instead of `stochastic`, `init_noise_std`, `noise_std_type`, and `state_dependent_std` parameters.
[INFO] Loading experiment from directory: /workspace/Ankybot_v2/logs/rsl_rl/ankybot_v2
[2026-06-18 16:45:22,731][isaaclab_physx.physics.physx_manager][WARNING] - TGS solver with enable_external_forces_every_iteration=False may cause noisy velocities.
[INFO]: Base environment:
	Environment device    : cuda:0
	Environment seed      : 42
	Physics step-size     : 0.002
	Rendering step-size   : 0.002
	Environment step-size : 0.01
[2026-06-18 16:45:22,757][isaaclab.envs.manager_based_env][WARNING] - The render interval (1.0) is smaller than the decimation (5). Multiple render calls will happen for each environment step. If this is not intended, set the render interval to be equal to the decimation.
/workspace/isaaclab/_isaac_sim/kit/python/lib/python3.12/site-packages/rsl_rl/utils/utils.py:220: UserWarning: The observation configuration dictionary 'obs_groups' is empty and thus likely not configured. Consider configuring the 'obs_groups' dictionary explicitly
  warnings.warn(
/workspace/isaaclab/_isaac_sim/kit/python/lib/python3.12/site-packages/rsl_rl/utils/utils.py:251: UserWarning: The observation configuration dictionary 'obs_groups' does not contain the 'actor' key. As an observation group with the name 'policy' was found, this is assumed to be the appropriate observation. Consider adding the 'actor' key to the 'obs_groups' dictionary for clarity. This behavior will be removed in a future version.
  warnings.warn(
/workspace/isaaclab/_isaac_sim/kit/python/lib/python3.12/site-packages/rsl_rl/utils/utils.py:251: UserWarning: The observation configuration dictionary 'obs_groups' does not contain the 'critic' key. As an observation group with the name 'policy' was found, this is assumed to be the appropriate observation. Consider adding the 'critic' key to the 'obs_groups' dictionary for clarity. This behavior will be removed in a future version.
  warnings.warn(
/workspace/isaaclab/_isaac_sim/kit/python/lib/python3.12/copyreg.py:99: FutureWarning: `isinstance(treespec, LeafSpec)` is deprecated, use `isinstance(treespec, TreeSpec) and treespec.is_leaf()` instead.
  return cls.__new__(cls, *args)
2026-06-18T16:45:22Z [8,640ms] [Warning] [isaaclab_physx.physics.physx_manager] TGS solver with enable_external_forces_every_iteration=False may cause noisy velocities.
2026-06-18T16:45:22Z [8,665ms] [Warning] [isaaclab.envs.manager_based_env] The render interval (1.0) is smaller than the decimation (5). Multiple render calls will happen for each environment step. If this is not intended, set the render interval to be equal to the decimation.
2026-06-18T16:45:24Z [10,722ms] [Warning] [omni.fabric.plugin] Warning: attribute material:binding not found for path /__Prototype_4225246868346326938/BLThigh

2026-06-18T16:45:24Z [10,751ms] [Warning] [omni.usd] Encountered USD Warnings but USD Diagnostics are currently muted. To view USD Warnings, please set the '/persistent/app/usd/muteUsdDiagnostics' setting to false in Preferences page.
2026-06-18T16:45:25Z [11,447ms] [Warning] [isaacsim.core.simulation_manager.impl.simulation_manager] Changing backend from 'numpy' to 'torch' since NumPy cannot be used with GPU piplines
2026-06-18T16:46:46Z [92,356ms] [Warning] [omni.syntheticdata.plugin] OgnSdPostRenderVarToHost : rendervar copy from texture directly to host buffer is counter-performant. Please use copy from texture to device buffer first.
2026-06-18T16:46:52Z [97,919ms] [Warning] [omni.kit.material.library.material_extensions] Could not initialize context menu integration: No module named 'omni.kit.context_menu'
[INFO] Using Python: "/workspace/isaaclab/_isaac_sim/python.sh"
=== Thu Jun 18 16:46:52 UTC 2026 | DONE  model_200.pt ===
=== Thu Jun 18 16:46:52 UTC 2026 | START model_500.pt | 1500 steps ===
[INFO]: Parsing configuration from: Ankybot_v2.tasks.manager_based.ankybot_v2.ankybot_v2_env_cfg:AnkybotV2EnvCfg_PLAY
[INFO]: Parsing configuration from: Ankybot_v2.tasks.manager_based.ankybot_v2.agents.rsl_rl_ppo_cfg:PPORunnerCfg
[2026-06-18 16:46:59,835][isaaclab.app.app_launcher][INFO] - No visualizer was selected, so running in headless mode. To launch a visualizer app, pass '--viz <names>' (for example '--viz kit').
[2026-06-18 16:46:59,836][isaaclab.app.app_launcher][INFO] - Using device: cuda:0
[2026-06-18 16:46:59,837][isaaclab.app.app_launcher][INFO] - Loading experience file: /workspace/isaaclab/apps/isaaclab.python.headless.rendering.kit
[2026-06-18 16:47:00,376][asyncio][DEBUG] - Using selector: EpollSelector
WARNING: All log messages before absl::InitializeLog() is called are written to STDERR
E0000 00:00:1781801220.423744   83839 descriptor_database.cc:633] File already exists in database: grpc/health/v1/health.proto
W0000 00:00:1781801220.423774   83839 message.cc:301] Protobuf GeneratedMessageFactory: File is already registered: grpc/health/v1/health.proto
[2026-06-18 16:47:04,329][AutoNode][DEBUG] - Defining data type 'any' as 'Any'
[2026-06-18 16:47:04,329][AutoNode][DEBUG] - Defining data type 'bool' as 'Bool' and array 'BoolArray
[2026-06-18 16:47:04,329][AutoNode][DEBUG] - Defining data type 'bundle' as 'Bundle'
[2026-06-18 16:47:04,329][AutoNode][DEBUG] - Defining data type 'colord[3]' as 'Color3d' and array 'Color3dArray
[2026-06-18 16:47:04,329][AutoNode][DEBUG] - Defining data type 'colorf[3]' as 'Color3f' and array 'Color3fArray
[2026-06-18 16:47:04,330][AutoNode][DEBUG] - Defining data type 'colorh[3]' as 'Color3h' and array 'Color3hArray
[2026-06-18 16:47:04,330][AutoNode][DEBUG] - Defining data type 'colord[4]' as 'Color4d' and array 'Color4dArray
[2026-06-18 16:47:04,330][AutoNode][DEBUG] - Defining data type 'colorf[4]' as 'Color4f' and array 'Color4fArray
[2026-06-18 16:47:04,330][AutoNode][DEBUG] - Defining data type 'colorh[4]' as 'Color4h' and array 'Color4hArray
[2026-06-18 16:47:04,330][AutoNode][DEBUG] - Defining data type 'double' as 'Double' and array 'DoubleArray
[2026-06-18 16:47:04,330][AutoNode][DEBUG] - Defining data type 'double[2]' as 'Double2' and array 'Double2Array
[2026-06-18 16:47:04,330][AutoNode][DEBUG] - Defining data type 'double[3]' as 'Double3' and array 'Double3Array
[2026-06-18 16:47:04,330][AutoNode][DEBUG] - Defining data type 'double[4]' as 'Double4' and array 'Double4Array
[2026-06-18 16:47:04,331][AutoNode][DEBUG] - Defining data type 'execution' as 'Execution'
[2026-06-18 16:47:04,331][AutoNode][DEBUG] - Defining data type 'float' as 'Float' and array 'FloatArray
[2026-06-18 16:47:04,331][AutoNode][DEBUG] - Defining data type 'float[2]' as 'Float2' and array 'Float2Array
[2026-06-18 16:47:04,331][AutoNode][DEBUG] - Defining data type 'float[3]' as 'Float3' and array 'Float3Array
[2026-06-18 16:47:04,331][AutoNode][DEBUG] - Defining data type 'float[4]' as 'Float4' and array 'Float4Array
[2026-06-18 16:47:04,331][AutoNode][DEBUG] - Defining data type 'frame[4]' as 'Frame' and array 'FrameArray
[2026-06-18 16:47:04,331][AutoNode][DEBUG] - Defining data type 'half' as 'Half' and array 'HalfArray
[2026-06-18 16:47:04,331][AutoNode][DEBUG] - Defining data type 'half[2]' as 'Half2' and array 'Half2Array
[2026-06-18 16:47:04,332][AutoNode][DEBUG] - Defining data type 'half[3]' as 'Half3' and array 'Half3Array
[2026-06-18 16:47:04,332][AutoNode][DEBUG] - Defining data type 'half[4]' as 'Half4' and array 'Half4Array
[2026-06-18 16:47:04,332][AutoNode][DEBUG] - Defining data type 'int' as 'Int' and array 'IntArray
[2026-06-18 16:47:04,332][AutoNode][DEBUG] - Defining data type 'int[2]' as 'Int2' and array 'Int2Array
[2026-06-18 16:47:04,332][AutoNode][DEBUG] - Defining data type 'int[3]' as 'Int3' and array 'Int3Array
[2026-06-18 16:47:04,332][AutoNode][DEBUG] - Defining data type 'int[4]' as 'Int4' and array 'Int4Array
[2026-06-18 16:47:04,332][AutoNode][DEBUG] - Defining data type 'int64' as 'Int64' and array 'Int64Array
[2026-06-18 16:47:04,333][AutoNode][DEBUG] - Defining data type 'matrixd[2]' as 'Matrix2d' and array 'Matrix2dArray
[2026-06-18 16:47:04,333][AutoNode][DEBUG] - Defining data type 'matrixd[3]' as 'Matrix3d' and array 'Matrix3dArray
[2026-06-18 16:47:04,333][AutoNode][DEBUG] - Defining data type 'matrixd[4]' as 'Matrix4d' and array 'Matrix4dArray
[2026-06-18 16:47:04,333][AutoNode][DEBUG] - Defining data type 'normald[3]' as 'Normal3d' and array 'Normal3dArray
[2026-06-18 16:47:04,333][AutoNode][DEBUG] - Defining data type 'normalf[3]' as 'Normal3f' and array 'Normal3fArray
[2026-06-18 16:47:04,333][AutoNode][DEBUG] - Defining data type 'normalh[3]' as 'Normal3h' and array 'Normal3hArray
[2026-06-18 16:47:04,333][AutoNode][DEBUG] - Defining data type 'objectId' as 'ObjectId' and array 'ObjectIdArray
[2026-06-18 16:47:04,333][AutoNode][DEBUG] - Defining data type 'path' as 'Path'
[2026-06-18 16:47:04,334][AutoNode][DEBUG] - Defining data type 'pointd[3]' as 'Point3d' and array 'Point3dArray
[2026-06-18 16:47:04,334][AutoNode][DEBUG] - Defining data type 'pointf[3]' as 'Point3f' and array 'Point3fArray
[2026-06-18 16:47:04,334][AutoNode][DEBUG] - Defining data type 'pointh[3]' as 'Point3h' and array 'Point3hArray
[2026-06-18 16:47:04,334][AutoNode][DEBUG] - Defining data type 'quatd[4]' as 'Quatd' and array 'QuatdArray
[2026-06-18 16:47:04,334][AutoNode][DEBUG] - Defining data type 'quatf[4]' as 'Quatf' and array 'QuatfArray
[2026-06-18 16:47:04,334][AutoNode][DEBUG] - Defining data type 'quath[4]' as 'Quath' and array 'QuathArray
[2026-06-18 16:47:04,334][AutoNode][DEBUG] - Defining data type 'string' as 'String'
[2026-06-18 16:47:04,334][AutoNode][DEBUG] - Defining data type 'target' as 'Target'
[2026-06-18 16:47:04,335][AutoNode][DEBUG] - Defining data type 'texcoordd[2]' as 'TexCoord2d' and array 'TexCoord2dArray
[2026-06-18 16:47:04,335][AutoNode][DEBUG] - Defining data type 'texcoordf[2]' as 'TexCoord2f' and array 'TexCoord2fArray
[2026-06-18 16:47:04,335][AutoNode][DEBUG] - Defining data type 'texcoordh[2]' as 'TexCoord2h' and array 'TexCoord2hArray
[2026-06-18 16:47:04,335][AutoNode][DEBUG] - Defining data type 'texcoordd[3]' as 'TexCoord3d' and array 'TexCoord3dArray
[2026-06-18 16:47:04,335][AutoNode][DEBUG] - Defining data type 'texcoordf[3]' as 'TexCoord3f' and array 'TexCoord3fArray
[2026-06-18 16:47:04,335][AutoNode][DEBUG] - Defining data type 'texcoordh[3]' as 'TexCoord3h' and array 'TexCoord3hArray
[2026-06-18 16:47:04,335][AutoNode][DEBUG] - Defining data type 'timecode' as 'Timecode' and array 'TimecodeArray
[2026-06-18 16:47:04,335][AutoNode][DEBUG] - Defining data type 'token' as 'Token' and array 'TokenArray
[2026-06-18 16:47:04,336][AutoNode][DEBUG] - Defining data type 'uchar' as 'UChar' and array 'UCharArray
[2026-06-18 16:47:04,336][AutoNode][DEBUG] - Defining data type 'uint' as 'UInt' and array 'UIntArray
[2026-06-18 16:47:04,336][AutoNode][DEBUG] - Defining data type 'uint64' as 'UInt64' and array 'UInt64Array
[2026-06-18 16:47:04,336][AutoNode][DEBUG] - Defining data type 'vectord[3]' as 'Vector3d' and array 'Vector3dArray
[2026-06-18 16:47:04,336][AutoNode][DEBUG] - Defining data type 'vectorf[3]' as 'Vector3f' and array 'Vector3fArray
[2026-06-18 16:47:04,336][AutoNode][DEBUG] - Defining data type 'vectorh[3]' as 'Vector3h' and array 'Vector3hArray
Loading user config located at: '/isaac-sim/kit/data/Kit/IsaacLab/3.0/user.config.json'
[Info] [carb] Logging to file: /isaac-sim/kit/logs/Kit/IsaacLab/3.0/kit_20260618_164659.log
2026-06-18T16:46:59Z [4ms] [Warning] [omni.ext.plugin] [ext: isaaclab_visualizers] Extensions config 'extension.toml' doesn't exist '/workspace/isaaclab/source/isaaclab_visualizers' or '/workspace/isaaclab/source/isaaclab_visualizers/config'

|---------------------------------------------------------------------------------------------|
| Driver Version: 580.159.03    | Graphics API: Vulkan
|=============================================================================================|
| GPU | Name                             | Active | LDA | GPU Memory | Vendor-ID | LUID       |
|     |                                  |        |     |            | Device-ID | UUID       |
|     |                                  |        |     |            | Bus-ID    |            |
|---------------------------------------------------------------------------------------------|
| 0   | NVIDIA GeForce RTX 2070          | Yes: 0 |     | 8438    MB | 10de      | 0          |
|     |                                  |        |     |            | 1f14      | a951febe.. |
|     |                                  |        |     |            | 1         |            |
|=============================================================================================|
| OS: 24.04.4 LTS (Noble Numbat) ubuntu, Version: 24.04.4, Kernel: 6.17.0-35-generic
| XServer Vendor: The X.Org Foundation, XServer Version: 12101011 (1.21.1.11)
| Processor: Intel(R) Core(TM) i7-10750H CPU @ 2.60GHz
| Cores: 6 | Logical Cores: 12
|---------------------------------------------------------------------------------------------|
| Total Memory (MB): 31854 | Free Memory: 24187
| Total Page/Swap (MB): 8191 | Free Page/Swap: 0
|---------------------------------------------------------------------------------------------|
2026-06-18T16:47:01Z [1,402ms] [Warning] [gpu.foundation.plugin] CPU performance profile is set to powersave. This profile sets the CPU to the lowest frequency reducing performance.
2026-06-18T16:47:01Z [1,410ms] [Warning] [gpu.foundation.plugin] PCIe link width current (8) and maximum (16) for device 0 don't match.
2026-06-18T16:47:03Z [3,821ms] [Warning] [omni.log] Source: omni.hydra was already registered.
OmniReplicatorNvExtension starting up (ext_id: omni.replicator.nv-1.1.0).
2026-06-18T16:47:04Z [4,798ms] [Warning] [pxr.Semantics] pxr.Semantics is deprecated - please use Semantics instead
2026-06-18T16:47:04Z [4,959ms] [Warning] [omni.replicator.core.scripts.extension] No material configuration file, adding configuration to material settings directly.
[WARNING]: The `policy` configuration is deprecated for rsl-rl >= 4.0.0. Please use, e.g., `actor` and `critic` model configurations instead.
[WARNING]: The `policy` configuration is used to infer the `actor` model configuration.
[WARNING]: The `policy` configuration is used to infer the `critic` model configuration.
[WARNING]: The `distribution_cfg` configuration is now used to specify the output distribution for stochastic policies. Consider updating the configuration to use `distribution_cfg` instead of `stochastic`, `init_noise_std`, `noise_std_type`, and `state_dependent_std` parameters.
[INFO] Loading experiment from directory: /workspace/Ankybot_v2/logs/rsl_rl/ankybot_v2
[2026-06-18 16:47:08,624][isaaclab_physx.physics.physx_manager][WARNING] - TGS solver with enable_external_forces_every_iteration=False may cause noisy velocities.
[INFO]: Base environment:
	Environment device    : cuda:0
	Environment seed      : 42
	Physics step-size     : 0.002
	Rendering step-size   : 0.002
	Environment step-size : 0.01
[2026-06-18 16:47:08,650][isaaclab.envs.manager_based_env][WARNING] - The render interval (1.0) is smaller than the decimation (5). Multiple render calls will happen for each environment step. If this is not intended, set the render interval to be equal to the decimation.
/workspace/isaaclab/_isaac_sim/kit/python/lib/python3.12/site-packages/rsl_rl/utils/utils.py:220: UserWarning: The observation configuration dictionary 'obs_groups' is empty and thus likely not configured. Consider configuring the 'obs_groups' dictionary explicitly
  warnings.warn(
/workspace/isaaclab/_isaac_sim/kit/python/lib/python3.12/site-packages/rsl_rl/utils/utils.py:251: UserWarning: The observation configuration dictionary 'obs_groups' does not contain the 'actor' key. As an observation group with the name 'policy' was found, this is assumed to be the appropriate observation. Consider adding the 'actor' key to the 'obs_groups' dictionary for clarity. This behavior will be removed in a future version.
  warnings.warn(
/workspace/isaaclab/_isaac_sim/kit/python/lib/python3.12/site-packages/rsl_rl/utils/utils.py:251: UserWarning: The observation configuration dictionary 'obs_groups' does not contain the 'critic' key. As an observation group with the name 'policy' was found, this is assumed to be the appropriate observation. Consider adding the 'critic' key to the 'obs_groups' dictionary for clarity. This behavior will be removed in a future version.
  warnings.warn(
/workspace/isaaclab/_isaac_sim/kit/python/lib/python3.12/copyreg.py:99: FutureWarning: `isinstance(treespec, LeafSpec)` is deprecated, use `isinstance(treespec, TreeSpec) and treespec.is_leaf()` instead.
  return cls.__new__(cls, *args)
2026-06-18T16:47:08Z [8,745ms] [Warning] [isaaclab_physx.physics.physx_manager] TGS solver with enable_external_forces_every_iteration=False may cause noisy velocities.
2026-06-18T16:47:08Z [8,771ms] [Warning] [isaaclab.envs.manager_based_env] The render interval (1.0) is smaller than the decimation (5). Multiple render calls will happen for each environment step. If this is not intended, set the render interval to be equal to the decimation.
2026-06-18T16:47:10Z [10,939ms] [Warning] [omni.fabric.plugin] Warning: attribute material:binding not found for path /__Prototype_9139487099088643362/FRHip

2026-06-18T16:47:10Z [10,969ms] [Warning] [omni.usd] Encountered USD Warnings but USD Diagnostics are currently muted. To view USD Warnings, please set the '/persistent/app/usd/muteUsdDiagnostics' setting to false in Preferences page.
2026-06-18T16:47:11Z [11,710ms] [Warning] [isaacsim.core.simulation_manager.impl.simulation_manager] Changing backend from 'numpy' to 'torch' since NumPy cannot be used with GPU piplines
2026-06-18T16:48:36Z [96,261ms] [Warning] [omni.syntheticdata.plugin] OgnSdPostRenderVarToHost : rendervar copy from texture directly to host buffer is counter-performant. Please use copy from texture to device buffer first.
2026-06-18T16:48:41Z [101,565ms] [Warning] [omni.kit.material.library.material_extensions] Could not initialize context menu integration: No module named 'omni.kit.context_menu'
[INFO] Using Python: "/workspace/isaaclab/_isaac_sim/python.sh"
=== Thu Jun 18 16:48:42 UTC 2026 | DONE  model_500.pt ===
=== Thu Jun 18 16:48:42 UTC 2026 | ALL RECORDINGS COMPLETE ===
=== Thu Jun 18 16:55:12 UTC 2026 | START model_100.pt | 1500 steps ===
[INFO]: Parsing configuration from: Ankybot_v2.tasks.manager_based.ankybot_v2.ankybot_v2_env_cfg:AnkybotV2EnvCfg_PLAY
[INFO]: Parsing configuration from: Ankybot_v2.tasks.manager_based.ankybot_v2.agents.rsl_rl_ppo_cfg:PPORunnerCfg
[2026-06-18 16:55:19,087][isaaclab.app.app_launcher][INFO] - Using device: cuda:0
[2026-06-18 16:55:19,088][isaaclab.app.app_launcher][INFO] - Loading experience file: /workspace/isaaclab/apps/isaaclab.python.rendering.kit
[2026-06-18 16:55:19,850][asyncio][DEBUG] - Using selector: EpollSelector
WARNING: All log messages before absl::InitializeLog() is called are written to STDERR
E0000 00:00:1781801719.888229   90970 descriptor_database.cc:633] File already exists in database: grpc/health/v1/health.proto
W0000 00:00:1781801719.888259   90970 message.cc:301] Protobuf GeneratedMessageFactory: File is already registered: grpc/health/v1/health.proto
[2026-06-18 16:55:22,487][trimesh.util][DEBUG] - falling back to hashlib hashing: `pip install xxhash`for 50x faster cache checks
[2026-06-18 16:55:25,155][AutoNode][DEBUG] - Defining data type 'any' as 'Any'
[2026-06-18 16:55:25,155][AutoNode][DEBUG] - Defining data type 'bool' as 'Bool' and array 'BoolArray
[2026-06-18 16:55:25,155][AutoNode][DEBUG] - Defining data type 'bundle' as 'Bundle'
[2026-06-18 16:55:25,155][AutoNode][DEBUG] - Defining data type 'colord[3]' as 'Color3d' and array 'Color3dArray
[2026-06-18 16:55:25,155][AutoNode][DEBUG] - Defining data type 'colorf[3]' as 'Color3f' and array 'Color3fArray
[2026-06-18 16:55:25,156][AutoNode][DEBUG] - Defining data type 'colorh[3]' as 'Color3h' and array 'Color3hArray
[2026-06-18 16:55:25,156][AutoNode][DEBUG] - Defining data type 'colord[4]' as 'Color4d' and array 'Color4dArray
[2026-06-18 16:55:25,156][AutoNode][DEBUG] - Defining data type 'colorf[4]' as 'Color4f' and array 'Color4fArray
[2026-06-18 16:55:25,156][AutoNode][DEBUG] - Defining data type 'colorh[4]' as 'Color4h' and array 'Color4hArray
[2026-06-18 16:55:25,156][AutoNode][DEBUG] - Defining data type 'double' as 'Double' and array 'DoubleArray
[2026-06-18 16:55:25,156][AutoNode][DEBUG] - Defining data type 'double[2]' as 'Double2' and array 'Double2Array
[2026-06-18 16:55:25,156][AutoNode][DEBUG] - Defining data type 'double[3]' as 'Double3' and array 'Double3Array
[2026-06-18 16:55:25,156][AutoNode][DEBUG] - Defining data type 'double[4]' as 'Double4' and array 'Double4Array
[2026-06-18 16:55:25,157][AutoNode][DEBUG] - Defining data type 'execution' as 'Execution'
[2026-06-18 16:55:25,157][AutoNode][DEBUG] - Defining data type 'float' as 'Float' and array 'FloatArray
[2026-06-18 16:55:25,157][AutoNode][DEBUG] - Defining data type 'float[2]' as 'Float2' and array 'Float2Array
[2026-06-18 16:55:25,157][AutoNode][DEBUG] - Defining data type 'float[3]' as 'Float3' and array 'Float3Array
[2026-06-18 16:55:25,157][AutoNode][DEBUG] - Defining data type 'float[4]' as 'Float4' and array 'Float4Array
[2026-06-18 16:55:25,157][AutoNode][DEBUG] - Defining data type 'frame[4]' as 'Frame' and array 'FrameArray
[2026-06-18 16:55:25,157][AutoNode][DEBUG] - Defining data type 'half' as 'Half' and array 'HalfArray
[2026-06-18 16:55:25,158][AutoNode][DEBUG] - Defining data type 'half[2]' as 'Half2' and array 'Half2Array
[2026-06-18 16:55:25,158][AutoNode][DEBUG] - Defining data type 'half[3]' as 'Half3' and array 'Half3Array
[2026-06-18 16:55:25,158][AutoNode][DEBUG] - Defining data type 'half[4]' as 'Half4' and array 'Half4Array
[2026-06-18 16:55:25,158][AutoNode][DEBUG] - Defining data type 'int' as 'Int' and array 'IntArray
[2026-06-18 16:55:25,158][AutoNode][DEBUG] - Defining data type 'int[2]' as 'Int2' and array 'Int2Array
[2026-06-18 16:55:25,158][AutoNode][DEBUG] - Defining data type 'int[3]' as 'Int3' and array 'Int3Array
[2026-06-18 16:55:25,158][AutoNode][DEBUG] - Defining data type 'int[4]' as 'Int4' and array 'Int4Array
[2026-06-18 16:55:25,158][AutoNode][DEBUG] - Defining data type 'int64' as 'Int64' and array 'Int64Array
[2026-06-18 16:55:25,159][AutoNode][DEBUG] - Defining data type 'matrixd[2]' as 'Matrix2d' and array 'Matrix2dArray
[2026-06-18 16:55:25,159][AutoNode][DEBUG] - Defining data type 'matrixd[3]' as 'Matrix3d' and array 'Matrix3dArray
[2026-06-18 16:55:25,159][AutoNode][DEBUG] - Defining data type 'matrixd[4]' as 'Matrix4d' and array 'Matrix4dArray
[2026-06-18 16:55:25,159][AutoNode][DEBUG] - Defining data type 'normald[3]' as 'Normal3d' and array 'Normal3dArray
[2026-06-18 16:55:25,159][AutoNode][DEBUG] - Defining data type 'normalf[3]' as 'Normal3f' and array 'Normal3fArray
[2026-06-18 16:55:25,159][AutoNode][DEBUG] - Defining data type 'normalh[3]' as 'Normal3h' and array 'Normal3hArray
[2026-06-18 16:55:25,159][AutoNode][DEBUG] - Defining data type 'objectId' as 'ObjectId' and array 'ObjectIdArray
[2026-06-18 16:55:25,159][AutoNode][DEBUG] - Defining data type 'path' as 'Path'
[2026-06-18 16:55:25,160][AutoNode][DEBUG] - Defining data type 'pointd[3]' as 'Point3d' and array 'Point3dArray
[2026-06-18 16:55:25,160][AutoNode][DEBUG] - Defining data type 'pointf[3]' as 'Point3f' and array 'Point3fArray
[2026-06-18 16:55:25,160][AutoNode][DEBUG] - Defining data type 'pointh[3]' as 'Point3h' and array 'Point3hArray
[2026-06-18 16:55:25,160][AutoNode][DEBUG] - Defining data type 'quatd[4]' as 'Quatd' and array 'QuatdArray
[2026-06-18 16:55:25,160][AutoNode][DEBUG] - Defining data type 'quatf[4]' as 'Quatf' and array 'QuatfArray
[2026-06-18 16:55:25,160][AutoNode][DEBUG] - Defining data type 'quath[4]' as 'Quath' and array 'QuathArray
[2026-06-18 16:55:25,160][AutoNode][DEBUG] - Defining data type 'string' as 'String'
[2026-06-18 16:55:25,161][AutoNode][DEBUG] - Defining data type 'target' as 'Target'
[2026-06-18 16:55:25,161][AutoNode][DEBUG] - Defining data type 'texcoordd[2]' as 'TexCoord2d' and array 'TexCoord2dArray
[2026-06-18 16:55:25,161][AutoNode][DEBUG] - Defining data type 'texcoordf[2]' as 'TexCoord2f' and array 'TexCoord2fArray
[2026-06-18 16:55:25,161][AutoNode][DEBUG] - Defining data type 'texcoordh[2]' as 'TexCoord2h' and array 'TexCoord2hArray
[2026-06-18 16:55:25,161][AutoNode][DEBUG] - Defining data type 'texcoordd[3]' as 'TexCoord3d' and array 'TexCoord3dArray
[2026-06-18 16:55:25,161][AutoNode][DEBUG] - Defining data type 'texcoordf[3]' as 'TexCoord3f' and array 'TexCoord3fArray
[2026-06-18 16:55:25,161][AutoNode][DEBUG] - Defining data type 'texcoordh[3]' as 'TexCoord3h' and array 'TexCoord3hArray
[2026-06-18 16:55:25,161][AutoNode][DEBUG] - Defining data type 'timecode' as 'Timecode' and array 'TimecodeArray
[2026-06-18 16:55:25,162][AutoNode][DEBUG] - Defining data type 'token' as 'Token' and array 'TokenArray
[2026-06-18 16:55:25,162][AutoNode][DEBUG] - Defining data type 'uchar' as 'UChar' and array 'UCharArray
[2026-06-18 16:55:25,162][AutoNode][DEBUG] - Defining data type 'uint' as 'UInt' and array 'UIntArray
[2026-06-18 16:55:25,162][AutoNode][DEBUG] - Defining data type 'uint64' as 'UInt64' and array 'UInt64Array
[2026-06-18 16:55:25,162][AutoNode][DEBUG] - Defining data type 'vectord[3]' as 'Vector3d' and array 'Vector3dArray
[2026-06-18 16:55:25,162][AutoNode][DEBUG] - Defining data type 'vectorf[3]' as 'Vector3f' and array 'Vector3fArray
[2026-06-18 16:55:25,162][AutoNode][DEBUG] - Defining data type 'vectorh[3]' as 'Vector3h' and array 'Vector3hArray
Loading user config located at: '/isaac-sim/kit/data/Kit/IsaacLab/3.0/user.config.json'
[Info] [carb] Logging to file: /isaac-sim/kit/logs/Kit/IsaacLab/3.0/kit_20260618_165519.log
2026-06-18T16:55:19Z [6ms] [Warning] [omni.ext.plugin] [ext: isaaclab_visualizers] Extensions config 'extension.toml' doesn't exist '/workspace/isaaclab/source/isaaclab_visualizers' or '/workspace/isaaclab/source/isaaclab_visualizers/config'

|---------------------------------------------------------------------------------------------|
| Driver Version: 580.159.03    | Graphics API: Vulkan
|=============================================================================================|
| GPU | Name                             | Active | LDA | GPU Memory | Vendor-ID | LUID       |
|     |                                  |        |     |            | Device-ID | UUID       |
|     |                                  |        |     |            | Bus-ID    |            |
|---------------------------------------------------------------------------------------------|
| 0   | NVIDIA GeForce RTX 2070          | Yes: 0 |     | 8438    MB | 10de      | 0          |
|     |                                  |        |     |            | 1f14      | a951febe.. |
|     |                                  |        |     |            | 1         |            |
|=============================================================================================|
| OS: 24.04.4 LTS (Noble Numbat) ubuntu, Version: 24.04.4, Kernel: 6.17.0-35-generic
| XServer Vendor: The X.Org Foundation, XServer Version: 12101011 (1.21.1.11)
| Processor: Intel(R) Core(TM) i7-10750H CPU @ 2.60GHz
| Cores: 6 | Logical Cores: 12
|---------------------------------------------------------------------------------------------|
| Total Memory (MB): 31854 | Free Memory: 24241
| Total Page/Swap (MB): 8191 | Free Page/Swap: 0
|---------------------------------------------------------------------------------------------|
2026-06-18T16:55:20Z [1,635ms] [Warning] [gpu.foundation.plugin] CPU performance profile is set to powersave. This profile sets the CPU to the lowest frequency reducing performance.
2026-06-18T16:55:20Z [1,643ms] [Warning] [gpu.foundation.plugin] PCIe link width current (8) and maximum (16) for device 0 don't match.
2026-06-18T16:55:24Z [4,992ms] [Warning] [omni.log] Source: omni.hydra was already registered.
OmniReplicatorNvExtension starting up (ext_id: omni.replicator.nv-1.1.0).
2026-06-18T16:55:25Z [6,373ms] [Warning] [pxr.Semantics] pxr.Semantics is deprecated - please use Semantics instead
2026-06-18T16:55:25Z [6,536ms] [Warning] [omni.replicator.core.scripts.extension] No material configuration file, adding configuration to material settings directly.
2026-06-18T16:55:27Z [7,935ms] [Warning] [omni.usd] Encountered USD Warnings but USD Diagnostics are currently muted. To view USD Warnings, please set the '/persistent/app/usd/muteUsdDiagnostics' setting to false in Preferences page.
2026-06-18T16:55:28Z [9,357ms] [Warning] [omni.kit.window.filepicker.collections.collection_item] Failed to add '/root/Documents': '/root/Documents/' as dupliated path in 'Documents'
[WARNING]: The `policy` configuration is deprecated for rsl-rl >= 4.0.0. Please use, e.g., `actor` and `critic` model configurations instead.
[WARNING]: The `policy` configuration is used to infer the `actor` model configuration.
[WARNING]: The `policy` configuration is used to infer the `critic` model configuration.
[WARNING]: The `distribution_cfg` configuration is now used to specify the output distribution for stochastic policies. Consider updating the configuration to use `distribution_cfg` instead of `stochastic`, `init_noise_std`, `noise_std_type`, and `state_dependent_std` parameters.
[INFO] Loading experiment from directory: /workspace/Ankybot_v2/logs/rsl_rl/ankybot_v2
[2026-06-18 16:55:31,215][isaaclab_physx.physics.physx_manager][WARNING] - TGS solver with enable_external_forces_every_iteration=False may cause noisy velocities.
[INFO]: Base environment:
	Environment device    : cuda:0
	Environment seed      : 42
	Physics step-size     : 0.002
	Rendering step-size   : 0.002
	Environment step-size : 0.01
[2026-06-18 16:55:31,441][isaaclab.envs.manager_based_env][WARNING] - The render interval (1.0) is smaller than the decimation (5). Multiple render calls will happen for each environment step. If this is not intended, set the render interval to be equal to the decimation.
2026-06-18T16:55:30Z [11,129ms] [Warning] [omni.kit.menu.utils.layout] Multiple matching items found for layout "Physics". Found Create, Window. Change <<class 'omni.kit.menu.utils.layout.MenuLayout.SubMenu'> name:Physics> to use specific source. Using "source="Create/Physics""
2026-06-18T16:55:31Z [12,085ms] [Warning] [isaaclab_physx.physics.physx_manager] TGS solver with enable_external_forces_every_iteration=False may cause noisy velocities.
2026-06-18T16:55:31Z [12,311ms] [Warning] [isaaclab.envs.manager_based_env] The render interval (1.0) is smaller than the decimation (5). Multiple render calls will happen for each environment step. If this is not intended, set the render interval to be equal to the decimation.
2026-06-18T16:55:33Z [14,637ms] [Warning] [omni.fabric.plugin] Warning: attribute material:binding not found for path /__Prototype_16605567747932664364/BLFoot

2026-06-18T16:55:34Z [15,385ms] [Warning] [isaacsim.core.simulation_manager.impl.simulation_manager] Changing backend from 'numpy' to 'torch' since NumPy cannot be used with GPU piplines
2026-06-18T16:55:34Z [15,816ms] [Warning] [omni.physics.isaacsimready.scripts.variant_switcher] VariantSwitcher: Variant 'physx' not found in variant set 'Physics' on prim '/World/envs/env_105/Robot/FinalURDF_SLDASM'. Available variants: ['None', 'PhysX']
2026-06-18T16:55:34Z [15,816ms] [Warning] [omni.physics.isaacsimready.scripts.variant_switcher] VariantSwitcher: Variant 'physx' not found in variant set 'Physics' on prim '/World/envs/env_3/Robot/FinalURDF_SLDASM'. Available variants: ['None', 'PhysX']
2026-06-18T16:55:34Z [15,816ms] [Warning] [omni.physics.isaacsimready.scripts.variant_switcher] VariantSwitcher: Variant 'physx' not found in variant set 'Physics' on prim '/World/envs/env_85/Robot/FinalURDF_SLDASM'. Available variants: ['None', 'PhysX']
2026-06-18T16:55:34Z [15,816ms] [Warning] [omni.physics.isaacsimready.scripts.variant_switcher] VariantSwitcher: Variant 'physx' not found in variant set 'Physics' on prim '/World/envs/env_79/Robot/FinalURDF_SLDASM'. Available variants: ['None', 'PhysX']
2026-06-18T16:55:34Z [15,816ms] [Warning] [omni.physics.isaacsimready.scripts.variant_switcher] VariantSwitcher: Variant 'physx' not found in variant set 'Physics' on prim '/World/envs/env_54/Robot/FinalURDF_SLDASM'. Available variants: ['None', 'PhysX']
2026-06-18T16:55:34Z [15,816ms] [Warning] [omni.physics.isaacsimready.scripts.variant_switcher] VariantSwitcher: Variant 'physx' not found in variant set 'Physics' on prim '/World/envs/env_60/Robot/FinalURDF_SLDASM'. Available variants: ['None', 'PhysX']
2026-06-18T16:55:34Z [15,816ms] [Warning] [omni.physics.isaacsimready.scripts.variant_switcher] VariantSwitcher: Variant 'physx' not found in variant set 'Physics' on prim '/World/envs/env_44/Robot/FinalURDF_SLDASM'. Available variants: ['None', 'PhysX']
2026-06-18T16:55:34Z [15,816ms] [Warning] [omni.physics.isaacsimready.scripts.variant_switcher] VariantSwitcher: Variant 'physx' not found in variant set 'Physics' on prim '/World/envs/env_33/Robot/FinalURDF_SLDASM'. Available variants: ['None', 'PhysX']
2026-06-18T16:55:34Z [15,816ms] [Warning] [omni.physics.isaacsimready.scripts.variant_switcher] VariantSwitcher: Variant 'physx' not found in variant set 'Physics' on prim '/World/envs/env_35/Robot/FinalURDF_SLDASM'. Available variants: ['None', 'PhysX']
2026-06-18T16:55:34Z [15,816ms] [Warning] [omni.physics.isaacsimready.scripts.variant_switcher] VariantSwitcher: Variant 'physx' not found in variant set 'Physics' on prim '/World/envs/env_47/Robot/FinalURDF_SLDASM'. Available variants: ['None', 'PhysX']
2026-06-18T16:55:34Z [15,817ms] [Warning] [omni.physics.isaacsimready.scripts.variant_switcher] VariantSwitcher: Variant 'physx' not found in variant set 'Physics' on prim '/World/envs/env_75/Robot/FinalURDF_SLDASM'. Available variants: ['None', 'PhysX']
2026-06-18T16:55:34Z [15,817ms] [Warning] [omni.physics.isaacsimready.scripts.variant_switcher] VariantSwitcher: Variant 'physx' not found in variant set 'Physics' on prim '/World/envs/env_116/Robot/FinalURDF_SLDASM'. Available variants: ['None', 'PhysX']
2026-06-18T16:55:34Z [15,817ms] [Warning] [omni.physics.isaacsimready.scripts.variant_switcher] VariantSwitcher: Variant 'physx' not found in variant set 'Physics' on prim '/World/envs/env_18/Robot/FinalURDF_SLDASM'. Available variants: ['None', 'PhysX']
2026-06-18T16:55:34Z [15,817ms] [Warning] [omni.physics.isaacsimready.scripts.variant_switcher] VariantSwitcher: Variant 'physx' not found in variant set 'Physics' on prim '/World/envs/env_100/Robot/FinalURDF_SLDASM'. Available variants: ['None', 'PhysX']
2026-06-18T16:55:34Z [15,817ms] [Warning] [omni.physics.isaacsimready.scripts.variant_switcher] VariantSwitcher: Variant 'physx' not found in variant set 'Physics' on prim '/World/envs/env_74/Robot/FinalURDF_SLDASM'. Available variants: ['None', 'PhysX']
2026-06-18T16:55:34Z [15,817ms] [Warning] [omni.physics.isaacsimready.scripts.variant_switcher] VariantSwitcher: Variant 'physx' not found in variant set 'Physics' on prim '/World/envs/env_91/Robot/FinalURDF_SLDASM'. Available variants: ['None', 'PhysX']
2026-06-18T16:55:34Z [15,817ms] [Warning] [omni.physics.isaacsimready.scripts.variant_switcher] VariantSwitcher: Variant 'physx' not found in variant set 'Physics' on prim '/World/envs/env_55/Robot/FinalURDF_SLDASM'. Available variants: ['None', 'PhysX']
2026-06-18T16:55:34Z [15,817ms] [Warning] [omni.physics.isaacsimready.scripts.variant_switcher] VariantSwitcher: Variant 'physx' not found in variant set 'Physics' on prim '/World/envs/env_103/Robot/FinalURDF_SLDASM'. Available variants: ['None', 'PhysX']
2026-06-18T16:55:34Z [15,817ms] [Warning] [omni.physics.isaacsimready.scripts.variant_switcher] VariantSwitcher: Variant 'physx' not found in variant set 'Physics' on prim '/World/envs/env_25/Robot/FinalURDF_SLDASM'. Available variants: ['None', 'PhysX']
2026-06-18T16:55:34Z [15,817ms] [Warning] [omni.physics.isaacsimready.scripts.variant_switcher] VariantSwitcher: Variant 'physx' not found in variant set 'Physics' on prim '/World/envs/env_12/Robot/FinalURDF_SLDASM'. Available variants: ['None', 'PhysX']
2026-06-18T16:55:34Z [15,817ms] [Warning] [omni.physics.isaacsimready.scripts.variant_switcher] VariantSwitcher: Variant 'physx' not found in variant set 'Physics' on prim '/World/envs/env_117/Robot/FinalURDF_SLDASM'. Available variants: ['None', 'PhysX']
2026-06-18T16:55:34Z [15,817ms] [Warning] [omni.physics.isaacsimready.scripts.variant_switcher] VariantSwitcher: Variant 'physx' not found in variant set 'Physics' on prim '/World/envs/env_42/Robot/FinalURDF_SLDASM'. Available variants: ['None', 'PhysX']
2026-06-18T16:55:34Z [15,817ms] [Warning] [omni.physics.isaacsimready.scripts.variant_switcher] VariantSwitcher: Variant 'physx' not found in variant set 'Physics' on prim '/World/envs/env_84/Robot/FinalURDF_SLDASM'. Available variants: ['None', 'PhysX']
2026-06-18T16:55:34Z [15,818ms] [Warning] [omni.physics.isaacsimready.scripts.variant_switcher] VariantSwitcher: Variant 'physx' not found in variant set 'Physics' on prim '/World/envs/env_63/Robot/FinalURDF_SLDASM'. Available variants: ['None', 'PhysX']
2026-06-18T16:55:34Z [15,818ms] [Warning] [omni.physics.isaacsimready.scripts.variant_switcher] VariantSwitcher: Variant 'physx' not found in variant set 'Physics' on prim '/World/envs/env_81/Robot/FinalURDF_SLDASM'. Available variants: ['None', 'PhysX']
2026-06-18T16:55:34Z [15,818ms] [Warning] [omni.physics.isaacsimready.scripts.variant_switcher] VariantSwitcher: Variant 'physx' not found in variant set 'Physics' on prim '/World/envs/env_30/Robot/FinalURDF_SLDASM'. Available variants: ['None', 'PhysX']
2026-06-18T16:55:34Z [15,818ms] [Warning] [omni.physics.isaacsimready.scripts.variant_switcher] VariantSwitcher: Variant 'physx' not found in variant set 'Physics' on prim '/World/envs/env_72/Robot/FinalURDF_SLDASM'. Available variants: ['None', 'PhysX']
2026-06-18T16:55:34Z [15,818ms] [Warning] [omni.physics.isaacsimready.scripts.variant_switcher] VariantSwitcher: Variant 'physx' not found in variant set 'Physics' on prim '/World/envs/env_64/Robot/FinalURDF_SLDASM'. Available variants: ['None', 'PhysX']
2026-06-18T16:55:34Z [15,818ms] [Warning] [omni.physics.isaacsimready.scripts.variant_switcher] VariantSwitcher: Variant 'physx' not found in variant set 'Physics' on prim '/World/envs/env_107/Robot/FinalURDF_SLDASM'. Available variants: ['None', 'PhysX']
2026-06-18T16:55:34Z [15,818ms] [Warning] [omni.physics.isaacsimready.scripts.variant_switcher] VariantSwitcher: Variant 'physx' not found in variant set 'Physics' on prim '/World/envs/env_17/Robot/FinalURDF_SLDASM'. Available variants: ['None', 'PhysX']
2026-06-18T16:55:34Z [15,818ms] [Warning] [omni.physics.isaacsimready.scripts.variant_switcher] VariantSwitcher: Variant 'physx' not found in variant set 'Physics' on prim '/World/envs/env_48/Robot/FinalURDF_SLDASM'. Available variants: ['None', 'PhysX']
2026-06-18T16:55:34Z [15,818ms] [Warning] [omni.physics.isaacsimready.scripts.variant_switcher] VariantSwitcher: Variant 'physx' not found in variant set 'Physics' on prim '/World/envs/env_21/Robot/FinalURDF_SLDASM'. Available variants: ['None', 'PhysX']
2026-06-18T16:55:34Z [15,818ms] [Warning] [omni.physics.isaacsimready.scripts.variant_switcher] VariantSwitcher: Variant 'physx' not found in variant set 'Physics' on prim '/World/envs/env_40/Robot/FinalURDF_SLDASM'. Available variants: ['None', 'PhysX']
2026-06-18T16:55:34Z [15,818ms] [Warning] [omni.physics.isaacsimready.scripts.variant_switcher] VariantSwitcher: Variant 'physx' not found in variant set 'Physics' on prim '/World/envs/env_70/Robot/FinalURDF_SLDASM'. Available variants: ['None', 'PhysX']
2026-06-18T16:55:34Z [15,818ms] [Warning] [omni.physics.isaacsimready.scripts.variant_switcher] VariantSwitcher: Variant 'physx' not found in variant set 'Physics' on prim '/World/envs/env_10/Robot/FinalURDF_SLDASM'. Available variants: ['None', 'PhysX']
2026-06-18T16:55:34Z [15,818ms] [Warning] [omni.physics.isaacsimready.scripts.variant_switcher] VariantSwitcher: Variant 'physx' not found in variant set 'Physics' on prim '/World/envs/env_27/Robot/FinalURDF_SLDASM'. Available variants: ['None', 'PhysX']
2026-06-18T16:55:34Z [15,819ms] [Warning] [omni.physics.isaacsimready.scripts.variant_switcher] VariantSwitcher: Variant 'physx' not found in variant set 'Physics' on prim '/World/envs/env_24/Robot/FinalURDF_SLDASM'. Available variants: ['None', 'PhysX']
2026-06-18T16:55:34Z [15,819ms] [Warning] [omni.physics.isaacsimready.scripts.variant_switcher] VariantSwitcher: Variant 'physx' not found in variant set 'Physics' on prim '/World/envs/env_101/Robot/FinalURDF_SLDASM'. Available variants: ['None', 'PhysX']
2026-06-18T16:55:34Z [15,819ms] [Warning] [omni.physics.isaacsimready.scripts.variant_switcher] VariantSwitcher: Variant 'physx' not found in variant set 'Physics' on prim '/World/envs/env_127/Robot/FinalURDF_SLDASM'. Available variants: ['None', 'PhysX']
2026-06-18T16:55:34Z [15,819ms] [Warning] [omni.physics.isaacsimready.scripts.variant_switcher] VariantSwitcher: Variant 'physx' not found in variant set 'Physics' on prim '/World/envs/env_16/Robot/FinalURDF_SLDASM'. Available variants: ['None', 'PhysX']
2026-06-18T16:55:34Z [15,819ms] [Warning] [omni.physics.isaacsimready.scripts.variant_switcher] VariantSwitcher: Variant 'physx' not found in variant set 'Physics' on prim '/World/envs/env_123/Robot/FinalURDF_SLDASM'. Available variants: ['None', 'PhysX']
2026-06-18T16:55:34Z [15,819ms] [Warning] [omni.physics.isaacsimready.scripts.variant_switcher] VariantSwitcher: Variant 'physx' not found in variant set 'Physics' on prim '/World/envs/env_124/Robot/FinalURDF_SLDASM'. Available variants: ['None', 'PhysX']
2026-06-18T16:55:34Z [15,819ms] [Warning] [omni.physics.isaacsimready.scripts.variant_switcher] VariantSwitcher: Variant 'physx' not found in variant set 'Physics' on prim '/World/envs/env_108/Robot/FinalURDF_SLDASM'. Available variants: ['None', 'PhysX']
2026-06-18T16:55:34Z [15,819ms] [Warning] [omni.physics.isaacsimready.scripts.variant_switcher] VariantSwitcher: Variant 'physx' not found in variant set 'Physics' on prim '/World/envs/env_20/Robot/FinalURDF_SLDASM'. Available variants: ['None', 'PhysX']
2026-06-18T16:55:34Z [15,819ms] [Warning] [omni.physics.isaacsimready.scripts.variant_switcher] VariantSwitcher: Variant 'physx' not found in variant set 'Physics' on prim '/World/envs/env_58/Robot/FinalURDF_SLDASM'. Available variants: ['None', 'PhysX']
2026-06-18T16:55:34Z [15,819ms] [Warning] [omni.physics.isaacsimready.scripts.variant_switcher] VariantSwitcher: Variant 'physx' not found in variant set 'Physics' on prim '/World/envs/env_92/Robot/FinalURDF_SLDASM'. Available variants: ['None', 'PhysX']
2026-06-18T16:55:34Z [15,819ms] [Warning] [omni.physics.isaacsimready.scripts.variant_switcher] VariantSwitcher: Variant 'physx' not found in variant set 'Physics' on prim '/World/envs/env_29/Robot/FinalURDF_SLDASM'. Available variants: ['None', 'PhysX']
2026-06-18T16:55:34Z [15,819ms] [Warning] [omni.physics.isaacsimready.scripts.variant_switcher] VariantSwitcher: Variant 'physx' not found in variant set 'Physics' on prim '/World/envs/env_1/Robot/FinalURDF_SLDASM'. Available variants: ['None', 'PhysX']
2026-06-18T16:55:34Z [15,819ms] [Warning] [omni.physics.isaacsimready.scripts.variant_switcher] VariantSwitcher: Variant 'physx' not found in variant set 'Physics' on prim '/World/envs/env_15/Robot/FinalURDF_SLDASM'. Available variants: ['None', 'PhysX']
2026-06-18T16:55:34Z [15,820ms] [Warning] [omni.physics.isaacsimready.scripts.variant_switcher] VariantSwitcher: Variant 'physx' not found in variant set 'Physics' on prim '/World/envs/env_2/Robot/FinalURDF_SLDASM'. Available variants: ['None', 'PhysX']
2026-06-18T16:55:34Z [15,820ms] [Warning] [omni.physics.isaacsimready.scripts.variant_switcher] VariantSwitcher: Variant 'physx' not found in variant set 'Physics' on prim '/World/envs/env_99/Robot/FinalURDF_SLDASM'. Available variants: ['None', 'PhysX']
2026-06-18T16:55:34Z [15,820ms] [Warning] [omni.physics.isaacsimready.scripts.variant_switcher] VariantSwitcher: Variant 'physx' not found in variant set 'Physics' on prim '/World/envs/env_4/Robot/FinalURDF_SLDASM'. Available variants: ['None', 'PhysX']
2026-06-18T16:55:34Z [15,820ms] [Warning] [omni.physics.isaacsimready.scripts.variant_switcher] VariantSwitcher: Variant 'physx' not found in variant set 'Physics' on prim '/World/envs/env_5/Robot/FinalURDF_SLDASM'. Available variants: ['None', 'PhysX']
2026-06-18T16:55:34Z [15,820ms] [Warning] [omni.physics.isaacsimready.scripts.variant_switcher] VariantSwitcher: Variant 'physx' not found in variant set 'Physics' on prim '/World/envs/env_76/Robot/FinalURDF_SLDASM'. Available variants: ['None', 'PhysX']
2026-06-18T16:55:34Z [15,820ms] [Warning] [omni.physics.isaacsimready.scripts.variant_switcher] VariantSwitcher: Variant 'physx' not found in variant set 'Physics' on prim '/World/envs/env_26/Robot/FinalURDF_SLDASM'. Available variants: ['None', 'PhysX']
2026-06-18T16:55:34Z [15,820ms] [Warning] [omni.physics.isaacsimready.scripts.variant_switcher] VariantSwitcher: Variant 'physx' not found in variant set 'Physics' on prim '/World/envs/env_23/Robot/FinalURDF_SLDASM'. Available variants: ['None', 'PhysX']
2026-06-18T16:55:34Z [15,820ms] [Warning] [omni.physics.isaacsimready.scripts.variant_switcher] VariantSwitcher: Variant 'physx' not found in variant set 'Physics' on prim '/World/envs/env_114/Robot/FinalURDF_SLDASM'. Available variants: ['None', 'PhysX']
2026-06-18T16:55:34Z [15,820ms] [Warning] [omni.physics.isaacsimready.scripts.variant_switcher] VariantSwitcher: Variant 'physx' not found in variant set 'Physics' on prim '/World/envs/env_41/Robot/FinalURDF_SLDASM'. Available variants: ['None', 'PhysX']
2026-06-18T16:55:34Z [15,820ms] [Warning] [omni.physics.isaacsimready.scripts.variant_switcher] VariantSwitcher: Variant 'physx' not found in variant set 'Physics' on prim '/World/envs/env_59/Robot/FinalURDF_SLDASM'. Available variants: ['None', 'PhysX']
2026-06-18T16:55:34Z [15,820ms] [Warning] [omni.physics.isaacsimready.scripts.variant_switcher] VariantSwitcher: Variant 'physx' not found in variant set 'Physics' on prim '/World/envs/env_109/Robot/FinalURDF_SLDASM'. Available variants: ['None', 'PhysX']
2026-06-18T16:55:34Z [15,820ms] [Warning] [omni.physics.isaacsimready.scripts.variant_switcher] VariantSwitcher: Variant 'physx' not found in variant set 'Physics' on prim '/World/envs/env_102/Robot/FinalURDF_SLDASM'. Available variants: ['None', 'PhysX']
2026-06-18T16:55:34Z [15,820ms] [Warning] [omni.physics.isaacsimready.scripts.variant_switcher] VariantSwitcher: Variant 'physx' not found in variant set 'Physics' on prim '/World/envs/env_31/Robot/FinalURDF_SLDASM'. Available variants: ['None', 'PhysX']
2026-06-18T16:55:34Z [15,821ms] [Warning] [omni.physics.isaacsimready.scripts.variant_switcher] VariantSwitcher: Variant 'physx' not found in variant set 'Physics' on prim '/World/envs/env_14/Robot/FinalURDF_SLDASM'. Available variants: ['None', 'PhysX']
2026-06-18T16:55:34Z [15,821ms] [Warning] [omni.physics.isaacsimready.scripts.variant_switcher] VariantSwitcher: Variant 'physx' not found in variant set 'Physics' on prim '/World/envs/env_19/Robot/FinalURDF_SLDASM'. Available variants: ['None', 'PhysX']
2026-06-18T16:55:34Z [15,821ms] [Warning] [omni.physics.isaacsimready.scripts.variant_switcher] VariantSwitcher: Variant 'physx' not found in variant set 'Physics' on prim '/World/envs/env_97/Robot/FinalURDF_SLDASM'. Available variants: ['None', 'PhysX']
2026-06-18T16:55:34Z [15,821ms] [Warning] [omni.physics.isaacsimready.scripts.variant_switcher] VariantSwitcher: Variant 'physx' not found in variant set 'Physics' on prim '/World/envs/env_50/Robot/FinalURDF_SLDASM'. Available variants: ['None', 'PhysX']
2026-06-18T16:55:34Z [15,821ms] [Warning] [omni.physics.isaacsimready.scripts.variant_switcher] VariantSwitcher: Variant 'physx' not found in variant set 'Physics' on prim '/World/envs/env_115/Robot/FinalURDF_SLDASM'. Available variants: ['None', 'PhysX']
2026-06-18T16:55:34Z [15,821ms] [Warning] [omni.physics.isaacsimready.scripts.variant_switcher] VariantSwitcher: Variant 'physx' not found in variant set 'Physics' on prim '/World/envs/env_82/Robot/FinalURDF_SLDASM'. Available variants: ['None', 'PhysX']
2026-06-18T16:55:34Z [15,821ms] [Warning] [omni.physics.isaacsimready.scripts.variant_switcher] VariantSwitcher: Variant 'physx' not found in variant set 'Physics' on prim '/World/envs/env_39/Robot/FinalURDF_SLDASM'. Available variants: ['None', 'PhysX']
2026-06-18T16:55:34Z [15,821ms] [Warning] [omni.physics.isaacsimready.scripts.variant_switcher] VariantSwitcher: Variant 'physx' not found in variant set 'Physics' on prim '/World/envs/env_87/Robot/FinalURDF_SLDASM'. Available variants: ['None', 'PhysX']
2026-06-18T16:55:34Z [15,821ms] [Warning] [omni.physics.isaacsimready.scripts.variant_switcher] VariantSwitcher: Variant 'physx' not found in variant set 'Physics' on prim '/World/envs/env_37/Robot/FinalURDF_SLDASM'. Available variants: ['None', 'PhysX']
2026-06-18T16:55:34Z [15,821ms] [Warning] [omni.physics.isaacsimready.scripts.variant_switcher] VariantSwitcher: Variant 'physx' not found in variant set 'Physics' on prim '/World/envs/env_95/Robot/FinalURDF_SLDASM'. Available variants: ['None', 'PhysX']
2026-06-18T16:55:34Z [15,821ms] [Warning] [omni.physics.isaacsimready.scripts.variant_switcher] VariantSwitcher: Variant 'physx' not found in variant set 'Physics' on prim '/World/envs/env_13/Robot/FinalURDF_SLDASM'. Available variants: ['None', 'PhysX']
2026-06-18T16:55:34Z [15,821ms] [Warning] [omni.physics.isaacsimready.scripts.variant_switcher] VariantSwitcher: Variant 'physx' not found in variant set 'Physics' on prim '/World/envs/env_28/Robot/FinalURDF_SLDASM'. Available variants: ['None', 'PhysX']
2026-06-18T16:55:34Z [15,821ms] [Warning] [omni.physics.isaacsimready.scripts.variant_switcher] VariantSwitcher: Variant 'physx' not found in variant set 'Physics' on prim '/World/envs/env_22/Robot/FinalURDF_SLDASM'. Available variants: ['None', 'PhysX']
2026-06-18T16:55:34Z [15,821ms] [Warning] [omni.physics.isaacsimready.scripts.variant_switcher] VariantSwitcher: Variant 'physx' not found in variant set 'Physics' on prim '/World/envs/env_61/Robot/FinalURDF_SLDASM'. Available variants: ['None', 'PhysX']
2026-06-18T16:55:34Z [15,822ms] [Warning] [omni.physics.isaacsimready.scripts.variant_switcher] VariantSwitcher: Variant 'physx' not found in variant set 'Physics' on prim '/World/envs/env_110/Robot/FinalURDF_SLDASM'. Available variants: ['None', 'PhysX']
2026-06-18T16:55:34Z [15,822ms] [Warning] [omni.physics.isaacsimready.scripts.variant_switcher] VariantSwitcher: Variant 'physx' not found in variant set 'Physics' on prim '/World/envs/env_106/Robot/FinalURDF_SLDASM'. Available variants: ['None', 'PhysX']
2026-06-18T16:55:34Z [15,822ms] [Warning] [omni.physics.isaacsimready.scripts.variant_switcher] VariantSwitcher: Variant 'physx' not found in variant set 'Physics' on prim '/World/envs/env_89/Robot/FinalURDF_SLDASM'. Available variants: ['None', 'PhysX']
2026-06-18T16:55:34Z [15,822ms] [Warning] [omni.physics.isaacsimready.scripts.variant_switcher] VariantSwitcher: Variant 'physx' not found in variant set 'Physics' on prim '/World/envs/env_93/Robot/FinalURDF_SLDASM'. Available variants: ['None', 'PhysX']
2026-06-18T16:55:34Z [15,822ms] [Warning] [omni.physics.isaacsimready.scripts.variant_switcher] VariantSwitcher: Variant 'physx' not found in variant set 'Physics' on prim '/World/envs/env_62/Robot/FinalURDF_SLDASM'. Available variants: ['None', 'PhysX']
2026-06-18T16:55:34Z [15,822ms] [Warning] [omni.physics.isaacsimready.scripts.variant_switcher] VariantSwitcher: Variant 'physx' not found in variant set 'Physics' on prim '/World/envs/env_78/Robot/FinalURDF_SLDASM'. Available variants: ['None', 'PhysX']
2026-06-18T16:55:34Z [15,822ms] [Warning] [omni.physics.isaacsimready.scripts.variant_switcher] VariantSwitcher: Variant 'physx' not found in variant set 'Physics' on prim '/World/envs/env_0/Robot/FinalURDF_SLDASM'. Available variants: ['None', 'PhysX']
2026-06-18T16:55:34Z [15,822ms] [Warning] [omni.physics.isaacsimready.scripts.variant_switcher] VariantSwitcher: Variant 'physx' not found in variant set 'Physics' on prim '/World/envs/env_51/Robot/FinalURDF_SLDASM'. Available variants: ['None', 'PhysX']
2026-06-18T16:55:34Z [15,822ms] [Warning] [omni.physics.isaacsimready.scripts.variant_switcher] VariantSwitcher: Variant 'physx' not found in variant set 'Physics' on prim '/World/envs/env_73/Robot/FinalURDF_SLDASM'. Available variants: ['None', 'PhysX']
2026-06-18T16:55:34Z [15,822ms] [Warning] [omni.physics.isaacsimready.scripts.variant_switcher] VariantSwitcher: Variant 'physx' not found in variant set 'Physics' on prim '/World/envs/env_111/Robot/FinalURDF_SLDASM'. Available variants: ['None', 'PhysX']
2026-06-18T16:55:34Z [15,822ms] [Warning] [omni.physics.isaacsimready.scripts.variant_switcher] VariantSwitcher: Variant 'physx' not found in variant set 'Physics' on prim '/World/envs/env_118/Robot/FinalURDF_SLDASM'. Available variants: ['None', 'PhysX']
2026-06-18T16:55:34Z [15,822ms] [Warning] [omni.physics.isaacsimready.scripts.variant_switcher] VariantSwitcher: Variant 'physx' not found in variant set 'Physics' on prim '/World/envs/env_56/Robot/FinalURDF_SLDASM'. Available variants: ['None', 'PhysX']
2026-06-18T16:55:34Z [15,823ms] [Warning] [omni.physics.isaacsimready.scripts.variant_switcher] VariantSwitcher: Variant 'physx' not found in variant set 'Physics' on prim '/World/envs/env_11/Robot/FinalURDF_SLDASM'. Available variants: ['None', 'PhysX']
2026-06-18T16:55:34Z [15,823ms] [Warning] [omni.physics.isaacsimready.scripts.variant_switcher] VariantSwitcher: Variant 'physx' not found in variant set 'Physics' on prim '/World/envs/env_98/Robot/FinalURDF_SLDASM'. Available variants: ['None', 'PhysX']
2026-06-18T16:55:34Z [15,823ms] [Warning] [omni.physics.isaacsimready.scripts.variant_switcher] VariantSwitcher: Variant 'physx' not found in variant set 'Physics' on prim '/World/envs/env_45/Robot/FinalURDF_SLDASM'. Available variants: ['None', 'PhysX']
2026-06-18T16:55:34Z [15,823ms] [Warning] [omni.physics.isaacsimready.scripts.variant_switcher] VariantSwitcher: Variant 'physx' not found in variant set 'Physics' on prim '/World/envs/env_119/Robot/FinalURDF_SLDASM'. Available variants: ['None', 'PhysX']
2026-06-18T16:55:34Z [15,823ms] [Warning] [omni.physics.isaacsimready.scripts.variant_switcher] VariantSwitcher: Variant 'physx' not found in variant set 'Physics' on prim '/World/envs/env_71/Robot/FinalURDF_SLDASM'. Available variants: ['None', 'PhysX']
2026-06-18T16:55:34Z [15,823ms] [Warning] [omni.physics.isaacsimready.scripts.variant_switcher] VariantSwitcher: Variant 'physx' not found in variant set 'Physics' on prim '/World/envs/env_65/Robot/FinalURDF_SLDASM'. Available variants: ['None', 'PhysX']
2026-06-18T16:55:34Z [15,823ms] [Warning] [omni.physics.isaacsimready.scripts.variant_switcher] VariantSwitcher: Variant 'physx' not found in variant set 'Physics' on prim '/World/envs/env_66/Robot/FinalURDF_SLDASM'. Available variants: ['None', 'PhysX']
2026-06-18T16:55:34Z [15,823ms] [Warning] [omni.physics.isaacsimready.scripts.variant_switcher] VariantSwitcher: Variant 'physx' not found in variant set 'Physics' on prim '/World/envs/env_32/Robot/FinalURDF_SLDASM'. Available variants: ['None', 'PhysX']
2026-06-18T16:55:34Z [15,823ms] [Warning] [omni.physics.isaacsimready.scripts.variant_switcher] VariantSwitcher: Variant 'physx' not found in variant set 'Physics' on prim '/World/envs/env_86/Robot/FinalURDF_SLDASM'. Available variants: ['None', 'PhysX']
2026-06-18T16:55:34Z [15,823ms] [Warning] [omni.physics.isaacsimready.scripts.variant_switcher] VariantSwitcher: Variant 'physx' not found in variant set 'Physics' on prim '/World/envs/env_68/Robot/FinalURDF_SLDASM'. Available variants: ['None', 'PhysX']
2026-06-18T16:55:34Z [15,823ms] [Warning] [omni.physics.isaacsimready.scripts.variant_switcher] VariantSwitcher: Variant 'physx' not found in variant set 'Physics' on prim '/World/envs/env_67/Robot/FinalURDF_SLDASM'. Available variants: ['None', 'PhysX']
2026-06-18T16:55:34Z [15,823ms] [Warning] [omni.physics.isaacsimready.scripts.variant_switcher] VariantSwitcher: Variant 'physx' not found in variant set 'Physics' on prim '/World/envs/env_69/Robot/FinalURDF_SLDASM'. Available variants: ['None', 'PhysX']
2026-06-18T16:55:34Z [15,823ms] [Warning] [omni.physics.isaacsimready.scripts.variant_switcher] VariantSwitcher: Variant 'physx' not found in variant set 'Physics' on prim '/World/envs/env_52/Robot/FinalURDF_SLDASM'. Available variants: ['None', 'PhysX']
2026-06-18T16:55:34Z [15,824ms] [Warning] [omni.physics.isaacsimready.scripts.variant_switcher] VariantSwitcher: Variant 'physx' not found in variant set 'Physics' on prim '/World/envs/env_120/Robot/FinalURDF_SLDASM'. Available variants: ['None', 'PhysX']
2026-06-18T16:55:34Z [15,824ms] [Warning] [omni.physics.isaacsimready.scripts.variant_switcher] VariantSwitcher: Variant 'physx' not found in variant set 'Physics' on prim '/World/envs/env_77/Robot/FinalURDF_SLDASM'. Available variants: ['None', 'PhysX']
2026-06-18T16:55:34Z [15,824ms] [Warning] [omni.physics.isaacsimready.scripts.variant_switcher] VariantSwitcher: Variant 'physx' not found in variant set 'Physics' on prim '/World/envs/env_38/Robot/FinalURDF_SLDASM'. Available variants: ['None', 'PhysX']
2026-06-18T16:55:34Z [15,824ms] [Warning] [omni.physics.isaacsimready.scripts.variant_switcher] VariantSwitcher: Variant 'physx' not found in variant set 'Physics' on prim '/World/envs/env_112/Robot/FinalURDF_SLDASM'. Available variants: ['None', 'PhysX']
2026-06-18T16:55:34Z [15,824ms] [Warning] [omni.physics.isaacsimready.scripts.variant_switcher] VariantSwitcher: Variant 'physx' not found in variant set 'Physics' on prim '/World/envs/env_121/Robot/FinalURDF_SLDASM'. Available variants: ['None', 'PhysX']
2026-06-18T16:55:34Z [15,824ms] [Warning] [omni.physics.isaacsimready.scripts.variant_switcher] VariantSwitcher: Variant 'physx' not found in variant set 'Physics' on prim '/World/envs/env_104/Robot/FinalURDF_SLDASM'. Available variants: ['None', 'PhysX']
2026-06-18T16:55:34Z [15,824ms] [Warning] [omni.physics.isaacsimready.scripts.variant_switcher] VariantSwitcher: Variant 'physx' not found in variant set 'Physics' on prim '/World/envs/env_34/Robot/FinalURDF_SLDASM'. Available variants: ['None', 'PhysX']
2026-06-18T16:55:34Z [15,824ms] [Warning] [omni.physics.isaacsimready.scripts.variant_switcher] VariantSwitcher: Variant 'physx' not found in variant set 'Physics' on prim '/World/envs/env_36/Robot/FinalURDF_SLDASM'. Available variants: ['None', 'PhysX']
2026-06-18T16:55:34Z [15,824ms] [Warning] [omni.physics.isaacsimready.scripts.variant_switcher] VariantSwitcher: Variant 'physx' not found in variant set 'Physics' on prim '/World/envs/env_57/Robot/FinalURDF_SLDASM'. Available variants: ['None', 'PhysX']
2026-06-18T16:55:34Z [15,824ms] [Warning] [omni.physics.isaacsimready.scripts.variant_switcher] VariantSwitcher: Variant 'physx' not found in variant set 'Physics' on prim '/World/envs/env_96/Robot/FinalURDF_SLDASM'. Available variants: ['None', 'PhysX']
2026-06-18T16:55:34Z [15,824ms] [Warning] [omni.physics.isaacsimready.scripts.variant_switcher] VariantSwitcher: Variant 'physx' not found in variant set 'Physics' on prim '/World/envs/env_9/Robot/FinalURDF_SLDASM'. Available variants: ['None', 'PhysX']
2026-06-18T16:55:34Z [15,824ms] [Warning] [omni.physics.isaacsimready.scripts.variant_switcher] VariantSwitcher: Variant 'physx' not found in variant set 'Physics' on prim '/World/envs/env_122/Robot/FinalURDF_SLDASM'. Available variants: ['None', 'PhysX']
2026-06-18T16:55:34Z [15,824ms] [Warning] [omni.physics.isaacsimready.scripts.variant_switcher] VariantSwitcher: Variant 'physx' not found in variant set 'Physics' on prim '/World/envs/env_125/Robot/FinalURDF_SLDASM'. Available variants: ['None', 'PhysX']
/workspace/isaaclab/_isaac_sim/kit/python/lib/python3.12/site-packages/gymnasium/wrappers/rendering.py:293: UserWarning: [33mWARN: Overwriting existing videos at /workspace/Ankybot_v2/logs/rsl_rl/imu_sensor/baseline/videos/play/model_100 folder (try specifying a different `video_folder` for the `RecordVideo` wrapper if this is not desired)[0m
  logger.warn(
/workspace/isaaclab/_isaac_sim/kit/python/lib/python3.12/site-packages/rsl_rl/utils/utils.py:220: UserWarning: The observation configuration dictionary 'obs_groups' is empty and thus likely not configured. Consider configuring the 'obs_groups' dictionary explicitly
  warnings.warn(
/workspace/isaaclab/_isaac_sim/kit/python/lib/python3.12/site-packages/rsl_rl/utils/utils.py:251: UserWarning: The observation configuration dictionary 'obs_groups' does not contain the 'actor' key. As an observation group with the name 'policy' was found, this is assumed to be the appropriate observation. Consider adding the 'actor' key to the 'obs_groups' dictionary for clarity. This behavior will be removed in a future version.
  warnings.warn(
/workspace/isaaclab/_isaac_sim/kit/python/lib/python3.12/site-packages/rsl_rl/utils/utils.py:251: UserWarning: The observation configuration dictionary 'obs_groups' does not contain the 'critic' key. As an observation group with the name 'policy' was found, this is assumed to be the appropriate observation. Consider adding the 'critic' key to the 'obs_groups' dictionary for clarity. This behavior will be removed in a future version.
  warnings.warn(
/workspace/isaaclab/_isaac_sim/kit/python/lib/python3.12/copyreg.py:99: FutureWarning: `isinstance(treespec, LeafSpec)` is deprecated, use `isinstance(treespec, TreeSpec) and treespec.is_leaf()` instead.
  return cls.__new__(cls, *args)
2026-06-18T16:55:34Z [15,825ms] [Warning] [omni.physics.isaacsimready.scripts.variant_switcher] VariantSwitcher: Variant 'physx' not found in variant set 'Physics' on prim '/World/envs/env_83/Robot/FinalURDF_SLDASM'. Available variants: ['None', 'PhysX']
2026-06-18T16:55:34Z [15,825ms] [Warning] [omni.physics.isaacsimready.scripts.variant_switcher] VariantSwitcher: Variant 'physx' not found in variant set 'Physics' on prim '/World/envs/env_88/Robot/FinalURDF_SLDASM'. Available variants: ['None', 'PhysX']
2026-06-18T16:55:34Z [15,825ms] [Warning] [omni.physics.isaacsimready.scripts.variant_switcher] VariantSwitcher: Variant 'physx' not found in variant set 'Physics' on prim '/World/envs/env_126/Robot/FinalURDF_SLDASM'. Available variants: ['None', 'PhysX']
2026-06-18T16:55:34Z [15,825ms] [Warning] [omni.physics.isaacsimready.scripts.variant_switcher] VariantSwitcher: Variant 'physx' not found in variant set 'Physics' on prim '/World/envs/env_8/Robot/FinalURDF_SLDASM'. Available variants: ['None', 'PhysX']
2026-06-18T16:55:34Z [15,825ms] [Warning] [omni.physics.isaacsimready.scripts.variant_switcher] VariantSwitcher: Variant 'physx' not found in variant set 'Physics' on prim '/World/envs/env_80/Robot/FinalURDF_SLDASM'. Available variants: ['None', 'PhysX']
2026-06-18T16:55:34Z [15,825ms] [Warning] [omni.physics.isaacsimready.scripts.variant_switcher] VariantSwitcher: Variant 'physx' not found in variant set 'Physics' on prim '/World/envs/env_43/Robot/FinalURDF_SLDASM'. Available variants: ['None', 'PhysX']
2026-06-18T16:55:34Z [15,825ms] [Warning] [omni.physics.isaacsimready.scripts.variant_switcher] VariantSwitcher: Variant 'physx' not found in variant set 'Physics' on prim '/World/envs/env_94/Robot/FinalURDF_SLDASM'. Available variants: ['None', 'PhysX']
2026-06-18T16:55:34Z [15,825ms] [Warning] [omni.physics.isaacsimready.scripts.variant_switcher] VariantSwitcher: Variant 'physx' not found in variant set 'Physics' on prim '/World/envs/env_113/Robot/FinalURDF_SLDASM'. Available variants: ['None', 'PhysX']
2026-06-18T16:55:34Z [15,825ms] [Warning] [omni.physics.isaacsimready.scripts.variant_switcher] VariantSwitcher: Variant 'physx' not found in variant set 'Physics' on prim '/World/envs/env_90/Robot/FinalURDF_SLDASM'. Available variants: ['None', 'PhysX']
2026-06-18T16:55:34Z [15,825ms] [Warning] [omni.physics.isaacsimready.scripts.variant_switcher] VariantSwitcher: Variant 'physx' not found in variant set 'Physics' on prim '/World/envs/env_49/Robot/FinalURDF_SLDASM'. Available variants: ['None', 'PhysX']
2026-06-18T16:55:34Z [15,825ms] [Warning] [omni.physics.isaacsimready.scripts.variant_switcher] VariantSwitcher: Variant 'physx' not found in variant set 'Physics' on prim '/World/envs/env_7/Robot/FinalURDF_SLDASM'. Available variants: ['None', 'PhysX']
2026-06-18T16:55:34Z [15,825ms] [Warning] [omni.physics.isaacsimready.scripts.variant_switcher] VariantSwitcher: Variant 'physx' not found in variant set 'Physics' on prim '/World/envs/env_46/Robot/FinalURDF_SLDASM'. Available variants: ['None', 'PhysX']
2026-06-18T16:55:34Z [15,825ms] [Warning] [omni.physics.isaacsimready.scripts.variant_switcher] VariantSwitcher: Variant 'physx' not found in variant set 'Physics' on prim '/World/envs/env_6/Robot/FinalURDF_SLDASM'. Available variants: ['None', 'PhysX']
2026-06-18T16:55:34Z [15,825ms] [Warning] [omni.physics.isaacsimready.scripts.variant_switcher] VariantSwitcher: Variant 'physx' not found in variant set 'Physics' on prim '/World/envs/env_53/Robot/FinalURDF_SLDASM'. Available variants: ['None', 'PhysX']
2026-06-18T16:55:42Z [23,056ms] [Warning] [omni.syntheticdata.plugin] OgnSdPostRenderVarToHost : rendervar copy from texture directly to host buffer is counter-performant. Please use copy from texture to device buffer first.
[INFO] Using Python: "/workspace/isaaclab/_isaac_sim/python.sh"
=== Thu Jun 18 17:07:30 UTC 2026 | DONE  model_100.pt ===
=== Thu Jun 18 17:07:30 UTC 2026 | START model_200.pt | 1500 steps ===
[INFO]: Parsing configuration from: Ankybot_v2.tasks.manager_based.ankybot_v2.ankybot_v2_env_cfg:AnkybotV2EnvCfg_PLAY
[INFO]: Parsing configuration from: Ankybot_v2.tasks.manager_based.ankybot_v2.agents.rsl_rl_ppo_cfg:PPORunnerCfg
[2026-06-18 17:07:36,850][isaaclab.app.app_launcher][INFO] - Using device: cuda:0
[2026-06-18 17:07:36,851][isaaclab.app.app_launcher][INFO] - Loading experience file: /workspace/isaaclab/apps/isaaclab.python.rendering.kit
[2026-06-18 17:07:37,609][asyncio][DEBUG] - Using selector: EpollSelector
WARNING: All log messages before absl::InitializeLog() is called are written to STDERR
E0000 00:00:1781802457.646652  100126 descriptor_database.cc:633] File already exists in database: grpc/health/v1/health.proto
W0000 00:00:1781802457.646681  100126 message.cc:301] Protobuf GeneratedMessageFactory: File is already registered: grpc/health/v1/health.proto
[2026-06-18 17:07:40,202][trimesh.util][DEBUG] - falling back to hashlib hashing: `pip install xxhash`for 50x faster cache checks
[2026-06-18 17:07:42,674][AutoNode][DEBUG] - Defining data type 'any' as 'Any'
[2026-06-18 17:07:42,674][AutoNode][DEBUG] - Defining data type 'bool' as 'Bool' and array 'BoolArray
[2026-06-18 17:07:42,675][AutoNode][DEBUG] - Defining data type 'bundle' as 'Bundle'
[2026-06-18 17:07:42,675][AutoNode][DEBUG] - Defining data type 'colord[3]' as 'Color3d' and array 'Color3dArray
[2026-06-18 17:07:42,675][AutoNode][DEBUG] - Defining data type 'colorf[3]' as 'Color3f' and array 'Color3fArray
[2026-06-18 17:07:42,675][AutoNode][DEBUG] - Defining data type 'colorh[3]' as 'Color3h' and array 'Color3hArray
[2026-06-18 17:07:42,675][AutoNode][DEBUG] - Defining data type 'colord[4]' as 'Color4d' and array 'Color4dArray
[2026-06-18 17:07:42,675][AutoNode][DEBUG] - Defining data type 'colorf[4]' as 'Color4f' and array 'Color4fArray
[2026-06-18 17:07:42,675][AutoNode][DEBUG] - Defining data type 'colorh[4]' as 'Color4h' and array 'Color4hArray
[2026-06-18 17:07:42,675][AutoNode][DEBUG] - Defining data type 'double' as 'Double' and array 'DoubleArray
[2026-06-18 17:07:42,676][AutoNode][DEBUG] - Defining data type 'double[2]' as 'Double2' and array 'Double2Array
[2026-06-18 17:07:42,676][AutoNode][DEBUG] - Defining data type 'double[3]' as 'Double3' and array 'Double3Array
[2026-06-18 17:07:42,676][AutoNode][DEBUG] - Defining data type 'double[4]' as 'Double4' and array 'Double4Array
[2026-06-18 17:07:42,676][AutoNode][DEBUG] - Defining data type 'execution' as 'Execution'
[2026-06-18 17:07:42,676][AutoNode][DEBUG] - Defining data type 'float' as 'Float' and array 'FloatArray
[2026-06-18 17:07:42,676][AutoNode][DEBUG] - Defining data type 'float[2]' as 'Float2' and array 'Float2Array
[2026-06-18 17:07:42,676][AutoNode][DEBUG] - Defining data type 'float[3]' as 'Float3' and array 'Float3Array
[2026-06-18 17:07:42,676][AutoNode][DEBUG] - Defining data type 'float[4]' as 'Float4' and array 'Float4Array
[2026-06-18 17:07:42,677][AutoNode][DEBUG] - Defining data type 'frame[4]' as 'Frame' and array 'FrameArray
[2026-06-18 17:07:42,677][AutoNode][DEBUG] - Defining data type 'half' as 'Half' and array 'HalfArray
[2026-06-18 17:07:42,677][AutoNode][DEBUG] - Defining data type 'half[2]' as 'Half2' and array 'Half2Array
[2026-06-18 17:07:42,677][AutoNode][DEBUG] - Defining data type 'half[3]' as 'Half3' and array 'Half3Array
[2026-06-18 17:07:42,677][AutoNode][DEBUG] - Defining data type 'half[4]' as 'Half4' and array 'Half4Array
[2026-06-18 17:07:42,677][AutoNode][DEBUG] - Defining data type 'int' as 'Int' and array 'IntArray
[2026-06-18 17:07:42,677][AutoNode][DEBUG] - Defining data type 'int[2]' as 'Int2' and array 'Int2Array
[2026-06-18 17:07:42,678][AutoNode][DEBUG] - Defining data type 'int[3]' as 'Int3' and array 'Int3Array
[2026-06-18 17:07:42,678][AutoNode][DEBUG] - Defining data type 'int[4]' as 'Int4' and array 'Int4Array
[2026-06-18 17:07:42,678][AutoNode][DEBUG] - Defining data type 'int64' as 'Int64' and array 'Int64Array
[2026-06-18 17:07:42,678][AutoNode][DEBUG] - Defining data type 'matrixd[2]' as 'Matrix2d' and array 'Matrix2dArray
[2026-06-18 17:07:42,678][AutoNode][DEBUG] - Defining data type 'matrixd[3]' as 'Matrix3d' and array 'Matrix3dArray
[2026-06-18 17:07:42,678][AutoNode][DEBUG] - Defining data type 'matrixd[4]' as 'Matrix4d' and array 'Matrix4dArray
[2026-06-18 17:07:42,678][AutoNode][DEBUG] - Defining data type 'normald[3]' as 'Normal3d' and array 'Normal3dArray
[2026-06-18 17:07:42,678][AutoNode][DEBUG] - Defining data type 'normalf[3]' as 'Normal3f' and array 'Normal3fArray
[2026-06-18 17:07:42,679][AutoNode][DEBUG] - Defining data type 'normalh[3]' as 'Normal3h' and array 'Normal3hArray
[2026-06-18 17:07:42,679][AutoNode][DEBUG] - Defining data type 'objectId' as 'ObjectId' and array 'ObjectIdArray
[2026-06-18 17:07:42,679][AutoNode][DEBUG] - Defining data type 'path' as 'Path'
[2026-06-18 17:07:42,679][AutoNode][DEBUG] - Defining data type 'pointd[3]' as 'Point3d' and array 'Point3dArray
[2026-06-18 17:07:42,679][AutoNode][DEBUG] - Defining data type 'pointf[3]' as 'Point3f' and array 'Point3fArray
[2026-06-18 17:07:42,679][AutoNode][DEBUG] - Defining data type 'pointh[3]' as 'Point3h' and array 'Point3hArray
[2026-06-18 17:07:42,679][AutoNode][DEBUG] - Defining data type 'quatd[4]' as 'Quatd' and array 'QuatdArray
[2026-06-18 17:07:42,679][AutoNode][DEBUG] - Defining data type 'quatf[4]' as 'Quatf' and array 'QuatfArray
[2026-06-18 17:07:42,680][AutoNode][DEBUG] - Defining data type 'quath[4]' as 'Quath' and array 'QuathArray
[2026-06-18 17:07:42,680][AutoNode][DEBUG] - Defining data type 'string' as 'String'
[2026-06-18 17:07:42,680][AutoNode][DEBUG] - Defining data type 'target' as 'Target'
[2026-06-18 17:07:42,680][AutoNode][DEBUG] - Defining data type 'texcoordd[2]' as 'TexCoord2d' and array 'TexCoord2dArray
[2026-06-18 17:07:42,680][AutoNode][DEBUG] - Defining data type 'texcoordf[2]' as 'TexCoord2f' and array 'TexCoord2fArray
[2026-06-18 17:07:42,680][AutoNode][DEBUG] - Defining data type 'texcoordh[2]' as 'TexCoord2h' and array 'TexCoord2hArray
[2026-06-18 17:07:42,680][AutoNode][DEBUG] - Defining data type 'texcoordd[3]' as 'TexCoord3d' and array 'TexCoord3dArray
[2026-06-18 17:07:42,680][AutoNode][DEBUG] - Defining data type 'texcoordf[3]' as 'TexCoord3f' and array 'TexCoord3fArray
[2026-06-18 17:07:42,681][AutoNode][DEBUG] - Defining data type 'texcoordh[3]' as 'TexCoord3h' and array 'TexCoord3hArray
[2026-06-18 17:07:42,681][AutoNode][DEBUG] - Defining data type 'timecode' as 'Timecode' and array 'TimecodeArray
[2026-06-18 17:07:42,681][AutoNode][DEBUG] - Defining data type 'token' as 'Token' and array 'TokenArray
[2026-06-18 17:07:42,681][AutoNode][DEBUG] - Defining data type 'uchar' as 'UChar' and array 'UCharArray
[2026-06-18 17:07:42,681][AutoNode][DEBUG] - Defining data type 'uint' as 'UInt' and array 'UIntArray
[2026-06-18 17:07:42,681][AutoNode][DEBUG] - Defining data type 'uint64' as 'UInt64' and array 'UInt64Array
[2026-06-18 17:07:42,681][AutoNode][DEBUG] - Defining data type 'vectord[3]' as 'Vector3d' and array 'Vector3dArray
[2026-06-18 17:07:42,681][AutoNode][DEBUG] - Defining data type 'vectorf[3]' as 'Vector3f' and array 'Vector3fArray
[2026-06-18 17:07:42,681][AutoNode][DEBUG] - Defining data type 'vectorh[3]' as 'Vector3h' and array 'Vector3hArray
Loading user config located at: '/isaac-sim/kit/data/Kit/IsaacLab/3.0/user.config.json'
[Info] [carb] Logging to file: /isaac-sim/kit/logs/Kit/IsaacLab/3.0/kit_20260618_170736.log
2026-06-18T17:07:36Z [11ms] [Warning] [omni.ext.plugin] [ext: isaaclab_visualizers] Extensions config 'extension.toml' doesn't exist '/workspace/isaaclab/source/isaaclab_visualizers' or '/workspace/isaaclab/source/isaaclab_visualizers/config'

|---------------------------------------------------------------------------------------------|
| Driver Version: 580.159.03    | Graphics API: Vulkan
|=============================================================================================|
| GPU | Name                             | Active | LDA | GPU Memory | Vendor-ID | LUID       |
|     |                                  |        |     |            | Device-ID | UUID       |
|     |                                  |        |     |            | Bus-ID    |            |
|---------------------------------------------------------------------------------------------|
| 0   | NVIDIA GeForce RTX 2070          | Yes: 0 |     | 8438    MB | 10de      | 0          |
|     |                                  |        |     |            | 1f14      | a951febe.. |
|     |                                  |        |     |            | 1         |            |
|=============================================================================================|
| OS: 24.04.4 LTS (Noble Numbat) ubuntu, Version: 24.04.4, Kernel: 6.17.0-35-generic
| XServer Vendor: The X.Org Foundation, XServer Version: 12101011 (1.21.1.11)
| Processor: Intel(R) Core(TM) i7-10750H CPU @ 2.60GHz
| Cores: 6 | Logical Cores: 12
|---------------------------------------------------------------------------------------------|
| Total Memory (MB): 31854 | Free Memory: 24251
| Total Page/Swap (MB): 8191 | Free Page/Swap: 0
|---------------------------------------------------------------------------------------------|
2026-06-18T17:07:38Z [1,624ms] [Warning] [gpu.foundation.plugin] CPU performance profile is set to powersave. This profile sets the CPU to the lowest frequency reducing performance.
2026-06-18T17:07:38Z [1,632ms] [Warning] [gpu.foundation.plugin] PCIe link width current (8) and maximum (16) for device 0 don't match.
2026-06-18T17:07:41Z [4,843ms] [Warning] [omni.log] Source: omni.hydra was already registered.
OmniReplicatorNvExtension starting up (ext_id: omni.replicator.nv-1.1.0).
2026-06-18T17:07:43Z [6,116ms] [Warning] [pxr.Semantics] pxr.Semantics is deprecated - please use Semantics instead
2026-06-18T17:07:43Z [6,278ms] [Warning] [omni.replicator.core.scripts.extension] No material configuration file, adding configuration to material settings directly.
2026-06-18T17:07:44Z [7,718ms] [Warning] [omni.usd] Encountered USD Warnings but USD Diagnostics are currently muted. To view USD Warnings, please set the '/persistent/app/usd/muteUsdDiagnostics' setting to false in Preferences page.
2026-06-18T17:07:46Z [9,186ms] [Warning] [omni.kit.window.filepicker.collections.collection_item] Failed to add '/root/Documents': '/root/Documents/' as dupliated path in 'Documents'
[WARNING]: The `policy` configuration is deprecated for rsl-rl >= 4.0.0. Please use, e.g., `actor` and `critic` model configurations instead.
[WARNING]: The `policy` configuration is used to infer the `actor` model configuration.
[WARNING]: The `policy` configuration is used to infer the `critic` model configuration.
[WARNING]: The `distribution_cfg` configuration is now used to specify the output distribution for stochastic policies. Consider updating the configuration to use `distribution_cfg` instead of `stochastic`, `init_noise_std`, `noise_std_type`, and `state_dependent_std` parameters.
[INFO] Loading experiment from directory: /workspace/Ankybot_v2/logs/rsl_rl/ankybot_v2
[2026-06-18 17:07:48,758][isaaclab_physx.physics.physx_manager][WARNING] - TGS solver with enable_external_forces_every_iteration=False may cause noisy velocities.
[INFO]: Base environment:
	Environment device    : cuda:0
	Environment seed      : 42
	Physics step-size     : 0.002
	Rendering step-size   : 0.002
	Environment step-size : 0.01
[2026-06-18 17:07:49,025][isaaclab.envs.manager_based_env][WARNING] - The render interval (1.0) is smaller than the decimation (5). Multiple render calls will happen for each environment step. If this is not intended, set the render interval to be equal to the decimation.
2026-06-18T17:07:47Z [10,945ms] [Warning] [omni.kit.menu.utils.layout] Multiple matching items found for layout "Physics". Found Create, Window. Change <<class 'omni.kit.menu.utils.layout.MenuLayout.SubMenu'> name:Physics> to use specific source. Using "source="Create/Physics""
2026-06-18T17:07:48Z [11,865ms] [Warning] [isaaclab_physx.physics.physx_manager] TGS solver with enable_external_forces_every_iteration=False may cause noisy velocities.
2026-06-18T17:07:49Z [12,131ms] [Warning] [isaaclab.envs.manager_based_env] The render interval (1.0) is smaller than the decimation (5). Multiple render calls will happen for each environment step. If this is not intended, set the render interval to be equal to the decimation.
2026-06-18T17:07:51Z [14,428ms] [Warning] [omni.fabric.plugin] Warning: attribute material:binding not found for path /__Prototype_7606216450749355745/BRHip

2026-06-18T17:07:52Z [15,157ms] [Warning] [isaacsim.core.simulation_manager.impl.simulation_manager] Changing backend from 'numpy' to 'torch' since NumPy cannot be used with GPU piplines
2026-06-18T17:07:52Z [15,539ms] [Warning] [omni.physics.isaacsimready.scripts.variant_switcher] VariantSwitcher: Variant 'physx' not found in variant set 'Physics' on prim '/World/envs/env_106/Robot/FinalURDF_SLDASM'. Available variants: ['None', 'PhysX']
2026-06-18T17:07:52Z [15,539ms] [Warning] [omni.physics.isaacsimready.scripts.variant_switcher] VariantSwitcher: Variant 'physx' not found in variant set 'Physics' on prim '/World/envs/env_4/Robot/FinalURDF_SLDASM'. Available variants: ['None', 'PhysX']
2026-06-18T17:07:52Z [15,539ms] [Warning] [omni.physics.isaacsimready.scripts.variant_switcher] VariantSwitcher: Variant 'physx' not found in variant set 'Physics' on prim '/World/envs/env_55/Robot/FinalURDF_SLDASM'. Available variants: ['None', 'PhysX']
2026-06-18T17:07:52Z [15,539ms] [Warning] [omni.physics.isaacsimready.scripts.variant_switcher] VariantSwitcher: Variant 'physx' not found in variant set 'Physics' on prim '/World/envs/env_77/Robot/FinalURDF_SLDASM'. Available variants: ['None', 'PhysX']
2026-06-18T17:07:52Z [15,539ms] [Warning] [omni.physics.isaacsimready.scripts.variant_switcher] VariantSwitcher: Variant 'physx' not found in variant set 'Physics' on prim '/World/envs/env_61/Robot/FinalURDF_SLDASM'. Available variants: ['None', 'PhysX']
2026-06-18T17:07:52Z [15,539ms] [Warning] [omni.physics.isaacsimready.scripts.variant_switcher] VariantSwitcher: Variant 'physx' not found in variant set 'Physics' on prim '/World/envs/env_45/Robot/FinalURDF_SLDASM'. Available variants: ['None', 'PhysX']
2026-06-18T17:07:52Z [15,540ms] [Warning] [omni.physics.isaacsimready.scripts.variant_switcher] VariantSwitcher: Variant 'physx' not found in variant set 'Physics' on prim '/World/envs/env_34/Robot/FinalURDF_SLDASM'. Available variants: ['None', 'PhysX']
2026-06-18T17:07:52Z [15,540ms] [Warning] [omni.physics.isaacsimready.scripts.variant_switcher] VariantSwitcher: Variant 'physx' not found in variant set 'Physics' on prim '/World/envs/env_90/Robot/FinalURDF_SLDASM'. Available variants: ['None', 'PhysX']
2026-06-18T17:07:52Z [15,540ms] [Warning] [omni.physics.isaacsimready.scripts.variant_switcher] VariantSwitcher: Variant 'physx' not found in variant set 'Physics' on prim '/World/envs/env_36/Robot/FinalURDF_SLDASM'. Available variants: ['None', 'PhysX']
2026-06-18T17:07:52Z [15,540ms] [Warning] [omni.physics.isaacsimready.scripts.variant_switcher] VariantSwitcher: Variant 'physx' not found in variant set 'Physics' on prim '/World/envs/env_48/Robot/FinalURDF_SLDASM'. Available variants: ['None', 'PhysX']
2026-06-18T17:07:52Z [15,540ms] [Warning] [omni.physics.isaacsimready.scripts.variant_switcher] VariantSwitcher: Variant 'physx' not found in variant set 'Physics' on prim '/World/envs/env_76/Robot/FinalURDF_SLDASM'. Available variants: ['None', 'PhysX']
2026-06-18T17:07:52Z [15,540ms] [Warning] [omni.physics.isaacsimready.scripts.variant_switcher] VariantSwitcher: Variant 'physx' not found in variant set 'Physics' on prim '/World/envs/env_0/Robot/FinalURDF_SLDASM'. Available variants: ['None', 'PhysX']
2026-06-18T17:07:52Z [15,540ms] [Warning] [omni.physics.isaacsimready.scripts.variant_switcher] VariantSwitcher: Variant 'physx' not found in variant set 'Physics' on prim '/World/envs/env_117/Robot/FinalURDF_SLDASM'. Available variants: ['None', 'PhysX']
2026-06-18T17:07:52Z [15,540ms] [Warning] [omni.physics.isaacsimready.scripts.variant_switcher] VariantSwitcher: Variant 'physx' not found in variant set 'Physics' on prim '/World/envs/env_19/Robot/FinalURDF_SLDASM'. Available variants: ['None', 'PhysX']
2026-06-18T17:07:52Z [15,540ms] [Warning] [omni.physics.isaacsimready.scripts.variant_switcher] VariantSwitcher: Variant 'physx' not found in variant set 'Physics' on prim '/World/envs/env_82/Robot/FinalURDF_SLDASM'. Available variants: ['None', 'PhysX']
2026-06-18T17:07:52Z [15,540ms] [Warning] [omni.physics.isaacsimready.scripts.variant_switcher] VariantSwitcher: Variant 'physx' not found in variant set 'Physics' on prim '/World/envs/env_101/Robot/FinalURDF_SLDASM'. Available variants: ['None', 'PhysX']
2026-06-18T17:07:52Z [15,540ms] [Warning] [omni.physics.isaacsimready.scripts.variant_switcher] VariantSwitcher: Variant 'physx' not found in variant set 'Physics' on prim '/World/envs/env_75/Robot/FinalURDF_SLDASM'. Available variants: ['None', 'PhysX']
2026-06-18T17:07:52Z [15,540ms] [Warning] [omni.physics.isaacsimready.scripts.variant_switcher] VariantSwitcher: Variant 'physx' not found in variant set 'Physics' on prim '/World/envs/env_56/Robot/FinalURDF_SLDASM'. Available variants: ['None', 'PhysX']
2026-06-18T17:07:52Z [15,540ms] [Warning] [omni.physics.isaacsimready.scripts.variant_switcher] VariantSwitcher: Variant 'physx' not found in variant set 'Physics' on prim '/World/envs/env_104/Robot/FinalURDF_SLDASM'. Available variants: ['None', 'PhysX']
2026-06-18T17:07:52Z [15,541ms] [Warning] [omni.physics.isaacsimready.scripts.variant_switcher] VariantSwitcher: Variant 'physx' not found in variant set 'Physics' on prim '/World/envs/env_26/Robot/FinalURDF_SLDASM'. Available variants: ['None', 'PhysX']
2026-06-18T17:07:52Z [15,541ms] [Warning] [omni.physics.isaacsimready.scripts.variant_switcher] VariantSwitcher: Variant 'physx' not found in variant set 'Physics' on prim '/World/envs/env_13/Robot/FinalURDF_SLDASM'. Available variants: ['None', 'PhysX']
2026-06-18T17:07:52Z [15,541ms] [Warning] [omni.physics.isaacsimready.scripts.variant_switcher] VariantSwitcher: Variant 'physx' not found in variant set 'Physics' on prim '/World/envs/env_118/Robot/FinalURDF_SLDASM'. Available variants: ['None', 'PhysX']
2026-06-18T17:07:52Z [15,541ms] [Warning] [omni.physics.isaacsimready.scripts.variant_switcher] VariantSwitcher: Variant 'physx' not found in variant set 'Physics' on prim '/World/envs/env_86/Robot/FinalURDF_SLDASM'. Available variants: ['None', 'PhysX']
2026-06-18T17:07:52Z [15,541ms] [Warning] [omni.physics.isaacsimready.scripts.variant_switcher] VariantSwitcher: Variant 'physx' not found in variant set 'Physics' on prim '/World/envs/env_43/Robot/FinalURDF_SLDASM'. Available variants: ['None', 'PhysX']
2026-06-18T17:07:52Z [15,541ms] [Warning] [omni.physics.isaacsimready.scripts.variant_switcher] VariantSwitcher: Variant 'physx' not found in variant set 'Physics' on prim '/World/envs/env_64/Robot/FinalURDF_SLDASM'. Available variants: ['None', 'PhysX']
2026-06-18T17:07:52Z [15,541ms] [Warning] [omni.physics.isaacsimready.scripts.variant_switcher] VariantSwitcher: Variant 'physx' not found in variant set 'Physics' on prim '/World/envs/env_31/Robot/FinalURDF_SLDASM'. Available variants: ['None', 'PhysX']
2026-06-18T17:07:52Z [15,541ms] [Warning] [omni.physics.isaacsimready.scripts.variant_switcher] VariantSwitcher: Variant 'physx' not found in variant set 'Physics' on prim '/World/envs/env_73/Robot/FinalURDF_SLDASM'. Available variants: ['None', 'PhysX']
2026-06-18T17:07:52Z [15,541ms] [Warning] [omni.physics.isaacsimready.scripts.variant_switcher] VariantSwitcher: Variant 'physx' not found in variant set 'Physics' on prim '/World/envs/env_65/Robot/FinalURDF_SLDASM'. Available variants: ['None', 'PhysX']
2026-06-18T17:07:52Z [15,541ms] [Warning] [omni.physics.isaacsimready.scripts.variant_switcher] VariantSwitcher: Variant 'physx' not found in variant set 'Physics' on prim '/World/envs/env_89/Robot/FinalURDF_SLDASM'. Available variants: ['None', 'PhysX']
2026-06-18T17:07:52Z [15,541ms] [Warning] [omni.physics.isaacsimready.scripts.variant_switcher] VariantSwitcher: Variant 'physx' not found in variant set 'Physics' on prim '/World/envs/env_108/Robot/FinalURDF_SLDASM'. Available variants: ['None', 'PhysX']
2026-06-18T17:07:52Z [15,541ms] [Warning] [omni.physics.isaacsimready.scripts.variant_switcher] VariantSwitcher: Variant 'physx' not found in variant set 'Physics' on prim '/World/envs/env_92/Robot/FinalURDF_SLDASM'. Available variants: ['None', 'PhysX']
2026-06-18T17:07:52Z [15,541ms] [Warning] [omni.physics.isaacsimready.scripts.variant_switcher] VariantSwitcher: Variant 'physx' not found in variant set 'Physics' on prim '/World/envs/env_18/Robot/FinalURDF_SLDASM'. Available variants: ['None', 'PhysX']
2026-06-18T17:07:52Z [15,542ms] [Warning] [omni.physics.isaacsimready.scripts.variant_switcher] VariantSwitcher: Variant 'physx' not found in variant set 'Physics' on prim '/World/envs/env_49/Robot/FinalURDF_SLDASM'. Available variants: ['None', 'PhysX']
2026-06-18T17:07:52Z [15,542ms] [Warning] [omni.physics.isaacsimready.scripts.variant_switcher] VariantSwitcher: Variant 'physx' not found in variant set 'Physics' on prim '/World/envs/env_22/Robot/FinalURDF_SLDASM'. Available variants: ['None', 'PhysX']
2026-06-18T17:07:52Z [15,542ms] [Warning] [omni.physics.isaacsimready.scripts.variant_switcher] VariantSwitcher: Variant 'physx' not found in variant set 'Physics' on prim '/World/envs/env_41/Robot/FinalURDF_SLDASM'. Available variants: ['None', 'PhysX']
2026-06-18T17:07:52Z [15,542ms] [Warning] [omni.physics.isaacsimready.scripts.variant_switcher] VariantSwitcher: Variant 'physx' not found in variant set 'Physics' on prim '/World/envs/env_71/Robot/FinalURDF_SLDASM'. Available variants: ['None', 'PhysX']
2026-06-18T17:07:52Z [15,542ms] [Warning] [omni.physics.isaacsimready.scripts.variant_switcher] VariantSwitcher: Variant 'physx' not found in variant set 'Physics' on prim '/World/envs/env_11/Robot/FinalURDF_SLDASM'. Available variants: ['None', 'PhysX']
2026-06-18T17:07:52Z [15,542ms] [Warning] [omni.physics.isaacsimready.scripts.variant_switcher] VariantSwitcher: Variant 'physx' not found in variant set 'Physics' on prim '/World/envs/env_28/Robot/FinalURDF_SLDASM'. Available variants: ['None', 'PhysX']
2026-06-18T17:07:52Z [15,542ms] [Warning] [omni.physics.isaacsimready.scripts.variant_switcher] VariantSwitcher: Variant 'physx' not found in variant set 'Physics' on prim '/World/envs/env_25/Robot/FinalURDF_SLDASM'. Available variants: ['None', 'PhysX']
2026-06-18T17:07:52Z [15,542ms] [Warning] [omni.physics.isaacsimready.scripts.variant_switcher] VariantSwitcher: Variant 'physx' not found in variant set 'Physics' on prim '/World/envs/env_102/Robot/FinalURDF_SLDASM'. Available variants: ['None', 'PhysX']
2026-06-18T17:07:52Z [15,542ms] [Warning] [omni.physics.isaacsimready.scripts.variant_switcher] VariantSwitcher: Variant 'physx' not found in variant set 'Physics' on prim '/World/envs/env_17/Robot/FinalURDF_SLDASM'. Available variants: ['None', 'PhysX']
2026-06-18T17:07:52Z [15,542ms] [Warning] [omni.physics.isaacsimready.scripts.variant_switcher] VariantSwitcher: Variant 'physx' not found in variant set 'Physics' on prim '/World/envs/env_124/Robot/FinalURDF_SLDASM'. Available variants: ['None', 'PhysX']
2026-06-18T17:07:52Z [15,542ms] [Warning] [omni.physics.isaacsimready.scripts.variant_switcher] VariantSwitcher: Variant 'physx' not found in variant set 'Physics' on prim '/World/envs/env_125/Robot/FinalURDF_SLDASM'. Available variants: ['None', 'PhysX']
2026-06-18T17:07:52Z [15,542ms] [Warning] [omni.physics.isaacsimready.scripts.variant_switcher] VariantSwitcher: Variant 'physx' not found in variant set 'Physics' on prim '/World/envs/env_109/Robot/FinalURDF_SLDASM'. Available variants: ['None', 'PhysX']
2026-06-18T17:07:52Z [15,542ms] [Warning] [omni.physics.isaacsimready.scripts.variant_switcher] VariantSwitcher: Variant 'physx' not found in variant set 'Physics' on prim '/World/envs/env_21/Robot/FinalURDF_SLDASM'. Available variants: ['None', 'PhysX']
2026-06-18T17:07:52Z [15,543ms] [Warning] [omni.physics.isaacsimready.scripts.variant_switcher] VariantSwitcher: Variant 'physx' not found in variant set 'Physics' on prim '/World/envs/env_79/Robot/FinalURDF_SLDASM'. Available variants: ['None', 'PhysX']
2026-06-18T17:07:52Z [15,543ms] [Warning] [omni.physics.isaacsimready.scripts.variant_switcher] VariantSwitcher: Variant 'physx' not found in variant set 'Physics' on prim '/World/envs/env_59/Robot/FinalURDF_SLDASM'. Available variants: ['None', 'PhysX']
2026-06-18T17:07:52Z [15,543ms] [Warning] [omni.physics.isaacsimready.scripts.variant_switcher] VariantSwitcher: Variant 'physx' not found in variant set 'Physics' on prim '/World/envs/env_93/Robot/FinalURDF_SLDASM'. Available variants: ['None', 'PhysX']
2026-06-18T17:07:52Z [15,543ms] [Warning] [omni.physics.isaacsimready.scripts.variant_switcher] VariantSwitcher: Variant 'physx' not found in variant set 'Physics' on prim '/World/envs/env_1/Robot/FinalURDF_SLDASM'. Available variants: ['None', 'PhysX']
2026-06-18T17:07:52Z [15,543ms] [Warning] [omni.physics.isaacsimready.scripts.variant_switcher] VariantSwitcher: Variant 'physx' not found in variant set 'Physics' on prim '/World/envs/env_84/Robot/FinalURDF_SLDASM'. Available variants: ['None', 'PhysX']
2026-06-18T17:07:52Z [15,543ms] [Warning] [omni.physics.isaacsimready.scripts.variant_switcher] VariantSwitcher: Variant 'physx' not found in variant set 'Physics' on prim '/World/envs/env_30/Robot/FinalURDF_SLDASM'. Available variants: ['None', 'PhysX']
2026-06-18T17:07:52Z [15,543ms] [Warning] [omni.physics.isaacsimready.scripts.variant_switcher] VariantSwitcher: Variant 'physx' not found in variant set 'Physics' on prim '/World/envs/env_2/Robot/FinalURDF_SLDASM'. Available variants: ['None', 'PhysX']
2026-06-18T17:07:52Z [15,543ms] [Warning] [omni.physics.isaacsimready.scripts.variant_switcher] VariantSwitcher: Variant 'physx' not found in variant set 'Physics' on prim '/World/envs/env_16/Robot/FinalURDF_SLDASM'. Available variants: ['None', 'PhysX']
2026-06-18T17:07:52Z [15,543ms] [Warning] [omni.physics.isaacsimready.scripts.variant_switcher] VariantSwitcher: Variant 'physx' not found in variant set 'Physics' on prim '/World/envs/env_3/Robot/FinalURDF_SLDASM'. Available variants: ['None', 'PhysX']
2026-06-18T17:07:52Z [15,543ms] [Warning] [omni.physics.isaacsimready.scripts.variant_switcher] VariantSwitcher: Variant 'physx' not found in variant set 'Physics' on prim '/World/envs/env_100/Robot/FinalURDF_SLDASM'. Available variants: ['None', 'PhysX']
2026-06-18T17:07:52Z [15,543ms] [Warning] [omni.physics.isaacsimready.scripts.variant_switcher] VariantSwitcher: Variant 'physx' not found in variant set 'Physics' on prim '/World/envs/env_5/Robot/FinalURDF_SLDASM'. Available variants: ['None', 'PhysX']
2026-06-18T17:07:52Z [15,543ms] [Warning] [omni.physics.isaacsimready.scripts.variant_switcher] VariantSwitcher: Variant 'physx' not found in variant set 'Physics' on prim '/World/envs/env_6/Robot/FinalURDF_SLDASM'. Available variants: ['None', 'PhysX']
2026-06-18T17:07:52Z [15,543ms] [Warning] [omni.physics.isaacsimready.scripts.variant_switcher] VariantSwitcher: Variant 'physx' not found in variant set 'Physics' on prim '/World/envs/env_27/Robot/FinalURDF_SLDASM'. Available variants: ['None', 'PhysX']
2026-06-18T17:07:52Z [15,544ms] [Warning] [omni.physics.isaacsimready.scripts.variant_switcher] VariantSwitcher: Variant 'physx' not found in variant set 'Physics' on prim '/World/envs/env_24/Robot/FinalURDF_SLDASM'. Available variants: ['None', 'PhysX']
2026-06-18T17:07:52Z [15,544ms] [Warning] [omni.physics.isaacsimready.scripts.variant_switcher] VariantSwitcher: Variant 'physx' not found in variant set 'Physics' on prim '/World/envs/env_115/Robot/FinalURDF_SLDASM'. Available variants: ['None', 'PhysX']
2026-06-18T17:07:52Z [15,544ms] [Warning] [omni.physics.isaacsimready.scripts.variant_switcher] VariantSwitcher: Variant 'physx' not found in variant set 'Physics' on prim '/World/envs/env_78/Robot/FinalURDF_SLDASM'. Available variants: ['None', 'PhysX']
2026-06-18T17:07:52Z [15,544ms] [Warning] [omni.physics.isaacsimready.scripts.variant_switcher] VariantSwitcher: Variant 'physx' not found in variant set 'Physics' on prim '/World/envs/env_42/Robot/FinalURDF_SLDASM'. Available variants: ['None', 'PhysX']
2026-06-18T17:07:52Z [15,544ms] [Warning] [omni.physics.isaacsimready.scripts.variant_switcher] VariantSwitcher: Variant 'physx' not found in variant set 'Physics' on prim '/World/envs/env_60/Robot/FinalURDF_SLDASM'. Available variants: ['None', 'PhysX']
2026-06-18T17:07:52Z [15,544ms] [Warning] [omni.physics.isaacsimready.scripts.variant_switcher] VariantSwitcher: Variant 'physx' not found in variant set 'Physics' on prim '/World/envs/env_110/Robot/FinalURDF_SLDASM'. Available variants: ['None', 'PhysX']
2026-06-18T17:07:52Z [15,544ms] [Warning] [omni.physics.isaacsimready.scripts.variant_switcher] VariantSwitcher: Variant 'physx' not found in variant set 'Physics' on prim '/World/envs/env_103/Robot/FinalURDF_SLDASM'. Available variants: ['None', 'PhysX']
2026-06-18T17:07:52Z [15,544ms] [Warning] [omni.physics.isaacsimready.scripts.variant_switcher] VariantSwitcher: Variant 'physx' not found in variant set 'Physics' on prim '/World/envs/env_32/Robot/FinalURDF_SLDASM'. Available variants: ['None', 'PhysX']
2026-06-18T17:07:52Z [15,544ms] [Warning] [omni.physics.isaacsimready.scripts.variant_switcher] VariantSwitcher: Variant 'physx' not found in variant set 'Physics' on prim '/World/envs/env_15/Robot/FinalURDF_SLDASM'. Available variants: ['None', 'PhysX']
2026-06-18T17:07:52Z [15,544ms] [Warning] [omni.physics.isaacsimready.scripts.variant_switcher] VariantSwitcher: Variant 'physx' not found in variant set 'Physics' on prim '/World/envs/env_20/Robot/FinalURDF_SLDASM'. Available variants: ['None', 'PhysX']
2026-06-18T17:07:52Z [15,544ms] [Warning] [omni.physics.isaacsimready.scripts.variant_switcher] VariantSwitcher: Variant 'physx' not found in variant set 'Physics' on prim '/World/envs/env_83/Robot/FinalURDF_SLDASM'. Available variants: ['None', 'PhysX']
2026-06-18T17:07:52Z [15,544ms] [Warning] [omni.physics.isaacsimready.scripts.variant_switcher] VariantSwitcher: Variant 'physx' not found in variant set 'Physics' on prim '/World/envs/env_87/Robot/FinalURDF_SLDASM'. Available variants: ['None', 'PhysX']
2026-06-18T17:07:52Z [15,544ms] [Warning] [omni.physics.isaacsimready.scripts.variant_switcher] VariantSwitcher: Variant 'physx' not found in variant set 'Physics' on prim '/World/envs/env_98/Robot/FinalURDF_SLDASM'. Available variants: ['None', 'PhysX']
2026-06-18T17:07:52Z [15,545ms] [Warning] [omni.physics.isaacsimready.scripts.variant_switcher] VariantSwitcher: Variant 'physx' not found in variant set 'Physics' on prim '/World/envs/env_51/Robot/FinalURDF_SLDASM'. Available variants: ['None', 'PhysX']
2026-06-18T17:07:52Z [15,545ms] [Warning] [omni.physics.isaacsimready.scripts.variant_switcher] VariantSwitcher: Variant 'physx' not found in variant set 'Physics' on prim '/World/envs/env_116/Robot/FinalURDF_SLDASM'. Available variants: ['None', 'PhysX']
2026-06-18T17:07:52Z [15,545ms] [Warning] [omni.physics.isaacsimready.scripts.variant_switcher] VariantSwitcher: Variant 'physx' not found in variant set 'Physics' on prim '/World/envs/env_40/Robot/FinalURDF_SLDASM'. Available variants: ['None', 'PhysX']
2026-06-18T17:07:52Z [15,545ms] [Warning] [omni.physics.isaacsimready.scripts.variant_switcher] VariantSwitcher: Variant 'physx' not found in variant set 'Physics' on prim '/World/envs/env_38/Robot/FinalURDF_SLDASM'. Available variants: ['None', 'PhysX']
2026-06-18T17:07:52Z [15,545ms] [Warning] [omni.physics.isaacsimready.scripts.variant_switcher] VariantSwitcher: Variant 'physx' not found in variant set 'Physics' on prim '/World/envs/env_96/Robot/FinalURDF_SLDASM'. Available variants: ['None', 'PhysX']
2026-06-18T17:07:52Z [15,545ms] [Warning] [omni.physics.isaacsimready.scripts.variant_switcher] VariantSwitcher: Variant 'physx' not found in variant set 'Physics' on prim '/World/envs/env_14/Robot/FinalURDF_SLDASM'. Available variants: ['None', 'PhysX']
2026-06-18T17:07:52Z [15,545ms] [Warning] [omni.physics.isaacsimready.scripts.variant_switcher] VariantSwitcher: Variant 'physx' not found in variant set 'Physics' on prim '/World/envs/env_29/Robot/FinalURDF_SLDASM'. Available variants: ['None', 'PhysX']
2026-06-18T17:07:52Z [15,545ms] [Warning] [omni.physics.isaacsimready.scripts.variant_switcher] VariantSwitcher: Variant 'physx' not found in variant set 'Physics' on prim '/World/envs/env_23/Robot/FinalURDF_SLDASM'. Available variants: ['None', 'PhysX']
2026-06-18T17:07:52Z [15,545ms] [Warning] [omni.physics.isaacsimready.scripts.variant_switcher] VariantSwitcher: Variant 'physx' not found in variant set 'Physics' on prim '/World/envs/env_62/Robot/FinalURDF_SLDASM'. Available variants: ['None', 'PhysX']
2026-06-18T17:07:52Z [15,545ms] [Warning] [omni.physics.isaacsimready.scripts.variant_switcher] VariantSwitcher: Variant 'physx' not found in variant set 'Physics' on prim '/World/envs/env_111/Robot/FinalURDF_SLDASM'. Available variants: ['None', 'PhysX']
2026-06-18T17:07:52Z [15,545ms] [Warning] [omni.physics.isaacsimready.scripts.variant_switcher] VariantSwitcher: Variant 'physx' not found in variant set 'Physics' on prim '/World/envs/env_107/Robot/FinalURDF_SLDASM'. Available variants: ['None', 'PhysX']
2026-06-18T17:07:52Z [15,545ms] [Warning] [omni.physics.isaacsimready.scripts.variant_switcher] VariantSwitcher: Variant 'physx' not found in variant set 'Physics' on prim '/World/envs/env_94/Robot/FinalURDF_SLDASM'. Available variants: ['None', 'PhysX']
2026-06-18T17:07:52Z [15,545ms] [Warning] [omni.physics.isaacsimready.scripts.variant_switcher] VariantSwitcher: Variant 'physx' not found in variant set 'Physics' on prim '/World/envs/env_63/Robot/FinalURDF_SLDASM'. Available variants: ['None', 'PhysX']
2026-06-18T17:07:52Z [15,546ms] [Warning] [omni.physics.isaacsimready.scripts.variant_switcher] VariantSwitcher: Variant 'physx' not found in variant set 'Physics' on prim '/World/envs/env_52/Robot/FinalURDF_SLDASM'. Available variants: ['None', 'PhysX']
2026-06-18T17:07:52Z [15,546ms] [Warning] [omni.physics.isaacsimready.scripts.variant_switcher] VariantSwitcher: Variant 'physx' not found in variant set 'Physics' on prim '/World/envs/env_74/Robot/FinalURDF_SLDASM'. Available variants: ['None', 'PhysX']
2026-06-18T17:07:52Z [15,546ms] [Warning] [omni.physics.isaacsimready.scripts.variant_switcher] VariantSwitcher: Variant 'physx' not found in variant set 'Physics' on prim '/World/envs/env_112/Robot/FinalURDF_SLDASM'. Available variants: ['None', 'PhysX']
2026-06-18T17:07:52Z [15,546ms] [Warning] [omni.physics.isaacsimready.scripts.variant_switcher] VariantSwitcher: Variant 'physx' not found in variant set 'Physics' on prim '/World/envs/env_81/Robot/FinalURDF_SLDASM'. Available variants: ['None', 'PhysX']
2026-06-18T17:07:52Z [15,546ms] [Warning] [omni.physics.isaacsimready.scripts.variant_switcher] VariantSwitcher: Variant 'physx' not found in variant set 'Physics' on prim '/World/envs/env_119/Robot/FinalURDF_SLDASM'. Available variants: ['None', 'PhysX']
2026-06-18T17:07:52Z [15,546ms] [Warning] [omni.physics.isaacsimready.scripts.variant_switcher] VariantSwitcher: Variant 'physx' not found in variant set 'Physics' on prim '/World/envs/env_57/Robot/FinalURDF_SLDASM'. Available variants: ['None', 'PhysX']
2026-06-18T17:07:52Z [15,546ms] [Warning] [omni.physics.isaacsimready.scripts.variant_switcher] VariantSwitcher: Variant 'physx' not found in variant set 'Physics' on prim '/World/envs/env_12/Robot/FinalURDF_SLDASM'. Available variants: ['None', 'PhysX']
2026-06-18T17:07:52Z [15,546ms] [Warning] [omni.physics.isaacsimready.scripts.variant_switcher] VariantSwitcher: Variant 'physx' not found in variant set 'Physics' on prim '/World/envs/env_99/Robot/FinalURDF_SLDASM'. Available variants: ['None', 'PhysX']
2026-06-18T17:07:52Z [15,546ms] [Warning] [omni.physics.isaacsimready.scripts.variant_switcher] VariantSwitcher: Variant 'physx' not found in variant set 'Physics' on prim '/World/envs/env_46/Robot/FinalURDF_SLDASM'. Available variants: ['None', 'PhysX']
2026-06-18T17:07:52Z [15,546ms] [Warning] [omni.physics.isaacsimready.scripts.variant_switcher] VariantSwitcher: Variant 'physx' not found in variant set 'Physics' on prim '/World/envs/env_120/Robot/FinalURDF_SLDASM'. Available variants: ['None', 'PhysX']
2026-06-18T17:07:52Z [15,546ms] [Warning] [omni.physics.isaacsimready.scripts.variant_switcher] VariantSwitcher: Variant 'physx' not found in variant set 'Physics' on prim '/World/envs/env_72/Robot/FinalURDF_SLDASM'. Available variants: ['None', 'PhysX']
2026-06-18T17:07:52Z [15,546ms] [Warning] [omni.physics.isaacsimready.scripts.variant_switcher] VariantSwitcher: Variant 'physx' not found in variant set 'Physics' on prim '/World/envs/env_66/Robot/FinalURDF_SLDASM'. Available variants: ['None', 'PhysX']
2026-06-18T17:07:52Z [15,546ms] [Warning] [omni.physics.isaacsimready.scripts.variant_switcher] VariantSwitcher: Variant 'physx' not found in variant set 'Physics' on prim '/World/envs/env_67/Robot/FinalURDF_SLDASM'. Available variants: ['None', 'PhysX']
2026-06-18T17:07:52Z [15,547ms] [Warning] [omni.physics.isaacsimready.scripts.variant_switcher] VariantSwitcher: Variant 'physx' not found in variant set 'Physics' on prim '/World/envs/env_33/Robot/FinalURDF_SLDASM'. Available variants: ['None', 'PhysX']
2026-06-18T17:07:52Z [15,547ms] [Warning] [omni.physics.isaacsimready.scripts.variant_switcher] VariantSwitcher: Variant 'physx' not found in variant set 'Physics' on prim '/World/envs/env_69/Robot/FinalURDF_SLDASM'. Available variants: ['None', 'PhysX']
2026-06-18T17:07:52Z [15,547ms] [Warning] [omni.physics.isaacsimready.scripts.variant_switcher] VariantSwitcher: Variant 'physx' not found in variant set 'Physics' on prim '/World/envs/env_85/Robot/FinalURDF_SLDASM'. Available variants: ['None', 'PhysX']
2026-06-18T17:07:52Z [15,547ms] [Warning] [omni.physics.isaacsimready.scripts.variant_switcher] VariantSwitcher: Variant 'physx' not found in variant set 'Physics' on prim '/World/envs/env_68/Robot/FinalURDF_SLDASM'. Available variants: ['None', 'PhysX']
2026-06-18T17:07:52Z [15,547ms] [Warning] [omni.physics.isaacsimready.scripts.variant_switcher] VariantSwitcher: Variant 'physx' not found in variant set 'Physics' on prim '/World/envs/env_70/Robot/FinalURDF_SLDASM'. Available variants: ['None', 'PhysX']
2026-06-18T17:07:52Z [15,547ms] [Warning] [omni.physics.isaacsimready.scripts.variant_switcher] VariantSwitcher: Variant 'physx' not found in variant set 'Physics' on prim '/World/envs/env_53/Robot/FinalURDF_SLDASM'. Available variants: ['None', 'PhysX']
2026-06-18T17:07:52Z [15,547ms] [Warning] [omni.physics.isaacsimready.scripts.variant_switcher] VariantSwitcher: Variant 'physx' not found in variant set 'Physics' on prim '/World/envs/env_121/Robot/FinalURDF_SLDASM'. Available variants: ['None', 'PhysX']
2026-06-18T17:07:52Z [15,547ms] [Warning] [omni.physics.isaacsimready.scripts.variant_switcher] VariantSwitcher: Variant 'physx' not found in variant set 'Physics' on prim '/World/envs/env_113/Robot/FinalURDF_SLDASM'. Available variants: ['None', 'PhysX']
2026-06-18T17:07:52Z [15,547ms] [Warning] [omni.physics.isaacsimready.scripts.variant_switcher] VariantSwitcher: Variant 'physx' not found in variant set 'Physics' on prim '/World/envs/env_39/Robot/FinalURDF_SLDASM'. Available variants: ['None', 'PhysX']
2026-06-18T17:07:52Z [15,547ms] [Warning] [omni.physics.isaacsimready.scripts.variant_switcher] VariantSwitcher: Variant 'physx' not found in variant set 'Physics' on prim '/World/envs/env_122/Robot/FinalURDF_SLDASM'. Available variants: ['None', 'PhysX']
2026-06-18T17:07:52Z [15,547ms] [Warning] [omni.physics.isaacsimready.scripts.variant_switcher] VariantSwitcher: Variant 'physx' not found in variant set 'Physics' on prim '/World/envs/env_105/Robot/FinalURDF_SLDASM'. Available variants: ['None', 'PhysX']
2026-06-18T17:07:52Z [15,547ms] [Warning] [omni.physics.isaacsimready.scripts.variant_switcher] VariantSwitcher: Variant 'physx' not found in variant set 'Physics' on prim '/World/envs/env_35/Robot/FinalURDF_SLDASM'. Available variants: ['None', 'PhysX']
2026-06-18T17:07:52Z [15,547ms] [Warning] [omni.physics.isaacsimready.scripts.variant_switcher] VariantSwitcher: Variant 'physx' not found in variant set 'Physics' on prim '/World/envs/env_80/Robot/FinalURDF_SLDASM'. Available variants: ['None', 'PhysX']
2026-06-18T17:07:52Z [15,547ms] [Warning] [omni.physics.isaacsimready.scripts.variant_switcher] VariantSwitcher: Variant 'physx' not found in variant set 'Physics' on prim '/World/envs/env_37/Robot/FinalURDF_SLDASM'. Available variants: ['None', 'PhysX']
2026-06-18T17:07:52Z [15,548ms] [Warning] [omni.physics.isaacsimready.scripts.variant_switcher] VariantSwitcher: Variant 'physx' not found in variant set 'Physics' on prim '/World/envs/env_58/Robot/FinalURDF_SLDASM'. Available variants: ['None', 'PhysX']
2026-06-18T17:07:52Z [15,548ms] [Warning] [omni.physics.isaacsimready.scripts.variant_switcher] VariantSwitcher: Variant 'physx' not found in variant set 'Physics' on prim '/World/envs/env_97/Robot/FinalURDF_SLDASM'. Available variants: ['None', 'PhysX']
2026-06-18T17:07:52Z [15,548ms] [Warning] [omni.physics.isaacsimready.scripts.variant_switcher] VariantSwitcher: Variant 'physx' not found in variant set 'Physics' on prim '/World/envs/env_10/Robot/FinalURDF_SLDASM'. Available variants: ['None', 'PhysX']
/workspace/isaaclab/_isaac_sim/kit/python/lib/python3.12/site-packages/gymnasium/wrappers/rendering.py:293: UserWarning: [33mWARN: Overwriting existing videos at /workspace/Ankybot_v2/logs/rsl_rl/imu_sensor/baseline/videos/play/model_200 folder (try specifying a different `video_folder` for the `RecordVideo` wrapper if this is not desired)[0m
  logger.warn(
/workspace/isaaclab/_isaac_sim/kit/python/lib/python3.12/site-packages/rsl_rl/utils/utils.py:220: UserWarning: The observation configuration dictionary 'obs_groups' is empty and thus likely not configured. Consider configuring the 'obs_groups' dictionary explicitly
  warnings.warn(
/workspace/isaaclab/_isaac_sim/kit/python/lib/python3.12/site-packages/rsl_rl/utils/utils.py:251: UserWarning: The observation configuration dictionary 'obs_groups' does not contain the 'actor' key. As an observation group with the name 'policy' was found, this is assumed to be the appropriate observation. Consider adding the 'actor' key to the 'obs_groups' dictionary for clarity. This behavior will be removed in a future version.
  warnings.warn(
/workspace/isaaclab/_isaac_sim/kit/python/lib/python3.12/site-packages/rsl_rl/utils/utils.py:251: UserWarning: The observation configuration dictionary 'obs_groups' does not contain the 'critic' key. As an observation group with the name 'policy' was found, this is assumed to be the appropriate observation. Consider adding the 'critic' key to the 'obs_groups' dictionary for clarity. This behavior will be removed in a future version.
  warnings.warn(
/workspace/isaaclab/_isaac_sim/kit/python/lib/python3.12/copyreg.py:99: FutureWarning: `isinstance(treespec, LeafSpec)` is deprecated, use `isinstance(treespec, TreeSpec) and treespec.is_leaf()` instead.
  return cls.__new__(cls, *args)
2026-06-18T17:07:52Z [15,548ms] [Warning] [omni.physics.isaacsimready.scripts.variant_switcher] VariantSwitcher: Variant 'physx' not found in variant set 'Physics' on prim '/World/envs/env_123/Robot/FinalURDF_SLDASM'. Available variants: ['None', 'PhysX']
2026-06-18T17:07:52Z [15,548ms] [Warning] [omni.physics.isaacsimready.scripts.variant_switcher] VariantSwitcher: Variant 'physx' not found in variant set 'Physics' on prim '/World/envs/env_126/Robot/FinalURDF_SLDASM'. Available variants: ['None', 'PhysX']
2026-06-18T17:07:52Z [15,548ms] [Warning] [omni.physics.isaacsimready.scripts.variant_switcher] VariantSwitcher: Variant 'physx' not found in variant set 'Physics' on prim '/World/envs/env_127/Robot/FinalURDF_SLDASM'. Available variants: ['None', 'PhysX']
2026-06-18T17:07:52Z [15,548ms] [Warning] [omni.physics.isaacsimready.scripts.variant_switcher] VariantSwitcher: Variant 'physx' not found in variant set 'Physics' on prim '/World/envs/env_9/Robot/FinalURDF_SLDASM'. Available variants: ['None', 'PhysX']
2026-06-18T17:07:52Z [15,548ms] [Warning] [omni.physics.isaacsimready.scripts.variant_switcher] VariantSwitcher: Variant 'physx' not found in variant set 'Physics' on prim '/World/envs/env_44/Robot/FinalURDF_SLDASM'. Available variants: ['None', 'PhysX']
2026-06-18T17:07:52Z [15,548ms] [Warning] [omni.physics.isaacsimready.scripts.variant_switcher] VariantSwitcher: Variant 'physx' not found in variant set 'Physics' on prim '/World/envs/env_95/Robot/FinalURDF_SLDASM'. Available variants: ['None', 'PhysX']
2026-06-18T17:07:52Z [15,548ms] [Warning] [omni.physics.isaacsimready.scripts.variant_switcher] VariantSwitcher: Variant 'physx' not found in variant set 'Physics' on prim '/World/envs/env_114/Robot/FinalURDF_SLDASM'. Available variants: ['None', 'PhysX']
2026-06-18T17:07:52Z [15,548ms] [Warning] [omni.physics.isaacsimready.scripts.variant_switcher] VariantSwitcher: Variant 'physx' not found in variant set 'Physics' on prim '/World/envs/env_88/Robot/FinalURDF_SLDASM'. Available variants: ['None', 'PhysX']
2026-06-18T17:07:52Z [15,548ms] [Warning] [omni.physics.isaacsimready.scripts.variant_switcher] VariantSwitcher: Variant 'physx' not found in variant set 'Physics' on prim '/World/envs/env_91/Robot/FinalURDF_SLDASM'. Available variants: ['None', 'PhysX']
2026-06-18T17:07:52Z [15,548ms] [Warning] [omni.physics.isaacsimready.scripts.variant_switcher] VariantSwitcher: Variant 'physx' not found in variant set 'Physics' on prim '/World/envs/env_50/Robot/FinalURDF_SLDASM'. Available variants: ['None', 'PhysX']
2026-06-18T17:07:52Z [15,549ms] [Warning] [omni.physics.isaacsimready.scripts.variant_switcher] VariantSwitcher: Variant 'physx' not found in variant set 'Physics' on prim '/World/envs/env_8/Robot/FinalURDF_SLDASM'. Available variants: ['None', 'PhysX']
2026-06-18T17:07:52Z [15,549ms] [Warning] [omni.physics.isaacsimready.scripts.variant_switcher] VariantSwitcher: Variant 'physx' not found in variant set 'Physics' on prim '/World/envs/env_47/Robot/FinalURDF_SLDASM'. Available variants: ['None', 'PhysX']
2026-06-18T17:07:52Z [15,549ms] [Warning] [omni.physics.isaacsimready.scripts.variant_switcher] VariantSwitcher: Variant 'physx' not found in variant set 'Physics' on prim '/World/envs/env_7/Robot/FinalURDF_SLDASM'. Available variants: ['None', 'PhysX']
2026-06-18T17:07:52Z [15,549ms] [Warning] [omni.physics.isaacsimready.scripts.variant_switcher] VariantSwitcher: Variant 'physx' not found in variant set 'Physics' on prim '/World/envs/env_54/Robot/FinalURDF_SLDASM'. Available variants: ['None', 'PhysX']
2026-06-18T17:07:59Z [22,462ms] [Warning] [omni.syntheticdata.plugin] OgnSdPostRenderVarToHost : rendervar copy from texture directly to host buffer is counter-performant. Please use copy from texture to device buffer first.
[INFO] Using Python: "/workspace/isaaclab/_isaac_sim/python.sh"
=== Thu Jun 18 17:19:34 UTC 2026 | DONE  model_200.pt ===
=== Thu Jun 18 17:19:34 UTC 2026 | START model_500.pt | 1500 steps ===
[INFO]: Parsing configuration from: Ankybot_v2.tasks.manager_based.ankybot_v2.ankybot_v2_env_cfg:AnkybotV2EnvCfg_PLAY
[INFO]: Parsing configuration from: Ankybot_v2.tasks.manager_based.ankybot_v2.agents.rsl_rl_ppo_cfg:PPORunnerCfg
[2026-06-18 17:19:41,401][isaaclab.app.app_launcher][INFO] - Using device: cuda:0
[2026-06-18 17:19:41,402][isaaclab.app.app_launcher][INFO] - Loading experience file: /workspace/isaaclab/apps/isaaclab.python.rendering.kit
[2026-06-18 17:19:42,172][asyncio][DEBUG] - Using selector: EpollSelector
WARNING: All log messages before absl::InitializeLog() is called are written to STDERR
E0000 00:00:1781803182.211314  108764 descriptor_database.cc:633] File already exists in database: grpc/health/v1/health.proto
W0000 00:00:1781803182.211348  108764 message.cc:301] Protobuf GeneratedMessageFactory: File is already registered: grpc/health/v1/health.proto
[2026-06-18 17:19:44,895][trimesh.util][DEBUG] - falling back to hashlib hashing: `pip install xxhash`for 50x faster cache checks
[2026-06-18 17:19:47,407][AutoNode][DEBUG] - Defining data type 'any' as 'Any'
[2026-06-18 17:19:47,407][AutoNode][DEBUG] - Defining data type 'bool' as 'Bool' and array 'BoolArray
[2026-06-18 17:19:47,408][AutoNode][DEBUG] - Defining data type 'bundle' as 'Bundle'
[2026-06-18 17:19:47,408][AutoNode][DEBUG] - Defining data type 'colord[3]' as 'Color3d' and array 'Color3dArray
[2026-06-18 17:19:47,408][AutoNode][DEBUG] - Defining data type 'colorf[3]' as 'Color3f' and array 'Color3fArray
[2026-06-18 17:19:47,408][AutoNode][DEBUG] - Defining data type 'colorh[3]' as 'Color3h' and array 'Color3hArray
[2026-06-18 17:19:47,408][AutoNode][DEBUG] - Defining data type 'colord[4]' as 'Color4d' and array 'Color4dArray
[2026-06-18 17:19:47,408][AutoNode][DEBUG] - Defining data type 'colorf[4]' as 'Color4f' and array 'Color4fArray
[2026-06-18 17:19:47,408][AutoNode][DEBUG] - Defining data type 'colorh[4]' as 'Color4h' and array 'Color4hArray
[2026-06-18 17:19:47,408][AutoNode][DEBUG] - Defining data type 'double' as 'Double' and array 'DoubleArray
[2026-06-18 17:19:47,409][AutoNode][DEBUG] - Defining data type 'double[2]' as 'Double2' and array 'Double2Array
[2026-06-18 17:19:47,409][AutoNode][DEBUG] - Defining data type 'double[3]' as 'Double3' and array 'Double3Array
[2026-06-18 17:19:47,409][AutoNode][DEBUG] - Defining data type 'double[4]' as 'Double4' and array 'Double4Array
[2026-06-18 17:19:47,409][AutoNode][DEBUG] - Defining data type 'execution' as 'Execution'
[2026-06-18 17:19:47,409][AutoNode][DEBUG] - Defining data type 'float' as 'Float' and array 'FloatArray
[2026-06-18 17:19:47,409][AutoNode][DEBUG] - Defining data type 'float[2]' as 'Float2' and array 'Float2Array
[2026-06-18 17:19:47,409][AutoNode][DEBUG] - Defining data type 'float[3]' as 'Float3' and array 'Float3Array
[2026-06-18 17:19:47,409][AutoNode][DEBUG] - Defining data type 'float[4]' as 'Float4' and array 'Float4Array
[2026-06-18 17:19:47,410][AutoNode][DEBUG] - Defining data type 'frame[4]' as 'Frame' and array 'FrameArray
[2026-06-18 17:19:47,410][AutoNode][DEBUG] - Defining data type 'half' as 'Half' and array 'HalfArray
[2026-06-18 17:19:47,410][AutoNode][DEBUG] - Defining data type 'half[2]' as 'Half2' and array 'Half2Array
[2026-06-18 17:19:47,410][AutoNode][DEBUG] - Defining data type 'half[3]' as 'Half3' and array 'Half3Array
[2026-06-18 17:19:47,410][AutoNode][DEBUG] - Defining data type 'half[4]' as 'Half4' and array 'Half4Array
[2026-06-18 17:19:47,410][AutoNode][DEBUG] - Defining data type 'int' as 'Int' and array 'IntArray
[2026-06-18 17:19:47,410][AutoNode][DEBUG] - Defining data type 'int[2]' as 'Int2' and array 'Int2Array
[2026-06-18 17:19:47,411][AutoNode][DEBUG] - Defining data type 'int[3]' as 'Int3' and array 'Int3Array
[2026-06-18 17:19:47,411][AutoNode][DEBUG] - Defining data type 'int[4]' as 'Int4' and array 'Int4Array
[2026-06-18 17:19:47,411][AutoNode][DEBUG] - Defining data type 'int64' as 'Int64' and array 'Int64Array
[2026-06-18 17:19:47,411][AutoNode][DEBUG] - Defining data type 'matrixd[2]' as 'Matrix2d' and array 'Matrix2dArray
[2026-06-18 17:19:47,411][AutoNode][DEBUG] - Defining data type 'matrixd[3]' as 'Matrix3d' and array 'Matrix3dArray
[2026-06-18 17:19:47,411][AutoNode][DEBUG] - Defining data type 'matrixd[4]' as 'Matrix4d' and array 'Matrix4dArray
[2026-06-18 17:19:47,411][AutoNode][DEBUG] - Defining data type 'normald[3]' as 'Normal3d' and array 'Normal3dArray
[2026-06-18 17:19:47,411][AutoNode][DEBUG] - Defining data type 'normalf[3]' as 'Normal3f' and array 'Normal3fArray
[2026-06-18 17:19:47,412][AutoNode][DEBUG] - Defining data type 'normalh[3]' as 'Normal3h' and array 'Normal3hArray
[2026-06-18 17:19:47,412][AutoNode][DEBUG] - Defining data type 'objectId' as 'ObjectId' and array 'ObjectIdArray
[2026-06-18 17:19:47,412][AutoNode][DEBUG] - Defining data type 'path' as 'Path'
[2026-06-18 17:19:47,412][AutoNode][DEBUG] - Defining data type 'pointd[3]' as 'Point3d' and array 'Point3dArray
[2026-06-18 17:19:47,412][AutoNode][DEBUG] - Defining data type 'pointf[3]' as 'Point3f' and array 'Point3fArray
[2026-06-18 17:19:47,412][AutoNode][DEBUG] - Defining data type 'pointh[3]' as 'Point3h' and array 'Point3hArray
[2026-06-18 17:19:47,412][AutoNode][DEBUG] - Defining data type 'quatd[4]' as 'Quatd' and array 'QuatdArray
[2026-06-18 17:19:47,412][AutoNode][DEBUG] - Defining data type 'quatf[4]' as 'Quatf' and array 'QuatfArray
[2026-06-18 17:19:47,413][AutoNode][DEBUG] - Defining data type 'quath[4]' as 'Quath' and array 'QuathArray
[2026-06-18 17:19:47,413][AutoNode][DEBUG] - Defining data type 'string' as 'String'
[2026-06-18 17:19:47,413][AutoNode][DEBUG] - Defining data type 'target' as 'Target'
[2026-06-18 17:19:47,413][AutoNode][DEBUG] - Defining data type 'texcoordd[2]' as 'TexCoord2d' and array 'TexCoord2dArray
[2026-06-18 17:19:47,413][AutoNode][DEBUG] - Defining data type 'texcoordf[2]' as 'TexCoord2f' and array 'TexCoord2fArray
[2026-06-18 17:19:47,413][AutoNode][DEBUG] - Defining data type 'texcoordh[2]' as 'TexCoord2h' and array 'TexCoord2hArray
[2026-06-18 17:19:47,413][AutoNode][DEBUG] - Defining data type 'texcoordd[3]' as 'TexCoord3d' and array 'TexCoord3dArray
[2026-06-18 17:19:47,413][AutoNode][DEBUG] - Defining data type 'texcoordf[3]' as 'TexCoord3f' and array 'TexCoord3fArray
[2026-06-18 17:19:47,414][AutoNode][DEBUG] - Defining data type 'texcoordh[3]' as 'TexCoord3h' and array 'TexCoord3hArray
[2026-06-18 17:19:47,414][AutoNode][DEBUG] - Defining data type 'timecode' as 'Timecode' and array 'TimecodeArray
[2026-06-18 17:19:47,414][AutoNode][DEBUG] - Defining data type 'token' as 'Token' and array 'TokenArray
[2026-06-18 17:19:47,414][AutoNode][DEBUG] - Defining data type 'uchar' as 'UChar' and array 'UCharArray
[2026-06-18 17:19:47,414][AutoNode][DEBUG] - Defining data type 'uint' as 'UInt' and array 'UIntArray
[2026-06-18 17:19:47,414][AutoNode][DEBUG] - Defining data type 'uint64' as 'UInt64' and array 'UInt64Array
[2026-06-18 17:19:47,414][AutoNode][DEBUG] - Defining data type 'vectord[3]' as 'Vector3d' and array 'Vector3dArray
[2026-06-18 17:19:47,414][AutoNode][DEBUG] - Defining data type 'vectorf[3]' as 'Vector3f' and array 'Vector3fArray
[2026-06-18 17:19:47,415][AutoNode][DEBUG] - Defining data type 'vectorh[3]' as 'Vector3h' and array 'Vector3hArray
Loading user config located at: '/isaac-sim/kit/data/Kit/IsaacLab/3.0/user.config.json'
[Info] [carb] Logging to file: /isaac-sim/kit/logs/Kit/IsaacLab/3.0/kit_20260618_171941.log
2026-06-18T17:19:41Z [4ms] [Warning] [omni.ext.plugin] [ext: isaaclab_visualizers] Extensions config 'extension.toml' doesn't exist '/workspace/isaaclab/source/isaaclab_visualizers' or '/workspace/isaaclab/source/isaaclab_visualizers/config'

|---------------------------------------------------------------------------------------------|
| Driver Version: 580.159.03    | Graphics API: Vulkan
|=============================================================================================|
| GPU | Name                             | Active | LDA | GPU Memory | Vendor-ID | LUID       |
|     |                                  |        |     |            | Device-ID | UUID       |
|     |                                  |        |     |            | Bus-ID    |            |
|---------------------------------------------------------------------------------------------|
| 0   | NVIDIA GeForce RTX 2070          | Yes: 0 |     | 8438    MB | 10de      | 0          |
|     |                                  |        |     |            | 1f14      | a951febe.. |
|     |                                  |        |     |            | 1         |            |
|=============================================================================================|
| OS: 24.04.4 LTS (Noble Numbat) ubuntu, Version: 24.04.4, Kernel: 6.17.0-35-generic
| XServer Vendor: The X.Org Foundation, XServer Version: 12101011 (1.21.1.11)
| Processor: Intel(R) Core(TM) i7-10750H CPU @ 2.60GHz
| Cores: 6 | Logical Cores: 12
|---------------------------------------------------------------------------------------------|
| Total Memory (MB): 31854 | Free Memory: 24228
| Total Page/Swap (MB): 8191 | Free Page/Swap: 0
|---------------------------------------------------------------------------------------------|
2026-06-18T17:19:43Z [1,665ms] [Warning] [gpu.foundation.plugin] CPU performance profile is set to powersave. This profile sets the CPU to the lowest frequency reducing performance.
2026-06-18T17:19:43Z [1,673ms] [Warning] [gpu.foundation.plugin] PCIe link width current (8) and maximum (16) for device 0 don't match.
2026-06-18T17:19:46Z [5,024ms] [Warning] [omni.log] Source: omni.hydra was already registered.
OmniReplicatorNvExtension starting up (ext_id: omni.replicator.nv-1.1.0).
2026-06-18T17:19:47Z [6,304ms] [Warning] [pxr.Semantics] pxr.Semantics is deprecated - please use Semantics instead
2026-06-18T17:19:47Z [6,480ms] [Warning] [omni.replicator.core.scripts.extension] No material configuration file, adding configuration to material settings directly.
2026-06-18T17:19:49Z [7,927ms] [Warning] [omni.usd] Encountered USD Warnings but USD Diagnostics are currently muted. To view USD Warnings, please set the '/persistent/app/usd/muteUsdDiagnostics' setting to false in Preferences page.
2026-06-18T17:19:50Z [9,388ms] [Warning] [omni.kit.window.filepicker.collections.collection_item] Failed to add '/root/Documents': '/root/Documents/' as dupliated path in 'Documents'
[WARNING]: The `policy` configuration is deprecated for rsl-rl >= 4.0.0. Please use, e.g., `actor` and `critic` model configurations instead.
[WARNING]: The `policy` configuration is used to infer the `actor` model configuration.
[WARNING]: The `policy` configuration is used to infer the `critic` model configuration.
[WARNING]: The `distribution_cfg` configuration is now used to specify the output distribution for stochastic policies. Consider updating the configuration to use `distribution_cfg` instead of `stochastic`, `init_noise_std`, `noise_std_type`, and `state_dependent_std` parameters.
[INFO] Loading experiment from directory: /workspace/Ankybot_v2/logs/rsl_rl/ankybot_v2
[2026-06-18 17:19:53,585][isaaclab_physx.physics.physx_manager][WARNING] - TGS solver with enable_external_forces_every_iteration=False may cause noisy velocities.
[INFO]: Base environment:
	Environment device    : cuda:0
	Environment seed      : 42
	Physics step-size     : 0.002
	Rendering step-size   : 0.002
	Environment step-size : 0.01
[2026-06-18 17:19:53,807][isaaclab.envs.manager_based_env][WARNING] - The render interval (1.0) is smaller than the decimation (5). Multiple render calls will happen for each environment step. If this is not intended, set the render interval to be equal to the decimation.
2026-06-18T17:19:52Z [11,201ms] [Warning] [omni.kit.menu.utils.layout] Multiple matching items found for layout "Physics". Found Create, Window. Change <<class 'omni.kit.menu.utils.layout.MenuLayout.SubMenu'> name:Physics> to use specific source. Using "source="Create/Physics""
2026-06-18T17:19:53Z [12,141ms] [Warning] [isaaclab_physx.physics.physx_manager] TGS solver with enable_external_forces_every_iteration=False may cause noisy velocities.
2026-06-18T17:19:53Z [12,362ms] [Warning] [isaaclab.envs.manager_based_env] The render interval (1.0) is smaller than the decimation (5). Multiple render calls will happen for each environment step. If this is not intended, set the render interval to be equal to the decimation.
2026-06-18T17:19:56Z [14,623ms] [Warning] [omni.fabric.plugin] Warning: attribute material:binding not found for path /__Prototype_7606216450749355745/BRHip

2026-06-18T17:19:56Z [15,419ms] [Warning] [isaacsim.core.simulation_manager.impl.simulation_manager] Changing backend from 'numpy' to 'torch' since NumPy cannot be used with GPU piplines
2026-06-18T17:19:57Z [15,830ms] [Warning] [omni.physics.isaacsimready.scripts.variant_switcher] VariantSwitcher: Variant 'physx' not found in variant set 'Physics' on prim '/World/envs/env_53/Robot/FinalURDF_SLDASM'. Available variants: ['None', 'PhysX']
2026-06-18T17:19:57Z [15,830ms] [Warning] [omni.physics.isaacsimready.scripts.variant_switcher] VariantSwitcher: Variant 'physx' not found in variant set 'Physics' on prim '/World/envs/env_120/Robot/FinalURDF_SLDASM'. Available variants: ['None', 'PhysX']
2026-06-18T17:19:57Z [15,830ms] [Warning] [omni.physics.isaacsimready.scripts.variant_switcher] VariantSwitcher: Variant 'physx' not found in variant set 'Physics' on prim '/World/envs/env_86/Robot/FinalURDF_SLDASM'. Available variants: ['None', 'PhysX']
2026-06-18T17:19:57Z [15,830ms] [Warning] [omni.physics.isaacsimready.scripts.variant_switcher] VariantSwitcher: Variant 'physx' not found in variant set 'Physics' on prim '/World/envs/env_52/Robot/FinalURDF_SLDASM'. Available variants: ['None', 'PhysX']
2026-06-18T17:19:57Z [15,830ms] [Warning] [omni.physics.isaacsimready.scripts.variant_switcher] VariantSwitcher: Variant 'physx' not found in variant set 'Physics' on prim '/World/envs/env_23/Robot/FinalURDF_SLDASM'. Available variants: ['None', 'PhysX']
2026-06-18T17:19:57Z [15,831ms] [Warning] [omni.physics.isaacsimready.scripts.variant_switcher] VariantSwitcher: Variant 'physx' not found in variant set 'Physics' on prim '/World/envs/env_25/Robot/FinalURDF_SLDASM'. Available variants: ['None', 'PhysX']
2026-06-18T17:19:57Z [15,831ms] [Warning] [omni.physics.isaacsimready.scripts.variant_switcher] VariantSwitcher: Variant 'physx' not found in variant set 'Physics' on prim '/World/envs/env_51/Robot/FinalURDF_SLDASM'. Available variants: ['None', 'PhysX']
2026-06-18T17:19:57Z [15,831ms] [Warning] [omni.physics.isaacsimready.scripts.variant_switcher] VariantSwitcher: Variant 'physx' not found in variant set 'Physics' on prim '/World/envs/env_71/Robot/FinalURDF_SLDASM'. Available variants: ['None', 'PhysX']
2026-06-18T17:19:57Z [15,831ms] [Warning] [omni.physics.isaacsimready.scripts.variant_switcher] VariantSwitcher: Variant 'physx' not found in variant set 'Physics' on prim '/World/envs/env_32/Robot/FinalURDF_SLDASM'. Available variants: ['None', 'PhysX']
2026-06-18T17:19:57Z [15,831ms] [Warning] [omni.physics.isaacsimready.scripts.variant_switcher] VariantSwitcher: Variant 'physx' not found in variant set 'Physics' on prim '/World/envs/env_68/Robot/FinalURDF_SLDASM'. Available variants: ['None', 'PhysX']
2026-06-18T17:19:57Z [15,831ms] [Warning] [omni.physics.isaacsimready.scripts.variant_switcher] VariantSwitcher: Variant 'physx' not found in variant set 'Physics' on prim '/World/envs/env_38/Robot/FinalURDF_SLDASM'. Available variants: ['None', 'PhysX']
2026-06-18T17:19:57Z [15,831ms] [Warning] [omni.physics.isaacsimready.scripts.variant_switcher] VariantSwitcher: Variant 'physx' not found in variant set 'Physics' on prim '/World/envs/env_95/Robot/FinalURDF_SLDASM'. Available variants: ['None', 'PhysX']
2026-06-18T17:19:57Z [15,831ms] [Warning] [omni.physics.isaacsimready.scripts.variant_switcher] VariantSwitcher: Variant 'physx' not found in variant set 'Physics' on prim '/World/envs/env_49/Robot/FinalURDF_SLDASM'. Available variants: ['None', 'PhysX']
2026-06-18T17:19:57Z [15,831ms] [Warning] [omni.physics.isaacsimready.scripts.variant_switcher] VariantSwitcher: Variant 'physx' not found in variant set 'Physics' on prim '/World/envs/env_76/Robot/FinalURDF_SLDASM'. Available variants: ['None', 'PhysX']
2026-06-18T17:19:57Z [15,831ms] [Warning] [omni.physics.isaacsimready.scripts.variant_switcher] VariantSwitcher: Variant 'physx' not found in variant set 'Physics' on prim '/World/envs/env_5/Robot/FinalURDF_SLDASM'. Available variants: ['None', 'PhysX']
2026-06-18T17:19:57Z [15,831ms] [Warning] [omni.physics.isaacsimready.scripts.variant_switcher] VariantSwitcher: Variant 'physx' not found in variant set 'Physics' on prim '/World/envs/env_35/Robot/FinalURDF_SLDASM'. Available variants: ['None', 'PhysX']
2026-06-18T17:19:57Z [15,831ms] [Warning] [omni.physics.isaacsimready.scripts.variant_switcher] VariantSwitcher: Variant 'physx' not found in variant set 'Physics' on prim '/World/envs/env_106/Robot/FinalURDF_SLDASM'. Available variants: ['None', 'PhysX']
2026-06-18T17:19:57Z [15,831ms] [Warning] [omni.physics.isaacsimready.scripts.variant_switcher] VariantSwitcher: Variant 'physx' not found in variant set 'Physics' on prim '/World/envs/env_64/Robot/FinalURDF_SLDASM'. Available variants: ['None', 'PhysX']
2026-06-18T17:19:57Z [15,832ms] [Warning] [omni.physics.isaacsimready.scripts.variant_switcher] VariantSwitcher: Variant 'physx' not found in variant set 'Physics' on prim '/World/envs/env_48/Robot/FinalURDF_SLDASM'. Available variants: ['None', 'PhysX']
2026-06-18T17:19:57Z [15,832ms] [Warning] [omni.physics.isaacsimready.scripts.variant_switcher] VariantSwitcher: Variant 'physx' not found in variant set 'Physics' on prim '/World/envs/env_59/Robot/FinalURDF_SLDASM'. Available variants: ['None', 'PhysX']
2026-06-18T17:19:57Z [15,832ms] [Warning] [omni.physics.isaacsimready.scripts.variant_switcher] VariantSwitcher: Variant 'physx' not found in variant set 'Physics' on prim '/World/envs/env_18/Robot/FinalURDF_SLDASM'. Available variants: ['None', 'PhysX']
2026-06-18T17:19:57Z [15,832ms] [Warning] [omni.physics.isaacsimready.scripts.variant_switcher] VariantSwitcher: Variant 'physx' not found in variant set 'Physics' on prim '/World/envs/env_9/Robot/FinalURDF_SLDASM'. Available variants: ['None', 'PhysX']
2026-06-18T17:19:57Z [15,832ms] [Warning] [omni.physics.isaacsimready.scripts.variant_switcher] VariantSwitcher: Variant 'physx' not found in variant set 'Physics' on prim '/World/envs/env_78/Robot/FinalURDF_SLDASM'. Available variants: ['None', 'PhysX']
2026-06-18T17:19:57Z [15,832ms] [Warning] [omni.physics.isaacsimready.scripts.variant_switcher] VariantSwitcher: Variant 'physx' not found in variant set 'Physics' on prim '/World/envs/env_82/Robot/FinalURDF_SLDASM'. Available variants: ['None', 'PhysX']
2026-06-18T17:19:57Z [15,832ms] [Warning] [omni.physics.isaacsimready.scripts.variant_switcher] VariantSwitcher: Variant 'physx' not found in variant set 'Physics' on prim '/World/envs/env_107/Robot/FinalURDF_SLDASM'. Available variants: ['None', 'PhysX']
2026-06-18T17:19:57Z [15,832ms] [Warning] [omni.physics.isaacsimready.scripts.variant_switcher] VariantSwitcher: Variant 'physx' not found in variant set 'Physics' on prim '/World/envs/env_118/Robot/FinalURDF_SLDASM'. Available variants: ['None', 'PhysX']
2026-06-18T17:19:57Z [15,832ms] [Warning] [omni.physics.isaacsimready.scripts.variant_switcher] VariantSwitcher: Variant 'physx' not found in variant set 'Physics' on prim '/World/envs/env_43/Robot/FinalURDF_SLDASM'. Available variants: ['None', 'PhysX']
2026-06-18T17:19:57Z [15,832ms] [Warning] [omni.physics.isaacsimready.scripts.variant_switcher] VariantSwitcher: Variant 'physx' not found in variant set 'Physics' on prim '/World/envs/env_67/Robot/FinalURDF_SLDASM'. Available variants: ['None', 'PhysX']
2026-06-18T17:19:57Z [15,832ms] [Warning] [omni.physics.isaacsimready.scripts.variant_switcher] VariantSwitcher: Variant 'physx' not found in variant set 'Physics' on prim '/World/envs/env_117/Robot/FinalURDF_SLDASM'. Available variants: ['None', 'PhysX']
2026-06-18T17:19:57Z [15,832ms] [Warning] [omni.physics.isaacsimready.scripts.variant_switcher] VariantSwitcher: Variant 'physx' not found in variant set 'Physics' on prim '/World/envs/env_15/Robot/FinalURDF_SLDASM'. Available variants: ['None', 'PhysX']
2026-06-18T17:19:57Z [15,832ms] [Warning] [omni.physics.isaacsimready.scripts.variant_switcher] VariantSwitcher: Variant 'physx' not found in variant set 'Physics' on prim '/World/envs/env_96/Robot/FinalURDF_SLDASM'. Available variants: ['None', 'PhysX']
2026-06-18T17:19:57Z [15,833ms] [Warning] [omni.physics.isaacsimready.scripts.variant_switcher] VariantSwitcher: Variant 'physx' not found in variant set 'Physics' on prim '/World/envs/env_58/Robot/FinalURDF_SLDASM'. Available variants: ['None', 'PhysX']
2026-06-18T17:19:57Z [15,833ms] [Warning] [omni.physics.isaacsimready.scripts.variant_switcher] VariantSwitcher: Variant 'physx' not found in variant set 'Physics' on prim '/World/envs/env_28/Robot/FinalURDF_SLDASM'. Available variants: ['None', 'PhysX']
2026-06-18T17:19:57Z [15,833ms] [Warning] [omni.physics.isaacsimready.scripts.variant_switcher] VariantSwitcher: Variant 'physx' not found in variant set 'Physics' on prim '/World/envs/env_101/Robot/FinalURDF_SLDASM'. Available variants: ['None', 'PhysX']
2026-06-18T17:19:57Z [15,833ms] [Warning] [omni.physics.isaacsimready.scripts.variant_switcher] VariantSwitcher: Variant 'physx' not found in variant set 'Physics' on prim '/World/envs/env_33/Robot/FinalURDF_SLDASM'. Available variants: ['None', 'PhysX']
2026-06-18T17:19:57Z [15,833ms] [Warning] [omni.physics.isaacsimready.scripts.variant_switcher] VariantSwitcher: Variant 'physx' not found in variant set 'Physics' on prim '/World/envs/env_110/Robot/FinalURDF_SLDASM'. Available variants: ['None', 'PhysX']
2026-06-18T17:19:57Z [15,833ms] [Warning] [omni.physics.isaacsimready.scripts.variant_switcher] VariantSwitcher: Variant 'physx' not found in variant set 'Physics' on prim '/World/envs/env_111/Robot/FinalURDF_SLDASM'. Available variants: ['None', 'PhysX']
2026-06-18T17:19:57Z [15,833ms] [Warning] [omni.physics.isaacsimready.scripts.variant_switcher] VariantSwitcher: Variant 'physx' not found in variant set 'Physics' on prim '/World/envs/env_26/Robot/FinalURDF_SLDASM'. Available variants: ['None', 'PhysX']
2026-06-18T17:19:57Z [15,833ms] [Warning] [omni.physics.isaacsimready.scripts.variant_switcher] VariantSwitcher: Variant 'physx' not found in variant set 'Physics' on prim '/World/envs/env_113/Robot/FinalURDF_SLDASM'. Available variants: ['None', 'PhysX']
2026-06-18T17:19:57Z [15,833ms] [Warning] [omni.physics.isaacsimready.scripts.variant_switcher] VariantSwitcher: Variant 'physx' not found in variant set 'Physics' on prim '/World/envs/env_3/Robot/FinalURDF_SLDASM'. Available variants: ['None', 'PhysX']
2026-06-18T17:19:57Z [15,833ms] [Warning] [omni.physics.isaacsimready.scripts.variant_switcher] VariantSwitcher: Variant 'physx' not found in variant set 'Physics' on prim '/World/envs/env_114/Robot/FinalURDF_SLDASM'. Available variants: ['None', 'PhysX']
2026-06-18T17:19:57Z [15,833ms] [Warning] [omni.physics.isaacsimready.scripts.variant_switcher] VariantSwitcher: Variant 'physx' not found in variant set 'Physics' on prim '/World/envs/env_24/Robot/FinalURDF_SLDASM'. Available variants: ['None', 'PhysX']
2026-06-18T17:19:57Z [15,834ms] [Warning] [omni.physics.isaacsimready.scripts.variant_switcher] VariantSwitcher: Variant 'physx' not found in variant set 'Physics' on prim '/World/envs/env_112/Robot/FinalURDF_SLDASM'. Available variants: ['None', 'PhysX']
2026-06-18T17:19:57Z [15,834ms] [Warning] [omni.physics.isaacsimready.scripts.variant_switcher] VariantSwitcher: Variant 'physx' not found in variant set 'Physics' on prim '/World/envs/env_90/Robot/FinalURDF_SLDASM'. Available variants: ['None', 'PhysX']
2026-06-18T17:19:57Z [15,834ms] [Warning] [omni.physics.isaacsimready.scripts.variant_switcher] VariantSwitcher: Variant 'physx' not found in variant set 'Physics' on prim '/World/envs/env_85/Robot/FinalURDF_SLDASM'. Available variants: ['None', 'PhysX']
2026-06-18T17:19:57Z [15,834ms] [Warning] [omni.physics.isaacsimready.scripts.variant_switcher] VariantSwitcher: Variant 'physx' not found in variant set 'Physics' on prim '/World/envs/env_97/Robot/FinalURDF_SLDASM'. Available variants: ['None', 'PhysX']
2026-06-18T17:19:57Z [15,834ms] [Warning] [omni.physics.isaacsimready.scripts.variant_switcher] VariantSwitcher: Variant 'physx' not found in variant set 'Physics' on prim '/World/envs/env_102/Robot/FinalURDF_SLDASM'. Available variants: ['None', 'PhysX']
2026-06-18T17:19:57Z [15,834ms] [Warning] [omni.physics.isaacsimready.scripts.variant_switcher] VariantSwitcher: Variant 'physx' not found in variant set 'Physics' on prim '/World/envs/env_77/Robot/FinalURDF_SLDASM'. Available variants: ['None', 'PhysX']
2026-06-18T17:19:57Z [15,834ms] [Warning] [omni.physics.isaacsimready.scripts.variant_switcher] VariantSwitcher: Variant 'physx' not found in variant set 'Physics' on prim '/World/envs/env_11/Robot/FinalURDF_SLDASM'. Available variants: ['None', 'PhysX']
2026-06-18T17:19:57Z [15,834ms] [Warning] [omni.physics.isaacsimready.scripts.variant_switcher] VariantSwitcher: Variant 'physx' not found in variant set 'Physics' on prim '/World/envs/env_56/Robot/FinalURDF_SLDASM'. Available variants: ['None', 'PhysX']
2026-06-18T17:19:57Z [15,834ms] [Warning] [omni.physics.isaacsimready.scripts.variant_switcher] VariantSwitcher: Variant 'physx' not found in variant set 'Physics' on prim '/World/envs/env_14/Robot/FinalURDF_SLDASM'. Available variants: ['None', 'PhysX']
2026-06-18T17:19:57Z [15,834ms] [Warning] [omni.physics.isaacsimready.scripts.variant_switcher] VariantSwitcher: Variant 'physx' not found in variant set 'Physics' on prim '/World/envs/env_79/Robot/FinalURDF_SLDASM'. Available variants: ['None', 'PhysX']
2026-06-18T17:19:57Z [15,834ms] [Warning] [omni.physics.isaacsimready.scripts.variant_switcher] VariantSwitcher: Variant 'physx' not found in variant set 'Physics' on prim '/World/envs/env_121/Robot/FinalURDF_SLDASM'. Available variants: ['None', 'PhysX']
2026-06-18T17:19:57Z [15,834ms] [Warning] [omni.physics.isaacsimready.scripts.variant_switcher] VariantSwitcher: Variant 'physx' not found in variant set 'Physics' on prim '/World/envs/env_81/Robot/FinalURDF_SLDASM'. Available variants: ['None', 'PhysX']
2026-06-18T17:19:57Z [15,834ms] [Warning] [omni.physics.isaacsimready.scripts.variant_switcher] VariantSwitcher: Variant 'physx' not found in variant set 'Physics' on prim '/World/envs/env_45/Robot/FinalURDF_SLDASM'. Available variants: ['None', 'PhysX']
2026-06-18T17:19:57Z [15,834ms] [Warning] [omni.physics.isaacsimready.scripts.variant_switcher] VariantSwitcher: Variant 'physx' not found in variant set 'Physics' on prim '/World/envs/env_37/Robot/FinalURDF_SLDASM'. Available variants: ['None', 'PhysX']
2026-06-18T17:19:57Z [15,834ms] [Warning] [omni.physics.isaacsimready.scripts.variant_switcher] VariantSwitcher: Variant 'physx' not found in variant set 'Physics' on prim '/World/envs/env_88/Robot/FinalURDF_SLDASM'. Available variants: ['None', 'PhysX']
2026-06-18T17:19:57Z [15,835ms] [Warning] [omni.physics.isaacsimready.scripts.variant_switcher] VariantSwitcher: Variant 'physx' not found in variant set 'Physics' on prim '/World/envs/env_1/Robot/FinalURDF_SLDASM'. Available variants: ['None', 'PhysX']
2026-06-18T17:19:57Z [15,835ms] [Warning] [omni.physics.isaacsimready.scripts.variant_switcher] VariantSwitcher: Variant 'physx' not found in variant set 'Physics' on prim '/World/envs/env_94/Robot/FinalURDF_SLDASM'. Available variants: ['None', 'PhysX']
2026-06-18T17:19:57Z [15,835ms] [Warning] [omni.physics.isaacsimready.scripts.variant_switcher] VariantSwitcher: Variant 'physx' not found in variant set 'Physics' on prim '/World/envs/env_98/Robot/FinalURDF_SLDASM'. Available variants: ['None', 'PhysX']
2026-06-18T17:19:57Z [15,835ms] [Warning] [omni.physics.isaacsimready.scripts.variant_switcher] VariantSwitcher: Variant 'physx' not found in variant set 'Physics' on prim '/World/envs/env_91/Robot/FinalURDF_SLDASM'. Available variants: ['None', 'PhysX']
2026-06-18T17:19:57Z [15,835ms] [Warning] [omni.physics.isaacsimready.scripts.variant_switcher] VariantSwitcher: Variant 'physx' not found in variant set 'Physics' on prim '/World/envs/env_29/Robot/FinalURDF_SLDASM'. Available variants: ['None', 'PhysX']
2026-06-18T17:19:57Z [15,835ms] [Warning] [omni.physics.isaacsimready.scripts.variant_switcher] VariantSwitcher: Variant 'physx' not found in variant set 'Physics' on prim '/World/envs/env_54/Robot/FinalURDF_SLDASM'. Available variants: ['None', 'PhysX']
2026-06-18T17:19:57Z [15,835ms] [Warning] [omni.physics.isaacsimready.scripts.variant_switcher] VariantSwitcher: Variant 'physx' not found in variant set 'Physics' on prim '/World/envs/env_41/Robot/FinalURDF_SLDASM'. Available variants: ['None', 'PhysX']
2026-06-18T17:19:57Z [15,835ms] [Warning] [omni.physics.isaacsimready.scripts.variant_switcher] VariantSwitcher: Variant 'physx' not found in variant set 'Physics' on prim '/World/envs/env_6/Robot/FinalURDF_SLDASM'. Available variants: ['None', 'PhysX']
2026-06-18T17:19:57Z [15,835ms] [Warning] [omni.physics.isaacsimready.scripts.variant_switcher] VariantSwitcher: Variant 'physx' not found in variant set 'Physics' on prim '/World/envs/env_0/Robot/FinalURDF_SLDASM'. Available variants: ['None', 'PhysX']
2026-06-18T17:19:57Z [15,835ms] [Warning] [omni.physics.isaacsimready.scripts.variant_switcher] VariantSwitcher: Variant 'physx' not found in variant set 'Physics' on prim '/World/envs/env_104/Robot/FinalURDF_SLDASM'. Available variants: ['None', 'PhysX']
2026-06-18T17:19:57Z [15,835ms] [Warning] [omni.physics.isaacsimready.scripts.variant_switcher] VariantSwitcher: Variant 'physx' not found in variant set 'Physics' on prim '/World/envs/env_74/Robot/FinalURDF_SLDASM'. Available variants: ['None', 'PhysX']
2026-06-18T17:19:57Z [15,835ms] [Warning] [omni.physics.isaacsimready.scripts.variant_switcher] VariantSwitcher: Variant 'physx' not found in variant set 'Physics' on prim '/World/envs/env_21/Robot/FinalURDF_SLDASM'. Available variants: ['None', 'PhysX']
2026-06-18T17:19:57Z [15,835ms] [Warning] [omni.physics.isaacsimready.scripts.variant_switcher] VariantSwitcher: Variant 'physx' not found in variant set 'Physics' on prim '/World/envs/env_16/Robot/FinalURDF_SLDASM'. Available variants: ['None', 'PhysX']
2026-06-18T17:19:57Z [15,835ms] [Warning] [omni.physics.isaacsimready.scripts.variant_switcher] VariantSwitcher: Variant 'physx' not found in variant set 'Physics' on prim '/World/envs/env_27/Robot/FinalURDF_SLDASM'. Available variants: ['None', 'PhysX']
2026-06-18T17:19:57Z [15,835ms] [Warning] [omni.physics.isaacsimready.scripts.variant_switcher] VariantSwitcher: Variant 'physx' not found in variant set 'Physics' on prim '/World/envs/env_13/Robot/FinalURDF_SLDASM'. Available variants: ['None', 'PhysX']
2026-06-18T17:19:57Z [15,836ms] [Warning] [omni.physics.isaacsimready.scripts.variant_switcher] VariantSwitcher: Variant 'physx' not found in variant set 'Physics' on prim '/World/envs/env_60/Robot/FinalURDF_SLDASM'. Available variants: ['None', 'PhysX']
2026-06-18T17:19:57Z [15,836ms] [Warning] [omni.physics.isaacsimready.scripts.variant_switcher] VariantSwitcher: Variant 'physx' not found in variant set 'Physics' on prim '/World/envs/env_105/Robot/FinalURDF_SLDASM'. Available variants: ['None', 'PhysX']
2026-06-18T17:19:57Z [15,836ms] [Warning] [omni.physics.isaacsimready.scripts.variant_switcher] VariantSwitcher: Variant 'physx' not found in variant set 'Physics' on prim '/World/envs/env_99/Robot/FinalURDF_SLDASM'. Available variants: ['None', 'PhysX']
2026-06-18T17:19:57Z [15,836ms] [Warning] [omni.physics.isaacsimready.scripts.variant_switcher] VariantSwitcher: Variant 'physx' not found in variant set 'Physics' on prim '/World/envs/env_47/Robot/FinalURDF_SLDASM'. Available variants: ['None', 'PhysX']
2026-06-18T17:19:57Z [15,836ms] [Warning] [omni.physics.isaacsimready.scripts.variant_switcher] VariantSwitcher: Variant 'physx' not found in variant set 'Physics' on prim '/World/envs/env_42/Robot/FinalURDF_SLDASM'. Available variants: ['None', 'PhysX']
2026-06-18T17:19:57Z [15,836ms] [Warning] [omni.physics.isaacsimready.scripts.variant_switcher] VariantSwitcher: Variant 'physx' not found in variant set 'Physics' on prim '/World/envs/env_50/Robot/FinalURDF_SLDASM'. Available variants: ['None', 'PhysX']
2026-06-18T17:19:57Z [15,836ms] [Warning] [omni.physics.isaacsimready.scripts.variant_switcher] VariantSwitcher: Variant 'physx' not found in variant set 'Physics' on prim '/World/envs/env_84/Robot/FinalURDF_SLDASM'. Available variants: ['None', 'PhysX']
2026-06-18T17:19:57Z [15,836ms] [Warning] [omni.physics.isaacsimready.scripts.variant_switcher] VariantSwitcher: Variant 'physx' not found in variant set 'Physics' on prim '/World/envs/env_89/Robot/FinalURDF_SLDASM'. Available variants: ['None', 'PhysX']
2026-06-18T17:19:57Z [15,836ms] [Warning] [omni.physics.isaacsimready.scripts.variant_switcher] VariantSwitcher: Variant 'physx' not found in variant set 'Physics' on prim '/World/envs/env_123/Robot/FinalURDF_SLDASM'. Available variants: ['None', 'PhysX']
2026-06-18T17:19:57Z [15,836ms] [Warning] [omni.physics.isaacsimready.scripts.variant_switcher] VariantSwitcher: Variant 'physx' not found in variant set 'Physics' on prim '/World/envs/env_119/Robot/FinalURDF_SLDASM'. Available variants: ['None', 'PhysX']
2026-06-18T17:19:57Z [15,836ms] [Warning] [omni.physics.isaacsimready.scripts.variant_switcher] VariantSwitcher: Variant 'physx' not found in variant set 'Physics' on prim '/World/envs/env_126/Robot/FinalURDF_SLDASM'. Available variants: ['None', 'PhysX']
2026-06-18T17:19:57Z [15,836ms] [Warning] [omni.physics.isaacsimready.scripts.variant_switcher] VariantSwitcher: Variant 'physx' not found in variant set 'Physics' on prim '/World/envs/env_92/Robot/FinalURDF_SLDASM'. Available variants: ['None', 'PhysX']
2026-06-18T17:19:57Z [15,836ms] [Warning] [omni.physics.isaacsimready.scripts.variant_switcher] VariantSwitcher: Variant 'physx' not found in variant set 'Physics' on prim '/World/envs/env_80/Robot/FinalURDF_SLDASM'. Available variants: ['None', 'PhysX']
2026-06-18T17:19:57Z [15,836ms] [Warning] [omni.physics.isaacsimready.scripts.variant_switcher] VariantSwitcher: Variant 'physx' not found in variant set 'Physics' on prim '/World/envs/env_30/Robot/FinalURDF_SLDASM'. Available variants: ['None', 'PhysX']
2026-06-18T17:19:57Z [15,836ms] [Warning] [omni.physics.isaacsimready.scripts.variant_switcher] VariantSwitcher: Variant 'physx' not found in variant set 'Physics' on prim '/World/envs/env_100/Robot/FinalURDF_SLDASM'. Available variants: ['None', 'PhysX']
2026-06-18T17:19:57Z [15,837ms] [Warning] [omni.physics.isaacsimready.scripts.variant_switcher] VariantSwitcher: Variant 'physx' not found in variant set 'Physics' on prim '/World/envs/env_4/Robot/FinalURDF_SLDASM'. Available variants: ['None', 'PhysX']
2026-06-18T17:19:57Z [15,837ms] [Warning] [omni.physics.isaacsimready.scripts.variant_switcher] VariantSwitcher: Variant 'physx' not found in variant set 'Physics' on prim '/World/envs/env_73/Robot/FinalURDF_SLDASM'. Available variants: ['None', 'PhysX']
2026-06-18T17:19:57Z [15,837ms] [Warning] [omni.physics.isaacsimready.scripts.variant_switcher] VariantSwitcher: Variant 'physx' not found in variant set 'Physics' on prim '/World/envs/env_12/Robot/FinalURDF_SLDASM'. Available variants: ['None', 'PhysX']
2026-06-18T17:19:57Z [15,837ms] [Warning] [omni.physics.isaacsimready.scripts.variant_switcher] VariantSwitcher: Variant 'physx' not found in variant set 'Physics' on prim '/World/envs/env_108/Robot/FinalURDF_SLDASM'. Available variants: ['None', 'PhysX']
2026-06-18T17:19:57Z [15,837ms] [Warning] [omni.physics.isaacsimready.scripts.variant_switcher] VariantSwitcher: Variant 'physx' not found in variant set 'Physics' on prim '/World/envs/env_20/Robot/FinalURDF_SLDASM'. Available variants: ['None', 'PhysX']
2026-06-18T17:19:57Z [15,837ms] [Warning] [omni.physics.isaacsimready.scripts.variant_switcher] VariantSwitcher: Variant 'physx' not found in variant set 'Physics' on prim '/World/envs/env_39/Robot/FinalURDF_SLDASM'. Available variants: ['None', 'PhysX']
2026-06-18T17:19:57Z [15,837ms] [Warning] [omni.physics.isaacsimready.scripts.variant_switcher] VariantSwitcher: Variant 'physx' not found in variant set 'Physics' on prim '/World/envs/env_109/Robot/FinalURDF_SLDASM'. Available variants: ['None', 'PhysX']
2026-06-18T17:19:57Z [15,837ms] [Warning] [omni.physics.isaacsimready.scripts.variant_switcher] VariantSwitcher: Variant 'physx' not found in variant set 'Physics' on prim '/World/envs/env_63/Robot/FinalURDF_SLDASM'. Available variants: ['None', 'PhysX']
2026-06-18T17:19:57Z [15,837ms] [Warning] [omni.physics.isaacsimready.scripts.variant_switcher] VariantSwitcher: Variant 'physx' not found in variant set 'Physics' on prim '/World/envs/env_87/Robot/FinalURDF_SLDASM'. Available variants: ['None', 'PhysX']
2026-06-18T17:19:57Z [15,837ms] [Warning] [omni.physics.isaacsimready.scripts.variant_switcher] VariantSwitcher: Variant 'physx' not found in variant set 'Physics' on prim '/World/envs/env_70/Robot/FinalURDF_SLDASM'. Available variants: ['None', 'PhysX']
2026-06-18T17:19:57Z [15,837ms] [Warning] [omni.physics.isaacsimready.scripts.variant_switcher] VariantSwitcher: Variant 'physx' not found in variant set 'Physics' on prim '/World/envs/env_116/Robot/FinalURDF_SLDASM'. Available variants: ['None', 'PhysX']
2026-06-18T17:19:57Z [15,837ms] [Warning] [omni.physics.isaacsimready.scripts.variant_switcher] VariantSwitcher: Variant 'physx' not found in variant set 'Physics' on prim '/World/envs/env_122/Robot/FinalURDF_SLDASM'. Available variants: ['None', 'PhysX']
2026-06-18T17:19:57Z [15,837ms] [Warning] [omni.physics.isaacsimready.scripts.variant_switcher] VariantSwitcher: Variant 'physx' not found in variant set 'Physics' on prim '/World/envs/env_8/Robot/FinalURDF_SLDASM'. Available variants: ['None', 'PhysX']
2026-06-18T17:19:57Z [15,837ms] [Warning] [omni.physics.isaacsimready.scripts.variant_switcher] VariantSwitcher: Variant 'physx' not found in variant set 'Physics' on prim '/World/envs/env_115/Robot/FinalURDF_SLDASM'. Available variants: ['None', 'PhysX']
2026-06-18T17:19:57Z [15,837ms] [Warning] [omni.physics.isaacsimready.scripts.variant_switcher] VariantSwitcher: Variant 'physx' not found in variant set 'Physics' on prim '/World/envs/env_36/Robot/FinalURDF_SLDASM'. Available variants: ['None', 'PhysX']
2026-06-18T17:19:57Z [15,838ms] [Warning] [omni.physics.isaacsimready.scripts.variant_switcher] VariantSwitcher: Variant 'physx' not found in variant set 'Physics' on prim '/World/envs/env_22/Robot/FinalURDF_SLDASM'. Available variants: ['None', 'PhysX']
2026-06-18T17:19:57Z [15,838ms] [Warning] [omni.physics.isaacsimready.scripts.variant_switcher] VariantSwitcher: Variant 'physx' not found in variant set 'Physics' on prim '/World/envs/env_93/Robot/FinalURDF_SLDASM'. Available variants: ['None', 'PhysX']
2026-06-18T17:19:57Z [15,838ms] [Warning] [omni.physics.isaacsimready.scripts.variant_switcher] VariantSwitcher: Variant 'physx' not found in variant set 'Physics' on prim '/World/envs/env_57/Robot/FinalURDF_SLDASM'. Available variants: ['None', 'PhysX']
2026-06-18T17:19:57Z [15,838ms] [Warning] [omni.physics.isaacsimready.scripts.variant_switcher] VariantSwitcher: Variant 'physx' not found in variant set 'Physics' on prim '/World/envs/env_75/Robot/FinalURDF_SLDASM'. Available variants: ['None', 'PhysX']
2026-06-18T17:19:57Z [15,838ms] [Warning] [omni.physics.isaacsimready.scripts.variant_switcher] VariantSwitcher: Variant 'physx' not found in variant set 'Physics' on prim '/World/envs/env_44/Robot/FinalURDF_SLDASM'. Available variants: ['None', 'PhysX']
2026-06-18T17:19:57Z [15,838ms] [Warning] [omni.physics.isaacsimready.scripts.variant_switcher] VariantSwitcher: Variant 'physx' not found in variant set 'Physics' on prim '/World/envs/env_125/Robot/FinalURDF_SLDASM'. Available variants: ['None', 'PhysX']
2026-06-18T17:19:57Z [15,838ms] [Warning] [omni.physics.isaacsimready.scripts.variant_switcher] VariantSwitcher: Variant 'physx' not found in variant set 'Physics' on prim '/World/envs/env_17/Robot/FinalURDF_SLDASM'. Available variants: ['None', 'PhysX']
2026-06-18T17:19:57Z [15,838ms] [Warning] [omni.physics.isaacsimready.scripts.variant_switcher] VariantSwitcher: Variant 'physx' not found in variant set 'Physics' on prim '/World/envs/env_40/Robot/FinalURDF_SLDASM'. Available variants: ['None', 'PhysX']
2026-06-18T17:19:57Z [15,838ms] [Warning] [omni.physics.isaacsimready.scripts.variant_switcher] VariantSwitcher: Variant 'physx' not found in variant set 'Physics' on prim '/World/envs/env_2/Robot/FinalURDF_SLDASM'. Available variants: ['None', 'PhysX']
2026-06-18T17:19:57Z [15,838ms] [Warning] [omni.physics.isaacsimready.scripts.variant_switcher] VariantSwitcher: Variant 'physx' not found in variant set 'Physics' on prim '/World/envs/env_62/Robot/FinalURDF_SLDASM'. Available variants: ['None', 'PhysX']
2026-06-18T17:19:57Z [15,838ms] [Warning] [omni.physics.isaacsimready.scripts.variant_switcher] VariantSwitcher: Variant 'physx' not found in variant set 'Physics' on prim '/World/envs/env_66/Robot/FinalURDF_SLDASM'. Available variants: ['None', 'PhysX']
2026-06-18T17:19:57Z [15,838ms] [Warning] [omni.physics.isaacsimready.scripts.variant_switcher] VariantSwitcher: Variant 'physx' not found in variant set 'Physics' on prim '/World/envs/env_83/Robot/FinalURDF_SLDASM'. Available variants: ['None', 'PhysX']
/workspace/isaaclab/_isaac_sim/kit/python/lib/python3.12/site-packages/gymnasium/wrappers/rendering.py:293: UserWarning: [33mWARN: Overwriting existing videos at /workspace/Ankybot_v2/logs/rsl_rl/imu_sensor/baseline/videos/play/model_500 folder (try specifying a different `video_folder` for the `RecordVideo` wrapper if this is not desired)[0m
  logger.warn(
/workspace/isaaclab/_isaac_sim/kit/python/lib/python3.12/site-packages/rsl_rl/utils/utils.py:220: UserWarning: The observation configuration dictionary 'obs_groups' is empty and thus likely not configured. Consider configuring the 'obs_groups' dictionary explicitly
  warnings.warn(
/workspace/isaaclab/_isaac_sim/kit/python/lib/python3.12/site-packages/rsl_rl/utils/utils.py:251: UserWarning: The observation configuration dictionary 'obs_groups' does not contain the 'actor' key. As an observation group with the name 'policy' was found, this is assumed to be the appropriate observation. Consider adding the 'actor' key to the 'obs_groups' dictionary for clarity. This behavior will be removed in a future version.
  warnings.warn(
/workspace/isaaclab/_isaac_sim/kit/python/lib/python3.12/site-packages/rsl_rl/utils/utils.py:251: UserWarning: The observation configuration dictionary 'obs_groups' does not contain the 'critic' key. As an observation group with the name 'policy' was found, this is assumed to be the appropriate observation. Consider adding the 'critic' key to the 'obs_groups' dictionary for clarity. This behavior will be removed in a future version.
  warnings.warn(
/workspace/isaaclab/_isaac_sim/kit/python/lib/python3.12/copyreg.py:99: FutureWarning: `isinstance(treespec, LeafSpec)` is deprecated, use `isinstance(treespec, TreeSpec) and treespec.is_leaf()` instead.
  return cls.__new__(cls, *args)
2026-06-18T17:19:57Z [15,838ms] [Warning] [omni.physics.isaacsimready.scripts.variant_switcher] VariantSwitcher: Variant 'physx' not found in variant set 'Physics' on prim '/World/envs/env_31/Robot/FinalURDF_SLDASM'. Available variants: ['None', 'PhysX']
2026-06-18T17:19:57Z [15,838ms] [Warning] [omni.physics.isaacsimready.scripts.variant_switcher] VariantSwitcher: Variant 'physx' not found in variant set 'Physics' on prim '/World/envs/env_7/Robot/FinalURDF_SLDASM'. Available variants: ['None', 'PhysX']
2026-06-18T17:19:57Z [15,839ms] [Warning] [omni.physics.isaacsimready.scripts.variant_switcher] VariantSwitcher: Variant 'physx' not found in variant set 'Physics' on prim '/World/envs/env_72/Robot/FinalURDF_SLDASM'. Available variants: ['None', 'PhysX']
2026-06-18T17:19:57Z [15,839ms] [Warning] [omni.physics.isaacsimready.scripts.variant_switcher] VariantSwitcher: Variant 'physx' not found in variant set 'Physics' on prim '/World/envs/env_69/Robot/FinalURDF_SLDASM'. Available variants: ['None', 'PhysX']
2026-06-18T17:19:57Z [15,839ms] [Warning] [omni.physics.isaacsimready.scripts.variant_switcher] VariantSwitcher: Variant 'physx' not found in variant set 'Physics' on prim '/World/envs/env_55/Robot/FinalURDF_SLDASM'. Available variants: ['None', 'PhysX']
2026-06-18T17:19:57Z [15,839ms] [Warning] [omni.physics.isaacsimready.scripts.variant_switcher] VariantSwitcher: Variant 'physx' not found in variant set 'Physics' on prim '/World/envs/env_103/Robot/FinalURDF_SLDASM'. Available variants: ['None', 'PhysX']
2026-06-18T17:19:57Z [15,839ms] [Warning] [omni.physics.isaacsimready.scripts.variant_switcher] VariantSwitcher: Variant 'physx' not found in variant set 'Physics' on prim '/World/envs/env_34/Robot/FinalURDF_SLDASM'. Available variants: ['None', 'PhysX']
2026-06-18T17:19:57Z [15,839ms] [Warning] [omni.physics.isaacsimready.scripts.variant_switcher] VariantSwitcher: Variant 'physx' not found in variant set 'Physics' on prim '/World/envs/env_19/Robot/FinalURDF_SLDASM'. Available variants: ['None', 'PhysX']
2026-06-18T17:19:57Z [15,839ms] [Warning] [omni.physics.isaacsimready.scripts.variant_switcher] VariantSwitcher: Variant 'physx' not found in variant set 'Physics' on prim '/World/envs/env_61/Robot/FinalURDF_SLDASM'. Available variants: ['None', 'PhysX']
2026-06-18T17:19:57Z [15,839ms] [Warning] [omni.physics.isaacsimready.scripts.variant_switcher] VariantSwitcher: Variant 'physx' not found in variant set 'Physics' on prim '/World/envs/env_124/Robot/FinalURDF_SLDASM'. Available variants: ['None', 'PhysX']
2026-06-18T17:19:57Z [15,839ms] [Warning] [omni.physics.isaacsimready.scripts.variant_switcher] VariantSwitcher: Variant 'physx' not found in variant set 'Physics' on prim '/World/envs/env_127/Robot/FinalURDF_SLDASM'. Available variants: ['None', 'PhysX']
2026-06-18T17:19:57Z [15,839ms] [Warning] [omni.physics.isaacsimready.scripts.variant_switcher] VariantSwitcher: Variant 'physx' not found in variant set 'Physics' on prim '/World/envs/env_46/Robot/FinalURDF_SLDASM'. Available variants: ['None', 'PhysX']
2026-06-18T17:19:57Z [15,839ms] [Warning] [omni.physics.isaacsimready.scripts.variant_switcher] VariantSwitcher: Variant 'physx' not found in variant set 'Physics' on prim '/World/envs/env_65/Robot/FinalURDF_SLDASM'. Available variants: ['None', 'PhysX']
2026-06-18T17:19:57Z [15,839ms] [Warning] [omni.physics.isaacsimready.scripts.variant_switcher] VariantSwitcher: Variant 'physx' not found in variant set 'Physics' on prim '/World/envs/env_10/Robot/FinalURDF_SLDASM'. Available variants: ['None', 'PhysX']
2026-06-18T17:20:04Z [23,141ms] [Warning] [omni.syntheticdata.plugin] OgnSdPostRenderVarToHost : rendervar copy from texture directly to host buffer is counter-performant. Please use copy from texture to device buffer first.
[INFO] Using Python: "/workspace/isaaclab/_isaac_sim/python.sh"
=== Thu Jun 18 17:31:35 UTC 2026 | DONE  model_500.pt ===
=== Thu Jun 18 17:31:35 UTC 2026 | ALL RECORDINGS COMPLETE ===
